:020000040800F2
:1000000080ED0024D9510008BFC90208C55100087D
:10001000C5510008C5510008C55100080000000086
:100020000000000000000000000000009D520008D9
:10003000C55100080000000039520008812B01085A
:1000400061540008615400086154000861540008BC
:1000500061540008615400086154000861540008AC
:10006000615400086154000861540008615400089C
:10007000615400086154000861540008615400088C
:10008000615400086154000861540008615400087C
:10009000615400086154000861540008615400086C
:1000A000615400086154000861540008615400085C
:1000B000615400086154000861540008615400084C
:1000C000615400086154000861540008615400083C
:1000D000615400086154000861540008615400082C
:1000E000615400086154000861540008615400081C
:1000F000615400086154000861540008615400080C
:1001000061540008615400086154000861540008FB
:1001100061540008615400086154000861540008EB
:1001200061540008615400086154000861540008DB
:1001300061540008615400086154000861540008CB
:1001400061540008615400086154000861540008BB
:1001500061540008615400086154000861540008AB
:10016000615400086154000861540008615400089B
:10017000615400086154000861540008615400088B
:10018000615400086154000861540008615400087B
:10019000615400086154000861540008615400086B
:1001A000615400086154000861540008615400085B
:1001B000615400086154000861540008615400084B
:1001C000615400086154000861540008615400083B
:1001D000615400086154000861540008615400082B
:1001E000615400086154000861540008615400081B
:1001F000615400086154000861540008615400080B
:1002000061540008615400086154000861540008FA
:1002100061540008615400086154000861540008EA
:1002200061540008615400086154000861540008DA
:1002300061540008615400086154000861540008CA
:1002400061540008615400086154000861540008BA
:1002500061540008615400086154000861540008AA
:10026000615400086154000861540008615400089A
:10027000615400086154000861540008615400088A
:10028000615400086154000861540008615400087A
:080290006154000861540008EC
:1002A00001F0FF01102A2BDB10F0070F08D010F827
:1002B000013B013A8B422DD010F0070F42B3F6D12B
:1002C000F0B441EA012141EA014122F007047FF044
:1002D00000070023F0E80256083C85EA010586EA9B
:1002E000010685FA47F5A3FA87F586FA47F6A5FAD7
:1002F00087F68EB9EED1F0BC01F0FF0102F00702E3
:1003000032B110F8013B013A83EA010313B1F8D18D
:100310000020704701387047002D06BF354603386E
:10032000073815F0010F07D1013015F4807F02BFA7
:10033000013015F4C03F0130F0BC0138704700BFF8
:1003400081F0004102E000BF83F0004330B54FEA86
:1003500041044FEA430594EA050F08BF90EA020FF3
:100360001FBF54EA000C55EA020C7FEA645C7FEA86
:10037000655C00F0E2804FEA5454D4EB5555B8BFA9
:100380006D420CDD2C4480EA020281EA030382EA1A
:10039000000083EA010180EA020281EA0303362DAC
:1003A00088BF30BD11F0004F4FEA01314FF4801C7F
:1003B0004CEA113102D0404261EB410113F0004F91
:1003C0004FEA03334CEA133302D0524263EB430348
:1003D00094EA050F00F0A780A4F10104D5F1200EE6
:1003E0000DDB02FA0EFC22FA05F2801841F1000141
:1003F00003FA0EF2801843FA05F359410EE0A5F115
:1004000020050EF1200E012A03FA0EFC28BF4CF045
:10041000020C43FA05F3C01851EBE37101F00045FB
:1004200007D54FF0000EDCF1000C7EEB00006EEB08
:100430000101B1F5801F1BD3B1F5001F0CD3490892
:100440005FEA30004FEA3C0C04F101044FEA4452E9
:1004500012F5800F80F09A80BCF1004F08BF5FEA70
:10046000500C50F1000041EB045141EA050130BD50
:100470005FEA4C0C404141EB0101013C28BFB1F562
:10048000801FE9D291F0000F04BF01460020B1FAAD
:1004900081F308BF2033A3F10B03B3F120020CDA80
:1004A0000C3208DD02F1140CC2F10C0201FA0CF05E
:1004B00021FA02F10CE002F11402D8BFC2F1200CC3
:1004C00001FA02F120FA0CFCDCBF41EA0C01904079
:1004D000E41AA2BF01EB0451294330BD6FEA0404C2
:1004E0001F3C1CDA0C340EDC04F11404C4F12002AD
:1004F00020FA04F001FA02F340EA030021FA04F3BF
:1005000045EA030130BDC4F10C04C4F1200220FA15
:1005100002F001FA04F340EA0300294630BD21FA53
:1005200004F0294630BD94F0000F83F4801306BF19
:1005300081F480110134013D4EE77FEA645C18BF0D
:100540007FEA655C29D094EA050F08BF90EA020FA4
:1005500005D054EA000C04BF1946104630BD91EA9C
:10056000030F1EBF0021002030BD5FEA545C05D19F
:100570004000494128BF41F0004130BD14F58004DE
:100580003CBF01F5801130BD01F0004545F0FE4152
:1005900041F470014FF0000030BD7FEA645C1ABF87
:1005A000194610467FEA655C1CBF0B46024650EABE
:1005B000013406BF52EA033591EA030F41F40021EA
:1005C00030BD00BF90F0000F04BF0021704730B570
:1005D0004FF4806404F132044FF000054FF0000145
:1005E00050E700BF90F0000F04BF0021704730B506
:1005F0004FF4806404F1320410F0004548BF4042DB
:100600004FF000013EE700BF42004FEAE2014FEA2F
:1006100031014FEA02701FBF12F07F4393F07F4F0A
:1006200081F06051704732F07F4208BF704793F00D
:100630007F4F04BF41F40021704730B54FF4607420
:1006400001F0004521F000411CE700BF50EA010223
:1006500008BF704730B54FF000050AE050EA0102CC
:1006600008BF704730B511F0004502D5404261EB3C
:1006700041014FF4806404F132045FEA915C3FF47D
:10068000D8AE4FF003025FEADC0C18BF03325FEA1A
:10069000DC0C18BF033202EBDC02C2F1200300FACB
:1006A00003FC20FA02F001FA03FE40EA0E0021FAF0
:1006B00002F11444BDE600BF70B54FF0FF0C4CF4DE
:1006C000E06C1CEA11541DBF1CEA135594EA0C0F90
:1006D00095EA0C0F00F0DEF82C4481EA030621EACB
:1006E0004C5123EA4C5350EA013518BF52EA033506
:1006F00041F4801143F4801338D0A0FB02CE4FF0B8
:100700000005E1FB02E506F00042E0FB03E54FF0E7
:100710000006E1FB03569CF0000F18BF4EF0010EDF
:10072000A4F1FF04B6F5007F64F5407404D25FEADB
:100730004E0E6D4146EB060642EAC62141EA55518E
:100740004FEAC52040EA5E504FEACE2EB4F1FD0CD0
:1007500088BFBCF5E06F1ED8BEF1004F08BF5FEA4E
:10076000500E50F1000041EB045170BD06F0004600
:1007700046EA010140EA020081EA0301B4EB5C04AD
:10078000C2BFD4EB0C0541EA045170BD41F48011A5
:100790004FF0000E013C00F3AB8014F1360FDEBFCA
:1007A000002001F0004170BDC4F10004203C35DAA6
:1007B0000C341BDC04F11404C4F1200500FA05F329
:1007C00020FA04F001FA05F240EA020001F00042CA
:1007D00021F0004110EBD37021FA04F642EB060140
:1007E0005EEA430E08BF20EAD37070BDC4F10C046A
:1007F000C4F1200500FA04F320FA05F001FA04F22E
:1008000040EA020001F0004110EBD37041F1000119
:100810005EEA430E08BF20EAD37070BDC4F1200524
:1008200000FA05F24EEA020E20FA04F301FA05F28C
:1008300043EA020321FA04F001F0004121FA04F234
:1008400020EA020000EBD3705EEA430E08BF20EA04
:10085000D37070BD94F0000F0FD101F0004640003E
:1008600041EB010111F4801F08BF013CF7D041EAC0
:10087000060195F0000F18BF704703F000465200C4
:1008800043EB030313F4801F08BF013DF7D043EA95
:100890000603704794EA0C0F0CEA135518BF95EA4B
:1008A0000C0F0CD050EA410618BF52EA4306D1D1D2
:1008B00081EA030101F000414FF0000070BD50EAF1
:1008C000410606BF1046194652EA430619D094EA7B
:1008D0000C0F02D150EA013613D195EA0C0F05D165
:1008E00052EA03361CBF104619460AD181EA0301B9
:1008F00001F0004141F0FE4141F470014FF0000071
:1009000070BD41F0FE4141F4780170BD70B54FF00B
:10091000FF0C4CF4E06C1CEA11541DBF1CEA13558B
:1009200094EA0C0F95EA0C0F00F0A7F8A4EB05046D
:1009300081EA030E52EA03354FEA013100F0888064
:100940004FEA03334FF0805545EA131343EA12632D
:100950004FEA022245EA111545EA10654FEA0026E2
:100960000EF000419D4208BF964244F1FD0404F59B
:10097000407402D25B084FEA3202B61A65EB0305F7
:100980005B084FEA32024FF480104FF4002CB6EBB4
:10099000020E75EB030E22BFB61A754640EA0C0034
:1009A0005B084FEA3202B6EB020E75EB030E22BF74
:1009B000B61A754640EA5C005B084FEA3202B6EBB5
:1009C000020E75EB030E22BFB61A754640EA9C0074
:1009D0005B084FEA3202B6EB020E75EB030E22BF44
:1009E000B61A754640EADC0055EA060E18D04FEA02
:1009F000051545EA16754FEA06164FEAC30343EAA2
:100A000052734FEAC2025FEA1C1CC0D111F4801F6E
:100A10000BD141EA00014FF000004FF0004CB6E767
:100A200011F4801F04BF01430020B4F1FD0C88BF06
:100A3000BCF5E06F3FF6AFAEB5EB030C04BFB6EB11
:100A4000020C5FEA500C50F1000041EB045170BD04
:100A50000EF0004E4EEA113114EB5C04C2BFD4EB31
:100A60000C0541EA045170BD41F480114FF0000EB5
:100A7000013C90E645EA060E8DE60CEA135594EA31
:100A80000C0F08BF95EA0C0F3FF43BAF94EA0C0F34
:100A90000AD150EA01347FF434AF95EA0C0F7FF4A9
:100AA00025AF104619462CE795EA0C0F06D152EAFD
:100AB00003353FF4FDAE1046194622E750EA4106E1
:100AC00018BF52EA43067FF4C5AE50EA41047FF4F2
:100AD0000DAF52EA43057FF4EBAE12E74FF0FF3C57
:100AE00006E000BF4FF0010C02E000BF4FF0010C28
:100AF0004DF804CD4FEA410C7FEA6C5C4FEA430CA1
:100B000018BF7FEA6C5C1BD001B050EA410C0CBFEF
:100B100052EA430C91EA030F02BF90EA020F002051
:100B2000704710F1000F91EA030F58BF994208BFB8
:100B300090422CBFD8176FEAE37040F00100704775
:100B40004FEA410C7FEA6C5C02D150EA013C07D1CC
:100B50004FEA430C7FEA6C5CD6D152EA033CD3D017
:100B60005DF8040B704700BF8446104662468C4611
:100B70001946634600E000BF01B5FFF7B7FF002844
:100B800048BF10F1000F01BD4DF808EDFFF7F4FF6D
:100B90000CBF012000205DF808FB00BF4DF808EDF8
:100BA000FFF7EAFF34BF012000205DF808FB00BF1B
:100BB0004DF808EDFFF7E0FF94BF012000205DF83D
:100BC00008FB00BF4DF808EDFFF7CEFF94BF0120F2
:100BD00000205DF808FB00BF4DF808EDFFF7C4FFEB
:100BE00034BF012000205DF808FB00BF4A0011D28D
:100BF00012F5001211D20DD56FF47873B3EB625277
:100C00000ED44FEAC12343F0004343EA505323FA82
:100C100002F070474FF00000704750EA013002D1F7
:100C20004FF0FF3070474FF00000704780F00040F9
:100C300002E000BF81F0004142001FBF5FEA4103B4
:100C400092EA030F7FEA226C7FEA236C6AD04FEAB4
:100C50001262D2EB1363C1BFD218414048404140F9
:100C6000B8BF5B42192B88BF704710F0004F40F4AB
:100C7000000020F07F4018BF404211F0004F41F4C7
:100C8000000121F07F4118BF494292EA030F3FD093
:100C9000A2F1010241FA03FC10EB0C00C3F12003A6
:100CA00001FA03F100F0004302D5494260EB400035
:100CB000B0F5000F13D3B0F1807F06D340084FEAA0
:100CC000310102F10102FE2A51D2B1F1004F40EB95
:100CD000C25008BF20F0010040EA030070474900FD
:100CE00040EB0000013A28BFB0F5000FEDD2B0FA9A
:100CF00080FCACF1080CB2EB0C0200FA0CF0AABFBD
:100D000000EBC25052421843BCBFD040184370475A
:100D100092F0000F81F4000106BF80F40000013260
:100D2000013BB5E74FEA41037FEA226C18BF7FEA37
:100D3000236C21D092EA030F04D092F0000F08BF79
:100D40000846704790EA010F1CBF0020704712F060
:100D50007F4F04D1400028BF40F00040704712F19F
:100D600000723CBF00F50000704700F0004343F004
:100D7000FE4040F4000070477FEA226216BF08463A
:100D80007FEA23630146420206BF5FEA412390EAFD
:100D9000010F40F4800070474FF0000304E000BFF3
:100DA00010F0004348BF40425FEA000C08BF7047A4
:100DB00043F0964301464FF000001CE050EA010268
:100DC00008BF70474FF000030AE000BF50EA01027D
:100DD00008BF704711F0004302D5404261EB41016A
:100DE0005FEA010C02BF84460146002043F0B6438F
:100DF00008BFA3F18053A3F50003BCFA8CF2083AB4
:100E0000A3EBC25310DB01FA02FC634400FA02FCBC
:100E1000C2F12002BCF1004F20FA02F243EB0200C3
:100E200008BF20F00100704702F1200201FA02FC25
:100E3000C2F1200250EA4C0021FA02F243EB020018
:100E400008BF20EADC7070474FF0FF0C1CEAD0525C
:100E50001EBF1CEAD15392EA0C0F93EA0C0F6FD01D
:100E60001A4480EA010C400218BF5FEA41211ED0FB
:100E70004FF0006343EA501043EA5111A0FB0131E7
:100E80000CF00040B1F5000F3EBF490041EAD371BC
:100E90005B0040EA010062F17F02FD2A1DD8B3F138
:100EA000004F40EBC25008BF20F00100704790F0A7
:100EB000000F0CF0004C08BF49024CEA502040EAF9
:100EC00051207F3AC2BFD2F1FF0340EAC2507047BF
:100ED00040F400004FF00003013A5DDC12F1190FFD
:100EE000DCBF00F000407047C2F10002410021FA6F
:100EF00002F1C2F1200200FA02FC5FEA310040F187
:100F0000000053EA4C0308BF20EADC70704792F0FF
:100F1000000F00F0004C02BF400010F4000F013A37
:100F2000F9D040EA0C0093F0000F01F0004C02BF32
:100F3000490011F4000F013BF9D041EA0C018FE7A1
:100F40000CEAD15392EA0C0F18BF93EA0C0F0AD0A7
:100F500030F0004C18BF31F0004CD8D180EA0100CD
:100F600000F00040704790F0000F17BF90F0004F66
:100F7000084691F0000F91F0004F14D092EA0C0F48
:100F800001D142020FD193EA0C0F03D14B0218BFDB
:100F9000084608D180EA010000F0004040F0FE4021
:100FA00040F40000704740F0FE4040F440007047BD
:100FB0004FF0FF0C1CEAD0521EBF1CEAD15392EA3C
:100FC0000C0F93EA0C0F69D0A2EB030280EA010C2C
:100FD00049024FEA402037D04FF0805343EA1111C5
:100FE00043EA10130CF000408B4238BF5B0042F123
:100FF0007D024FF4000C8B4224BF5B1A40EA0C00C8
:10100000B3EB510F24BFA3EB510340EA5C00B3EBF9
:10101000910F24BFA3EB910340EA9C00B3EBD10FE7
:1010200024BFA3EBD10340EADC001B0118BF5FEA39
:101030001C1CE0D1FD2A3FF650AF8B4240EBC25062
:1010400008BF20F0010070470CF0004C4CEA502023
:101050007F32C2BFD2F1FF0340EAC250704740F472
:1010600000004FF00003013A37E792F0000F00F064
:10107000004C02BF400010F4000F013AF9D040EAE2
:101080000C0093F0000F01F0004C02BF490011F476
:10109000000F013BF9D041EA0C0195E70CEAD1536E
:1010A00092EA0C0F08D142027FF47DAF93EA0C0F55
:1010B0007FF470AF084676E793EA0C0F04D14B0239
:1010C0003FF44CAF08466EE730F0004C18BF31F0EB
:1010D000004CCAD130F000427FF45CAF31F00043E5
:1010E0007FF43CAF5FE700BF4FF0FF3C06E000BF7E
:1010F0004FF0010C02E000BF4FF0010C4DF804CDA1
:101100004FEA40024FEA41037FEA226C18BF7FEAB0
:10111000236C11D001B052EA530C18BF90EA010FB2
:1011200058BFB2EB030088BFC81738BF6FEAE17041
:1011300018BF40F0010070477FEA226C02D15FEADD
:10114000402C05D17FEA236CE4D15FEA412CE1D049
:101150005DF8040B704700BF844608466146FFE710
:101160000FB5FFF7C9FF002848BF10F1000F0FBDF2
:101170004DF808EDFFF7F4FF0CBF012000205DF8EB
:1011800008FB00BF4DF808EDFFF7EAFF34BF012070
:1011900000205DF808FB00BF4DF808EDFFF7E0FF09
:1011A00094BF012000205DF808FB00BF4DF808ED5A
:1011B000FFF7D2FF94BF012000205DF808FB00BFBD
:1011C0004DF808EDFFF7C8FF34BF012000205DF89F
:1011D00008FB00BF4FEA4002B2F1FE4F0FD34FF0C1
:1011E0009E03B3EB12620DD94FEA002343F0004394
:1011F00010F0004F23FA02F018BF404270474FF042
:101200000000704712F1610F01D1420205D110F0C8
:10121000004008BF6FF0004070474FF0000070477B
:1012200042000ED2B2F1FE4F0BD34FF09E03B3EB50
:10123000126209D44FEA002343F0004323FA02F07C
:1012400070474FF00000704712F1610F01D1420268
:1012500002D14FF0FF3070474FF00000704700BFE1
:101260007BB972B90029BEBF00204FF0004106E0F3
:1012700008BF00281CBF6FF000414FF0FF3000F0A6
:10128000AFBDADF1080C6DE904CE002909DB002BE0
:101290001ADB00F0D4FDDDF804E0DDE9022304B040
:1012A0007047404261EB4101002B1BDB00F0C7FDA2
:1012B000DDF804E0DDE9022304B0404261EB4101C6
:1012C000524263EB43037047524263EB430300F027
:1012D000B6FDDDF804E0DDE9022304B0404261EB35
:1012E00041017047524263EB430300F0A8FDDDF873
:1012F00004E0DDE9022304B0524263EB430370478C
:1013000053B94AB9002908BF00281CBF4FF0FF316C
:101310004FF0FF3000F064BDADF1080C6DE904CE74
:1013200000F08DFDDDF804E0DDE9022304B0704734
:1013300003685A004CBF43F0004323F000431844B5
:1013400070472DE9F0470646174641B301398846F4
:101350004FF0000909EB080404EBD474641006EBA9
:10136000C4052846FFF7E4FFA1424FEAC40A04D1AE
:10137000B84204D82846BDE8F087B84204D9A14550
:101380000DD004F1FF38E5E70AF108003044FFF71B
:10139000CFFF0138B842EDD204F10109DAE70025A8
:1013A000E8E7012806D0022806D00028034818BF25
:1013B000002070470248704702487047BD19000876
:1013C000C1190008C51900081F4B37B504468D1E0A
:1013D0004BB101A92846AFF3008048B9002309208A
:1013E000236103B030BD1948194B1B1ADB10019360
:1013F00001992A46FFF7A5FF01460028EED0FFF726
:1014000097FF4B68A064012B1AD0002B01F1040058
:1014100010DBFFF78DFF0023C4E913030368002BE3
:101420000ADAC3F30360FFF7BCFF03460028D5D0F8
:101430000020D5E70123EFE7FFF77AFF0346F7E740
:1014400000230520CCE700BF00000000A002040834
:10145000601104080368DA0710B5044605D49B0739
:1014600000F1480018D500F0F9FB2368590703D4B0
:1014700004F1D00000F0FAFB23681A0703D404F546
:10148000A87000F0FBFB2368DB0608D404F5E870C5
:10149000BDE8104000F036BC00F0D8FBE5E710BD19
:1014A000092070470346006800B118447047704730
:1014B00070B505460C46216C2846FFF785FF0646A9
:1014C00008B104F0A7F9236C6B6122462B69294609
:1014D000012098470828EED00728F2D13046216C29
:1014E000FFF7E5FF201D00F0A5FB2DE9F0470C1DDF
:1014F000D0F80C90D0F818A0074616460FCCADF5E2
:10150000727D03AD0FC50FCC0FC50FCC0FC594E88E
:101510000F000DF1080885E80F000025C8F80050FD
:10152000D8F840103846FFF74FFF0936F6B20446A8
:1015300068BBD8F840307B614FF4F07241467AA81E
:101540003DF014FB3B697AAA394630469847889BA0
:101550000546C8F844303A46CDE9008A3B46314654
:101560000120C847C0B9C4B94FF4F0727AA9404607
:101570003DF0FCFA082D2646D2D0072D0CD120468E
:10158000D8F84010FFF793FF03A800F053FBD8F8FA
:10159000383046F01006DCE7092420460DF5727D50
:1015A000BDE8F087406C7047F0B5CB6B0B640D1D48
:1015B00006460F460FCDF9B001AC0FC40FCD0FC4D6
:1015C0000FCD0FC495E80F0084E80F004FF0FF33F4
:1015D000009310993046FFF7F7FE78B933696A46F1
:1015E0003146984708280446F3D06846FFF732FF93
:1015F000062C03D139463046FFF75AFF092079B04F
:10160000F0BD10B48261DA6BC16010BC1A64194677
:1016100000226AE770B5C66843690B6404460D464C
:1016200026B10122FFF761FF04F0F4F803690A46CE
:10163000014602209847072805D00828F4D12946FA
:101640002046FFF735FF3046296CFFF730FF281D95
:1016500000F0F0FAC26802B9A6E7CA6B0A64002279
:1016600043E77047836801460BB101201847704774
:10167000012910B50446084605D005D9C81E012821
:101680008CBF0220012010BD43B90F2A06D804EBFD
:101690008204029A616811601846F4E70220F2E7BA
:1016A0001FB503AB009300230A461946FFF7E0FF7E
:1016B000039805B05DF804FB012910B504460846FF
:1016C00005D005D9C81E01288CBF0220012010BDFD
:1016D00043B90F2A06D8029904EB820409686160B5
:1016E0001846F4E70220F2E71FB503AB009300238E
:1016F00003920A461946FFF7DFFF05B05DF804FBC9
:10170000F0B5D36B1364141D06460F460FCCADF530
:101710000F7D17AD0FC50FCC0FC50FCC0FC594E8CB
:101720000F0085E80F004FF0FF33169326996846A7
:10173000FFF74AFE90B90C2116A86A46FFF7D4FFBE
:10174000394616A8B04748B9049B16AA694608202E
:1017500098470528044602D00928E7D1092416A88D
:10176000FFF778FE20460DF50F7DF0BD2DE9F04F17
:10177000CD6C87B0174655F8042B04950C4600F045
:1017800003099A463BBB12028DF8153003920323DE
:101790008DF81430236DB9F1020F08BFA56B13F05B
:1017A000010322D100F0080800932B6843BB03A972
:1017B000384600F0B9FC002840F0FB80009BDBB10C
:1017C0000F213846FFF76CFF0E2102463846FFF71F
:1017D0008BFF794A55E0130C8DF815301204DBB2FB
:1017E00005EB830503920223D2E703A9384600F0F4
:1017F0009BFC002840F0DD80082007B0BDE8F08F9A
:10180000BAF1020F0CBFD5F804B0B5F802B0A26C63
:1018100018BF2B8801930CBF05F108062E1D0F2160
:101820002BF0010538461544FFF73AFF8542019B2E
:1018300029D823F001022A44824294BF00220122C7
:101840004FEA4B0000F0020003F0010340EA0305F9
:10185000012D1AD0022D5ED0002D40F0AA80351D3A
:10186000B9F1000FA1D0002A9FD03046FFF760FDEC
:10187000A563064620463CF089FA002800F09980CE
:1018800032460F213FE00022DAE7B9F1000F26D1FE
:10189000002A3DD073683268991C4FEAD27200F07A
:1018A000888004F158010133029109D0301DFFF7FF
:1018B000F9FD02AB0146204626F05EF8054638B336
:1018C0000D213846FFF7ECFE022D029B206202D16B
:1018D000E36204F12C03C4E9093606208DE70D21EB
:1018E0003846FFF7DDFE256A854211D1A36A9E4284
:1018F0000ED13046FFF71CFD0F2102463846FFF798
:10190000F3FE224600213846FFF7EEFE072074E77B
:1019100006F1080549E7356825F00045B9F1000FE3
:101920002AD1A2B1B8F1000F19D085B9CB4617E082
:101930000BF1010B019B029306EB8B00FFF7B2FD4D
:101940000022014602AB204626F016F858B1336853
:10195000002B00DA0436013506EB850525E7C34682
:1019600004F158030193AB45E2D10D213846FFF74E
:1019700097FE029B2062AEE70D213846FFF790FEEE
:10198000D4F820B08345E2D1A36A9E42DFD14FF064
:10199000000B0423C4E90BB3F318A5626363336837
:1019A0005B4503DA681C06EB8000A3E70123009384
:1019B000D1E7092021E700BF397A02080023D5E6E4
:1019C0000123D3E60223D1E62DE9F0410546C2B05A
:1019D00014461E46042925D8DFE811F005001C0036
:1019E0002400D6000401EEB9836B92B201210430C9
:1019F00001FA06F717421CBF53F8047B40F8267023
:101A00000136102EF4D1A60400D4AB63002042B0FE
:101A1000BDE8F081012E4FEA124794B204D13B1980
:101A2000102B41D90220F2E7052EFBD107EB040869
:101A3000B8F1200FF6D80F2F4DD9002CE6D003684F
:101A40005807A04608D5284623F0040340F8D03BA9
:101A500000F010F90F2F48D9684600F00BF9AB6B76
:101A6000102F3A4642A938BF102201EBC2024FEABA
:101A70004808A2F5C47208F1FF38101F4FEA880128
:101A800002EB88021C4654F804CB40F804CF824293
:101A9000F9D10A1D012E134417D00F2FAB636FD954
:101AA000684600F0E3F8B1E7102FBBD00368DA070F
:101AB00005D523F0030340F8483B00F0CBF820A8FD
:101AC00000F0C8F8AB6B002C3FD10433AB6320A807
:101AD00000F0BCF89AE7B8F1100F03682DD9DC07C5
:101AE000A8F1100842D45807ADD420A800F0BAF8E5
:101AF000C7F11004684600F0BDF8640020AAAB6B83
:101B000002EBC702013C101FA10002EB84021C463D
:101B100054F804CB40F804CF9042F9D10A1D134485
:101B2000B8F1000F9CD1012ECFD00F2FAB633FF641
:101B30006DAF20A800F092F868E7D9070DD420A86F
:101B400000F090F8AB6B002CF3D0640020AA02EBFD
:101B5000C702013C4FF00008D5E723F0010343F032
:101B6000020340F8483B00F07DF8E8E723F001036A
:101B700043F0020340F8483B00F074F82B68B2E7EA
:101B800020A800F06BF88BE7032E7FF44BAF97B2E1
:101B900007EB1244102C4FEA12463FF643AF03689E
:101BA000190706D523F00803036000F5A87000F0BC
:101BB00087F820A800F084F8AA6B20AB03EBC603DB
:101BC000F900D41A03EBC707BB4203EB040005D1AD
:101BD0000A44AA6320A800F051F817E7006843F808
:101BE000040BF1E7002E7FF41DAF102A3FF61AAF69
:101BF0000368DA0606D523F01003036000F5E870E9
:101C000000F08AF820AE304600F086F8AB6B002278
:101C1000012101FA02F020421CBF53F8040B46F8E0
:101C200022000132042AF4D1AB63304600F06AF896
:101C3000ECE600BF00F1340191E838009C46A6466E
:101C40004CF8045D90E8FF0FE54600BD90EC210BD9
:101C5000704700BF80EC210B704700BF90EC200B59
:101C6000704700BF80EC200B704700BFD0EC200B0A
:101C7000704700BFC0EC200B704700BFF0EC0201C2
:101C8000F0EC0211F0EC0221F0EC0231F0EC024138
:101C9000F0EC0251F0EC0261F0EC0271F0EC028128
:101CA000F0EC0291F0EC02A1F0EC02B1F0EC02C118
:101CB000F0EC02D1F0EC02E1F0EC02F1704700BF71
:101CC000E0EC0201E0EC0211E0EC0221E0EC023178
:101CD000E0EC0241E0EC0251E0EC0261E0EC027168
:101CE000E0EC0281E0EC0291E0EC02A1E0EC02B158
:101CF000E0EC02C1E0EC02D1E0EC02E1E0EC02F148
:101D0000704700BFB0FC0181B0FC0191B0FC01A1A3
:101D1000B0FC01B1704700BFA0FC0181A0FC0191A3
:101D2000A0FC01A1A0FC01B1704700BFEC4600B5CA
:101D30002DE900502DE9FF1F4FF000032DE90C00A5
:101D400001A9FFF731FCDDF840E012B0704700BF99
:101D5000EC4600B52DE900502DE9FF1F4FF00003C0
:101D60002DE90C0001A9FFF755FCDDF840E012B0A9
:101D7000704700BFEC4600B52DE900502DE9FF1F6C
:101D80004FF000032DE90C0001A9FFF763FCDDF81B
:101D900040E012B0704700BFEC4600B52DE900509E
:101DA0002DE9FF1F4FF000032DE90C0001ABFFF7F9
:101DB00028FCDDF840E012B0704700BFEC4600B5EB
:101DC0002DE900502DE9FF1F4FF000032DE90C0015
:101DD00001AAFFF795FCDDF840E012B0704700BFA4
:101DE000704700BF10F8012B11F8013B012A28BFF2
:101DF0009A42F7D0D01A7047034611F8012B03F826
:101E0000012B002AF9D17047034613F8012B002A51
:101E1000FBD1181A01387047430803F05533C01A34
:101E200000F03333800800F03330184400EB10101A
:101E30004FF0013300F00F305843000E70472DE98A
:101E4000F04786468C460846089E15467446194655
:101E5000002B40F0C2808542B2FA82F245D94AB1E5
:101E6000C2F1200300FA02FC2EFA03F3954043EA84
:101E70000C0C94404FEA154EA8B2BCFBFEF8230CA4
:101E80000EFB18CC08FB00F943EA0C43994528D90E
:101E9000EB1808F1FF3704D2994502D9A8F10207DF
:101EA0002B44A3EB0903A4B2B3FBFEFC0EFB1C33D3
:101EB0000CFB00F044EA0344A04214D92C190CF1A5
:101EC000FF3304D2A04202D9ACF102032C44241AFD
:101ED00043EA07401EB1D440002334607360BDE87C
:101EE000F0874746DDE76346F1E792BB431B0121DC
:101EF0004FEA154EAFB2B3FBFEFC200C0EFB1C33B9
:101F00000CFB07F840EA0343984562D9EB180CF143
:101F1000FF3004D2984502D9ACF102002B44A3EB68
:101F20000803A4B2B3FBFEFC0EFB1C330CFB07F74B
:101F300044EA0344A7424ED92C190CF1FF3304D2D2
:101F4000A74202D9ACF102032C44E41B43EA00404F
:101F5000C0E7C2F1200320FA03F1954090402EFA29
:101F600003F303434FEA154EAFB2B1FBFEFC0EFB89
:101F70001C10190C0CFB07F841EA0041884504FAD3
:101F800002F422D969180CF1FF3004D2884502D935
:101F9000ACF102002944A1EB08019BB2B1FBFEFCAD
:101FA0000EFB1C110CFB07F743EA01439F420ED9BD
:101FB000EB180CF1FF3104D29F4202D9ACF10201BF
:101FC0002B44DB1B41EA004192E76046E3E76146B0
:101FD000F7E76046A3E76346B7E7834206D916B939
:101FE000002108467BE7C6E900E0F9E7B3FA83F78A
:101FF0008FB9834201D3724508D8BEEB020460EB6F
:10200000030301209C461EB9002168E73846FAE721
:10201000C6E9004CF8E7C7F1200CBB4022FA0CF4EB
:102020001C432EFA0CF120FA0CF3B84001434FEA9E
:1020300014490EFA07F5B3FBF9F81FFA84FE09FB01
:1020400018300B0C08FB0EFA43EA00439A4502FADB
:1020500007F240D9E31808F1FF3004D29A4502D9BB
:10206000A8F102002344A3EB0A0389B2B3FBF9F8F9
:1020700009FB183308FB0EFE41EA03418E452CD9BB
:10208000611808F1FF3304D28E4502D9A8F102038A
:10209000214443EA0040A0FB0298A1EB0E01414518
:1020A000CE46434602D306D14D4504D2B9EB020ECB
:1020B00068EB04030138002EA6D0B5EB0E0261EBED
:1020C000030101FA0CFC22FA07F34CEA0303F9407E
:1020D000C6E9003198E74046C5E74346D9E7027AAA
:1020E00003467AB9427A82B1013A42724268111DBE
:1020F00012680260416003221A721A68100E1202FE
:102100001A607047013AD2B2F6E7B02070471FB5A7
:1021100003AB009300230C221946FFF7A9FA03989A
:1021200005B05DF804FBF2E72DE9F043054685B004
:102130000E464FF000083046FFF7D1FFB0280446A6
:1021400015D1B8F1000F0ED103AC43460E22414623
:1021500000942846FFF78CFA009443460F2241462C
:102160002846FFF7A9FA002005B0BDE8F083020673
:102170001DD4002303AF4FEA8009194600970D22B2
:102180002846FFF775FA5FFA89F9039B09F10409FC
:1021900014F0400F14BFA3EB09034B4403930097C3
:1021A00000230D2219462846FFF786FAC3E700F000
:1021B000F003802B18D104023046FFF790FF044350
:1021C000B4F5004F01D10920CEE724010023A2B2CB
:1021D00019462846FFF7F8FB0028F4D114F4004F05
:1021E00018BF4FF00108A6E7902B0DD100F00D03AA
:1021F0000D2BE8D003AF002300F00F020097194623
:102200002846FFF735FACAE7A02B13D1C34303F0E2
:1022100007034FF47F621A41030702F47F6201D57E
:1022200042F48042002319462846FFF7CDFB0028E0
:1022300081D0C8E7B02B46D1B12808D13046FFF78E
:102240004EFF431EDBB20E2B0246EBD9BBE7B22892
:1022500020D1002303AC0D22194600942846FFF735
:1022600007FA3046FFF73BFF022700F07F0110F02E
:102270008003039A01FA07F105D102F501720A44BD
:10228000039200948DE70A44304603920737FFF724
:1022900026FFEAE7B3280BD13046FFF720FF020301
:1022A00000F00F0002F47022013001230243BAE76C
:1022B00000F0FC03B42B86D000F0070201320123AA
:1022C00042F40022AFE7C02B44D1C6280AD13046E1
:1022D000FFF705FF020300F00F0002F47022013047
:1022E0000323E3E7C7280BD13046FFF7F8FE431E70
:1022F000DBB20E2B02463FF666AF0023042193E7C4
:1023000000F0F803C02B06D100F00F0201320323C6
:1023100042F4202287E7C8280DD13046FFF7DFFEC0
:1023200000F0F00200F00F0010320130052340EA07
:102330000232012178E7C9287FF445AF3046FFF724
:10234000CEFE020300F00F0002F4702201300523DC
:102350000243EEE700F0F803D02B7FF434AF00F037
:1023600007020132052342F40022E2E71FB50346CB
:102370000846DA6C536808321902019102921B0E6A
:10238000032201A98DF80C208DF80D30FFF7CCFE4B
:1023900005B05DF804FB08B5FFF7C5FE806C08BD0D
:1023A00008B5FFF7C0FEC06CC379023300EB8300B1
:1023B00008BD0000014B00221A607047443D002414
:1023C0000346084900F5E47030B50024984207D070
:1023D0004C38C2698A42F9D0156814602A46F9E778
:1023E00030BD00BF503D002410B50B4C002A14BF77
:1023F000134623460A46002814BF014621460748D3
:1024000029F0BFFE002383F31188BFF36F8F4FF0D5
:102410000403184602DF10BD944E04089B4E0408C6
:102420004C22044B02FB0133186B08B133F06CBF34
:1024300001487047543D0024C84E04080D4B70B548
:1024400004460360C06B29F072F9606A29F06FF9E5
:10245000D4E90456AE4207D1206918B1A169091A1E
:1024600034F0EFFA204670BD28462C353BF0DEF8FC
:10247000F0E700BFA42F0408054B10B50446036025
:10248000806918B1216A091A34F0DBFA204610BDC0
:10249000642F04080B4B10B504460360806A18B122
:1024A000216B091A34F0CDFAA06918B1216A091A12
:1024B00034F0C7FAA06818B12169091A34F0C1FADA
:1024C000204610BDC42F0408054B10B503603033FF
:1024D0000446103040F8083C29F06BF9204610BD46
:1024E00094300408A0F10800EEE700BF044B10B5DB
:1024F000044640F8283B29F05CF9204610BD00BF97
:102500002C29040870B5084B044600F5427500F10B
:1025100008060360AE4205D0603D05F1480029F091
:1025200048F9F7E7204670BD9C290408044B10B514
:10253000044640F8083B29F03CF9204610BD00BF96
:102540006828040800F1080373B504460D460360CB
:1025500011B9104820F0B6FC0846FFF755FC0F28CB
:1025600005EB0006019007D9002201A9204624F0BE
:10257000C7FF019B2060A3603246294620683BF0DC
:10258000B9F8019B2268002120466360D15402B053
:1025900070BD00BFD44E0408164A174B13B5C0E9EE
:1025A000002316490A23044601AAC0E902134FF288
:1025B00001131349143020F8043CFFF7C3FF01AAAC
:1025C000104904F12C00FFF7BDFF01AA0E4904F1E8
:1025D0004400FFF7B7FF01AA0C4904F15C00FFF7C4
:1025E000B1FF01AA0A4904F17400FFF7ABFF2046CE
:1025F00002B010BD011001000200030001800100C3
:10260000064F0408324F04084C4F04086A4F040870
:10261000784F04080B4A0C4B13B5C0E90023012383
:10262000C821044601AA038100238372074BC360BB
:102630006423C0E9041306491830FFF783FF2046DE
:1026400002B010BD031001000200018000004843E9
:102650006A4F0408044B10B5044640F8183B29F0B3
:10266000ECF8204610BD00BF581F0408054B10B5FC
:1026700004460360406A29F0A5F8E06829F0F1F803
:10268000204610BD5C2904082DE9F8430446184B88
:10269000064600F5547700254FF000084FF000097A
:1026A00044F8503B44F8405C2046A56044E90E895C
:1026B00044E9088944E9125544E90C5544E90A55AE
:1026C00044E9065544E9045544E90255C4E9005576
:1026D00029F0E7F8603444F8545C04F8505C04F8DE
:1026E0004F5CBC42DED13046C6F80853BDE8F883E3
:1026F0009C2904082DE9F3470646044600F5E478D2
:102700000025DFF860A0DFF860901022002120464D
:102710003CF054FAFF2301A884F84830C4E904557A
:10272000C4E9064AC4E90854C4E90A55C4E90C5589
:1027300029F013F801A8C4E9024929F017F801A803
:10274000A76929F00AF804F110034C3401A83B6092
:10275000064B7B6029F00AF84445D6D1304602B0DA
:10276000BDE8F087503D0024DBB8020879B70208C5
:10277000084B002103F1280203603C334260836070
:10278000054A436A10B5934200D110BD1C68196018
:102790002346F8E71C320408503D0024A0F1040051
:1027A000E6E700BF2DE9F04FDFF8A88089B02A4E98
:1027B000D8F8004014B909B0BDE8F08F94F8205063
:1027C0004FF04C0BD4F818A00022236815FB0BF730
:1027D00022495046C8F8003007EB060933F05CFF89
:1027E0000BFB056305F1010CCAF83490C3F834A063
:1027F00003F1280B6069D4F81CA0D4E90112D4E9D4
:1028000003E483F8485004B3C3F828E04C2303FBE7
:102810000565EC624FF0FF334FF0FF34CDF80090C8
:10282000CDE906340423CDE903C30023CDE9013308
:102830000B4B14F0AFFD2863514633F062FD07F1F6
:102840003800304434F0CBF8B2E79C62CBF8044057
:10285000044CDBE7403D0024543D00244BB7020804
:1028600081B6020887BA0208044B10B5044640F846
:10287000043B29F028F8204610BD00BFD0270408EB
:1028800008B590F8B03073B100231C3080F8943054
:10289000054B40F81C3C054B40F8143C1C3340F8F9
:1028A000103C28F0B3FF08BD442F0408203304086F
:1028B00090F838303BB1002380F83830024B40F8B4
:1028C000183B3AF0B3BE7047842F04082DE9FF4748
:1028D0000446DFF80C811CF0D1FD064603A828F061
:1028E0003CFF236A002B4FD0E5690DB9AB68FFDED2
:1028F0006F68BF1B002F47DC454506D02B68E3619E
:1029000000232B60236A013B236203A8A5F104097D
:1029100028F02CFFAA68FAB16B6803A804F11C0A1E
:1029200013446B6028F019FF6B68991BE3694345FA
:1029300005D0002B52D05A68921B914221DA2B68A5
:102940003BB9DAF800302B60CAF80050236A013333
:10295000236203A828F00AFF55F8043C48461B6888
:102960009847002FB7D01CF089FD064603A828F031
:10297000F4FE236A63B903A828F0F8FE04B0BDE8AA
:10298000F0879A461B68D2E703A828F0EFFEEAE733
:10299000E3691BB35D6803A8AD1B09D528F0E6FE0B
:1029A000606A3830022104B0BDE8F04734F01DB849
:1029B00028F0DCFE002DF3D06422002305F1630033
:1029C0000021FEF79DFC646B02460B4600200021AF
:1029D000CDE90001204615F01BFBCFE79B6886E799
:1029E000503D0024084B10B503F1280203603C332E
:1029F000044642608360D0E9720128F072FF2046ED
:102A0000FFF7B6FE204610BD841F0408A0F10400A5
:102A1000E8E700BF2DE9F041A2EB01081746836803
:102A2000044602680E469B1A98451AD9B8F1000F61
:102A300002DA184820F076FA404628F06DFE394652
:102A400002460546304628F066FF206818B1A168A6
:102A5000091A33F0F6FF25604544C4E90155BDE885
:102A6000F0814568AD1AA84508D83946304628F0A7
:102A700052FF63689842F2D06060F0E70D44304640
:102A8000294628F048FF62683946284628F043FF67
:102A9000F2E700BFA24F040813B51146044628F020
:102AA00046FF802304F10C000DF10502238101A9EA
:102AB000044B1B788DF80430FFF7ACFF204602B0C2
:102AC00010BD00BF38600024F8B5571A04460D4603
:102AD000164602D5074820F025FA384628F01CFE95
:102AE00007440246206031462846A76028F013FFBD
:102AF0006060F8BDA24F04082DE9F043804C00232C
:102B00008DB0804904F1180204F12805184663616C
:102B1000A26004F5807201270493C4E90652C4E957
:102B20000323784A059204F1200282E80300284634
:102B30002546D82219462E46C4E9003306243CF027
:102B40003DF805F128002422002124353CF036F818
:102B5000013C6F60F5D16C4820222146DFF8AC8142
:102B600000F12403C6F800010430A8F1440508F57B
:102B70002379C6E94136664BC6F80C313CF01EF8A5
:102B8000644B08F29522C6F810710521C6F834315D
:102B90000433099208AAC6F8383128465E4B0694D9
:102BA000079308F5C073CDF828800B93CDF82090DB
:102BB000CDE901320AAB22460093574B19F086FB50
:102BC000564B2146404603F1280248F8443C3C332A
:102BD00048F8402C4FF4C07248F83C3C3BF0EEFF04
:102BE00008F5C67110230846C8F88031C8E961119C
:102BF00028F077FED8F88431494A284649494FF4ED
:102C00008055C8F8883188F89442C8E9A34429F06F
:102C1000DDFE4548454A4FF4006103681465C2E98A
:102C20001032434B536590339365424BD365052374
:102C3000C2E9121482F8603040323F4BC3E91023DE
:102C40003E4A1C655A6590329A653D4ADA65022211
:102C5000C3E9125483F8602040333A4AC2E9103283
:102C60004FF400531465C2E91234374B40325361BC
:102C700090339361354BD361032382F82030344B7A
:102C8000C3E91023334AC3E912541C6540335A6127
:102C900090329A61304ADA61042283F820202F4A68
:102CA000154682F8607045F8403F2D4B056053652E
:102CB00090332C4893652C4BD3652C4BC2E91121E2
:102CC000C2E913442A49164A1E6029F07FFE294BA7
:102CD0001A68D20708D428481F60FFF70BFD104A76
:102CE0002649254829F072FE254A136813F001038E
:102CF00001BF01211160234A13600DB0BDE8F083CC
:102D0000F0440024212400080046002458420024F6
:102D100077B60208E41F04089FB60208841F04085F
:102D20002C460024E5290008403D002440AA002448
:102D3000801D0024D34F0408009A0024B81C0024EE
:102D4000DC4F0408C0790024F01B0024E14F040884
:102D500080690024281B0024E84F040840610024F7
:102D6000601A002439600024ED4F0408443D00241B
:102D7000B52300084C3D0024543D0024C123000825
:102D8000483D0024503D00242DE9F047ADF5307D4D
:102D9000BC4802AF1CF0C4FBBB4A0321BB4828F06F
:102DA0007CFC6C4688B002AAB94B02F11400B94908
:102DB0004FF4007528F0CFFCB749204628F0CBFC33
:102DC0009583C7F8043242F8103F00234FF4E651D0
:102DD000AE4801F0BFFCA546FFF7E4FCAF4AB0499E
:102DE0008AB013687B607E68AE4BC6F30B06D2F8E0
:102DF000009002AAB6F58A6F0EBF4FF001084FF09F
:102E000000080B46A84902F1140028F0A4FC19465A
:102E1000A64B02F1180028F09EFCC2F81C90158405
:102E2000C7F8043242F8103F00234FF4135197487B
:102E300001F090FC4022002107F1C800A5469C4CFF
:102E40003BF0BCFE47F21A7307F5BC729949A7F82C
:102E5000E03047F21B7307F1C800A7F8043141F2D4
:102E60008833C7F80831FFF76DFB934907F5017206
:102E700007F1EC0087F8E880FFF764FB2368BFF3F5
:102E80005B8FD90710D420461CF050FB60B107F1CE
:102E9000C8018A4817F040F8894A8A49874829F0CA
:102EA00095FD204633F0D2FD0023874C18203B616E
:102EB000C7E902331CF066FB04F1180C00F1180599
:102EC0000346B8603D612246083303CA624543F8B1
:102ED000080C43F8041C1446F5D17C4CFD602368B3
:102EE000BFF35B8FDA0710D420461CF01FFB60B1E4
:102EF00007F10801764815F019FA714A75497448C6
:102F000029F064FD204633F0A1FD734D704815F0A3
:102F10003DFA2B680446BFF35B8FDB070FD42846CE
:102F20001CF004FB58B16D496D4815F0A9FB644ACB
:102F30006C496B4829F04AFD284633F087FD002C88
:102F400040F0E784684A02215048684D28F0A5FB0C
:102F50004E480321664A28F0A0FB2B68BFF35B8F25
:102F6000D8070FD428461CF0E1FA58B161496248ED
:102F700015F00CFB524A61495F4829F027FD2846AD
:102F800033F064FD04215C48DFF8748115F00EFB1A
:102F90005C4A03213D4828F080FBD8F80050BFF37D
:102FA0005B8F15F001051CD140461CF0BFFAC0B183
:102FB0005548564B424A036000F1080354490572D4
:102FC000C560856180F8205045620563C0E904331F
:102FD00000F12003C0E90A3329F0F8FC404633F041
:102FE00035FD4C4D03214C4A284828F056FB2B68F0
:102FF000BFF35B8FD9070BD428461CF097FA38B182
:103000002F4A4649464829F0E1FC284633F01EFD88
:103010003C22002107F150003BF0D0FDB4220021FA
:1030200007F501703BF0CAFD002C00F08680DFF848
:10303000F4C007F5BC75BCE80F000FC59CE807009D
:1030400007F5BC7385E807001C4A0125204907F1F4
:10305000500018F05DFC07F5BC7087F88850FFF74A
:103060009BFA022307F50170C7F88431FFF708FCCB
:10307000254B2B4A07F50170019307F5BC731449E2
:10308000009351E0E9230008175004089C1B040832
:10309000030000013C500408495004080010005C83
:1030A00005500408F84F04085950040804000001B2
:1030B00014410024875004088F500408184100244C
:1030C0002C460024B5A80108CC1F040800410024A8
:1030D0000441002469280008C4400024C41F0408D7
:1030E000C8400024ED2400089F500408A440002498
:1030F0003151040810150408A84000242D250008AB
:103100006C40002441510408704000245C290408EC
:103110006D260008684000245E51040889B6020844
:1031200048090024881C0408B54B18F015FC07F565
:10313000BC7087F8B45228F069FBB24D2B68BFF31E
:103140005B8FDA070ED428461CF0F0F950B1AE4878
:10315000FFF79AFAAD4AAE49AB4829F037FC28464A
:1031600033F074FCAB4D2B68BFF35B8FDB070FD4E0
:1031700028461CF0DBF958B1A749A84816F09AFB7D
:10318000A24AA749A54829F021FC284633F05EFC55
:103190000C220F21A14816F09DFB6C220546002150
:1031A00007F586703BF00AFDB6F58A6F2AD14DB35C
:1031B00007F5BC70FFF72EFA0F2387F8823197F8D6
:1031C000743163B1002307F59E7087F87431954B15
:1031D000C7F80C31944BC7F814313AF027FA934BE7
:1031E00007F58670864A019307F5BC738B490093F7
:1031F000854B18F053FF012307F5C87087F8743129
:103200003AF014FA8A4D03218A4A8B4828F045FA8D
:103210002B68BFF35B8FDE0719D428461CF086F9B4
:10322000A8B1864A07F5BC73D069116A928C03C3B2
:1032300073491A8007F5BC72814818F0BBFB734ACA
:1032400080497F4829F0C2FB284633F0FFFB7E4AC5
:103250000321794828F021FA3C22002107F18C0053
:103260003BF0ACFC0CB34FF47A7307F124027749BE
:1032700007F5BE70C7F87831FFF764F907F18C00E5
:10328000FFF716FB694B6E4A07F18C00019307F5B7
:10329000BC736F4900935C4B18F0A6FB012307F544
:1032A000BE7087F8C4303AF0C1F96A4D2B68BFF39D
:1032B0005B8FD80710D428461CF038F960B1504A0B
:1032C0006549664818F0BCFB504A6549634829F0D7
:1032D0007DFB284633F0BAFB07F12C03002207F1EF
:1032E00024007B620B231146BA6287F82C2087F8F2
:1032F0004C20C7E90F22C7E911220093594B24F053
:103300006FF9012307F124015448FB6341F20103E3
:10331000A7F8403003F5B8337B644FF44073BB64C7
:10332000022387F84C3018F099FB032142484E4A9B
:1033300028F0B3F94D480368BFF35B8FD90721D458
:103340001CF0F4F8F0B14A4D4A4B2A4642F8043BCF
:10335000494B03F1100C1868083353F8041C164647
:10336000634503C63246F6D11B78284A33700023E2
:1033700042493F482B62C5E9063329F027FB3B4809
:1033800033F064FB3E4B3F4A03F1100618680833E4
:1033900053F8041C1546B34203C52A46F6D11B78E0
:1033A0002B70334DAA692B6A9B1A0B2B00F2E98212
:1033B0000C2028F0B1F9344902460646A1F10C0070
:1033C00028F066FBA86918B1296A091A33F039FB9D
:1033D000AE610C36C5E907662C4D03212C4A164810
:1033E00028F05BF92B68BFF35B8FDA075CD42846C3
:1033F0001CF09CF8002857D0264818F077FB4BE0CB
:103400001841002464400024501700242C46002456
:10341000052500084C400024B01404085040002446
:103420008BB60208DC300408143404087040002411
:1034300024400024775104089C1B0408881C0408BD
:103440002840002479240008975104086A4F040892
:10345000C8400024D03F0024A8400024D43F0024CA
:103460003D240008B3510408BF510408A83F0024BC
:10347000AC3F0024581F0408AE1C04085526000861
:10348000E1510408B03F0024FF510408703F0024BC
:1034900000520408743F0024BB4ABC49BC4829F0D0
:1034A00095FA284633F0D2FADFF8E8820321BA4AC7
:1034B000BA4828F0F2F8D8F80060BFF35B8F16F036
:1034C000010622D140461CF031F8F0B1B44DB54BA5
:1034D00005F10C00EE602B6030336E60AB60C0E92C
:1034E000016628F0DEF943F25843A74A2846AB8329
:1034F0004FF0FF33AC49AE6185F82860C5E9083369
:1035000029F064FA404633F0A1FAA84D2B68BFF3C6
:103510005B8FDB070FD428461CF008F858B1A4498C
:10352000A44818F04FFD984AA349A24829F04EFA42
:10353000284633F08BFAA149954818F065FBA0495D
:10354000934818F061FB9F49914818F0E5FA9E4AAC
:103550000321924828F0A1F897F88830B3B197F882
:10356000B4329BB107F15C01894818F0D5FA07F530
:103570000471874818F0D0FA07F1580193481AF0FF
:10358000B1FE07F5037191481AF0ACFE97F874315B
:1035900023B107F58A718D481AF0A4FE8C4A0321E5
:1035A0007E4828F07AF801238A4A8B498B4818F024
:1035B000C1FE97F8883033B1022307F150028849E1
:1035C000864818F0B7FE97F8B43233B1022307F5F6
:1035D00001728449814818F0ADFE0223824A834972
:1035E0007E4818F0A7FE97F8C43033B1022307F1E4
:1035F0008C027F49794818F09DFE97F8743133B1F9
:10360000022307F586727B49744818F093FE032362
:10361000794A7A49714818F08DFE0323654A784942
:103620006E4818F087FE0323594A76496B4818F014
:1036300081FE5B4A74490323684818F07BFE734A95
:103640000321564828F029F8002C69D107F5BC70F1
:10365000FEF7A2FF07F11400FC61B7F87851B7F844
:103660007A61C7E9054428F01CF907F5BC733246B6
:1036700029467B61664B57483B62664BFB6107F10D
:10368000140318F037F807F1140028F092F807F146
:103690001400FC61B7F87851B7F87C61C7E90544BC
:1036A00028F0FFF807F5BC73324629467B615A4B78
:1036B00048483B62594BFB6107F1140318F01AF8B4
:1036C00007F1140028F075F807F11400FC61B7F851
:1036D0007851B7F87E61C7E9054428F0E2F8504B0D
:1036E000324629463B624F4B3A48FB6107F11403CF
:1036F00018F000F807F1140028F05BF8B7F88231F1
:10370000B7F88021B7F87811324817F0CDFE23487A
:10371000454A032127F0C1FF07F5BC7028F076F871
:1037200097F87441002C40F0A48007F5BC70FEF7B8
:1037300071FF07F11400FC61B7F87851B7F87A61AE
:10374000C7E9054428F0ADF8384B324629463B62BC
:10375000374B2048FB6107F1140317F0CBFF07F14B
:10376000140028F026F807F11400FC61B7F878512E
:10377000B7F87C61C7E9054428F093F82D4B324631
:1037800029463B6258E000BF2C46002495240008DF
:10379000743F0024403F0024205204089C1B04086E
:1037A000443F002418300408FDBC01081C3F0024DD
:1037B000A8400024203F0024C9240008283F0024FA
:1037C0004C3F0024AC3F00243C520408304000240D
:1037D0005352040818410024E14F04081442002405
:1037E000755204087E5204082840002488520408B8
:1037F000955204089E520408D43F0024A85204089D
:10380000B4520408BA520408C6520408CB52040841
:10381000653A0008F9B60208093A0008D9B6020864
:10382000992A0008C7B60208EC5204087FB90208BA
:10383000B5B602086DB90208604B6148FB6107F13B
:10384000140317F057FF07F1140027F0B2FFB7F881
:103850008031B7F87E21B7F87811594817F024FE67
:103860005848594A032127F018FF07F5C87039F066
:10387000DDFE564A03215348062427F00EFF082197
:10388000534818F03DFC534A03214E4827F005FFEA
:10389000514D1BF019FE514BC3E90400286B08B1D0
:1038A00014F01AF8013C05F14C05F7D14FF0FF3147
:1038B0004FF0FF3032F0DCFD07F1240039F0B6FEA6
:1038C00007F18C00FEF7F4FF97F874315BB1444BBD
:1038D00007F59E7087F87441C7F80C31414BC7F863
:1038E000143139F0A3FE07F50170FEF7C9FF07F1A7
:1038F000080027F0E8FF07F1EC0039F097FE07F128
:10390000C80039F093FE002007F52E77BD46BDE8CC
:10391000F0874FF00309DFF8D0A0344814F0C4FE5C
:10392000DFF8CC8000250121404627F08AFE98F878
:1039300004302946013502460093504658F8083BAA
:1039400028F01FFC032DEED100214FF4FA6032F075
:103950008FFD0021264827F074FE0021254827F01E
:1039600070FE0021244827F06CFE4FF4FA6000211D
:1039700032F07EFDB9F10109D2D1204A2946FFF784
:10398000E3BAEE69B61A0B2E0AD91D49A1F10C0053
:1039900028F07EF8EB6998423FF41EADE8611BE524
:1039A000DFF8608046444046314628F071F8EA6905
:1039B00008F10C01304628F06BF8EFE7A3B60208D7
:1039C000184100249C1B0408205304085C5304087D
:1039D000144200247C530408543D0024F044002485
:1039E000DC30040814340408DF500408C840002404
:1039F000CC1F0408D41F0408DC1F04080951040864
:103A0000FF510408F3510408F0B515460A6813493C
:103A100085B0002304460878168817890DF1020244
:103A20000B7069468DF8000001A88DF801300393F2
:103A3000CDE90133FFF748F801AB3A463146084873
:103A400017F00AFC01A827F0F8FE2946204627F0C7
:103A50006EFF80232046238105B0F0BD386000242E
:103A600018410024F0B515460A68144985B00123B1
:103A700004460878168817890DF102020B70694612
:103A80008DF8013000238DF8000001A80393CDE9E3
:103A90000133FFF719F801AB3A463146084817F0F1
:103AA000DBFB01A827F0C9FE2946204627F03FFF8F
:103AB00080232046238105B0F0BD00BF386000247C
:103AC0001841002430B5C0430A440C4D914201D145
:103AD000C04330BD11F8013B83EA000404F00F0439
:103AE00055F8244084EA101080EA131303F00F0302
:103AF00055F8233083EA1010E8E700BFE81F0408F8
:103B00002DE9F04F97B00446894600AF90F802A027
:103B1000D7F880B03B62CBF3C003FA62BB6141B916
:103B2000457800780AEB800020444D4517D8A0EB7B
:103B30000409E378FB61BAF1000F02D01BF0010F1A
:103B400016D1FB6953BBFB6A1BB13A6A4946204652
:103B500098474D4628465C37BD46BDE8F08F461C69
:103B600009F101093046FEF74FF901303044DCE736
:103B70002378626899007A62FA6A796104EB8301BA
:103B8000002A40F000814D460E4601EB0A094FF035
:103B900000084E454CD101EB0A0610E01BF0020F65
:103BA000D1D023789A0004EB83017A6162687A624B
:103BB000FA6A002A77D14D4601EB0A0690461BF0BF
:103BC000050F0CBF02230123FB62FB6906EB430ACE
:103BD0000BF00203BB625645BCD016F8021B16F868
:103BE000013C54F82390994B994502D3984B994541
:103BF00036D3BB69002B40D0786A28F09BFA0028A6
:103C00003BD0E9468AB06A46924B53617B6AC2E96F
:103C100006314FF4007313848F4B42F8103F00239A
:103C20004FF412518D48023D00F094FDCD46D2E78D
:103C300016F8013BF96254F82300FEF7E5F8D7F8CF
:103C400084300130F96A4BB1D7F8883098453EBFCF
:103C5000D7F8843023F8180008F10108054498E7E4
:103C6000BB6923B1786A28F065FA0028C9D11BF036
:103C7000010F05D1FB6AED1AADE7BB6A002BAAD094
:103C80004846FEF7C1F8D7F8843053B1D7F88830EA
:103C900098453FBF431CD7F8842022F8183008F11C
:103CA0000108054497E7BAF1000F72D01BF0040633
:103CB00072D0D046002607F1480052463B61B962F7
:103CC0003AF054FFB96A3B6901EB0A02F969BA623A
:103CD000FA695200FA60BA6A02EB41023A610BF0EB
:103CE0000202BA603A69B96A8A4257D11BF0020FE0
:103CF00062780CBF4FEA580100217A621BF0010F75
:103D00003244D2B240F09F801BF0040F14BF4046F3
:103D10000020BB616270A0702046E1703A6A796948
:103D2000FB6A9847051EFFF615AFBB6941463A6A24
:103D300007F1480023707B6A84F802A06370FB6976
:103D4000E370FB6A9847B0F10008C0F2BB807B6962
:103D5000A9EB0A013A6AC91AFB68C91AD7E90A032A
:103D600098470028C0F2B080A8444FF0000B07F13C
:103D7000380A08EB0005B34572D300213A6AFB6AA2
:103D800008469847E6E656464FF0000807F1380027
:103D900093E75646D04697E7B04695E7BA6A12F8D9
:103DA000021B12F8015CBA6254F82500274A9042BF
:103DB00002D3274A90421ED3BA6932B1786A7B6037
:103DC00028F0B8F97B6800288CD1BA6802BB08F1EA
:103DD000280207F1300C08F1010008F102089444B0
:103DE00007F158025FFA88F852FA80F00CF8101CBC
:103DF00000F8105C76E7BA693AB1786A7B6028F01F
:103E000099F97B6800287FF46DAF1BF0010F09D092
:103E100006F1280207F13000711C161806F8205C24
:103E2000CEB25FE71BF0040F3FF45CAF08F128024D
:103E300007F1300008F1010102EB000808F8105CFE
:103E40005FFA81F84EE7002063E700BF60110408C5
:103E500068870408AF53040804000001C41B040869
:103E60001BF80A3054F8239087F83730D7F884309D
:103E70002BB3D7F888309B4521D2D7F8843033F85C
:103E80001B803A6A012107F13700FB6A9847002836
:103E90001ADB0544B8F1000F06D14846FDF7B4FF20
:103EA00000F101081FFA88F83A6A41464846FB6A61
:103EB0009847002808DB05440BF1010B5BE74FF046
:103EC0000008DEE7454645E6054643E6014B1B682C
:103ED000184700BF4C090024014B1860704700BF11
:103EE0004C09002430B585B004460D46102200214F
:103EF00068463AF063FE02232A4621468DF80230D6
:103F00006846034B019326F0F1FB05B030BD00BFBE
:103F1000CD3E000880B505460E461746984613F07C
:103F2000FFFCDFF8209003463BF048F90446424688
:103F300049F8003039463046A84754F8090001F0E6
:103F400065F900BF08000000044B162200B53BF0E5
:103F500035F91A504FF0FF305DF804FB0C000000FB
:103F60000F2800B508D90A4B09223BF027F91A504F
:103F70004FF0FF305DF804FB3023BFF35B8F5843F5
:103F8000044B1B58BFF35B8F002BECD00020F1E7F4
:103F90000C00000058090024302311494343083322
:103FA0000B4430B5BFF35B8F1A68BFF35B8FB2B1C0
:103FB000541EBFF35B8F53E8005F954204D143E882
:103FC000004CBCF1000FF6D1BFF35B8FEAD1012AA0
:103FD00005D13023584300230A180B50536030BDDD
:103FE0005009002438B504461546FFF7B9FF0028EC
:103FF0000DDB3023074A6343D0184068086015B1D1
:104000000C3313442B6030235C43105938BD00201F
:10401000FCE700BF500900244FF0FF334FF0FF32A0
:104020001C4870B528F0E1F800251B4BBFF35B8FEF
:104030001A68BFF35B8F7AB101353033102DF5D19B
:10404000164B17224FF0FF353BF0B8F81A501148C5
:1040500028F0CDF8284670BD3024BFF35B8F6C4349
:1040600053E8000F013043E800010029F8D10C4E5D
:10407000BFF35B8F331932515A609A6204F10C001E
:10408000304431F046FF04F12000304432F02FF983
:10409000DDE700BF44150024580900240C0000008F
:1040A000500900242DE9F041302416460F4A4443BC
:1040B000101911514660C362B6B1F368A3B10C4F39
:1040C0000C343BF07BF8054650F807801319304656
:1040D00040F2051228F078F8B8F15F0F04D0EB59E0
:1040E0005F2B08BF45F80780BDE8F0815009002428
:1040F0000C000000F8B50546FFF732FF002824DB6E
:104100003024134F4FF0FF324FF0FF336C4304F174
:104110000C063E44304628F068F83A1953689B680C
:104120008BB1D26A385912F4404F0AD029469847C9
:104130000446304628F05BF82846FFF72DFF20465E
:10414000F8BD9847F4E71C46F3E74FF0FF34F6E775
:1041500050090024054B00205A6822F002025A60E0
:104160005A6822F001025A60704700BF0010005CDC
:10417000164B82B0D3F8E02042F00072C3F8E02082
:10418000D3F8E02002F000720192019AD3F8F420F3
:1041900042F00202C3F8F420D3F8F42002F0020245
:1041A0000092009A0A4AD2F80423D20706D503F5F2
:1041B0000053D3F89030002002B07047D3F8A0200D
:1041C00042F00802C3F8A020F5E700BF00440258FF
:1041D000000400580C4B0D4A1A600D4AD36823F0B6
:1041E0003F0343F00403D3600A4B1A6841F2030310
:1041F000B3EB124F06D1084AD2F8083143F001035D
:10420000C2F80831704700BF901300240090D0031B
:10421000004802580010005C008000512DE9F04772
:10422000044607464FF00109DFF8508014B93846BC
:10423000BDE8F08794FAA4F5B5FA85F509FA05F317
:104240002E0108EB05156FEA030A24EA03042B7B11
:10425000002BEBD058F806301B694BB946440422BA
:10426000284607EA0A077368196828F063FADDE749
:10427000284698470028D9D1F0E700BF741C0408ED
:1042800030B5002289B00F490F4832F005FA0022FC
:10429000002300240D4D0E4928460094CDE9062345
:1042A0000E234FF44072CDE90334CDE90144094BAC
:1042B00013F070F80849284632F023F8204609B078
:1042C00030BD00BFDD420008E02E0024481E00245F
:1042D00080B20024F945000890540408014812F007
:1042E00075BD00BF341600242DE9F04780462048F4
:1042F0000F4628F005FA0646002832D00025284649
:10430000BDE8F087237B83B12368DB680BB12046CF
:104310009847636883F8069023681B69CBB9636884
:1043200004222046196828F005FA01361034544555
:10433000E8D3B8F1000FE2D0002DDFD02846FFF718
:104340006DFF0546002FF7D00021642032F090F871
:10435000F2E7204698470028E1D009FA06F31D430A
:10436000E3E7044C0546DFF810A04FF00109DEE753
:1043700040460024741C0408841C0408014B53F8B4
:10438000200070479020040808B5034608462BB16A
:10439000044A136000F024FC002008BD6FF01500F3
:1043A000FBE700BF500C002410B5044C237813B970
:1043B000034812F00BFD0123237010BD3A60002466
:1043C0003416002410B504460B4828F099F95CB166
:1043D0000A4BBFF35B8F53E8001F013943E800121B
:1043E000002AF8D1BFF35B8F054832F061F9054828
:1043F000BDE8104012F0EABC384600243C460024D8
:10440000E02E0024341600240020064BBFF35B8FFF
:10441000014653E8000F43E80012002AF9D1BFF328
:104420005B8F70473846002470B5FFF7EDFF084CEE
:104430000546084EB44200D370BD63685B792BB16A
:1044400023685B6813B12946204698471034F1E78A
:10445000741C0408841C040810B5044C044920464C
:1044600027F0CCFF034B1C6010BD00BF5C14002480
:104470007C2004083046002400230D4A4FF47A7152
:104480000C4810B513700C4A13600C4A1360FFF708
:104490007BFFFFF7E1FF0A4B0A4918468B4200D326
:1044A00010BD1A1A5C681033121101322271F5E73F
:1044B0003B6000241BC70208384600243C46002409
:1044C000741C0408841C04080146002200230148CF
:1044D00027F0B5BF5C140024014828F04EB800BF97
:1044E0005C140024024B0146186828F09AB800BFFB
:1044F00030460024014828F0CFB800BF5C140024E7
:10450000264B70B51878002846D0FFF7E5FF054622
:1045100000283ED1224B234C1B68002B12DD32F0C9
:1045200073F80A220023FCF7EBFED4E90032C01A2C
:1045300040F2E93361EB0201984271F1000101D3CD
:10454000FFF772FFD4E9003213F57A7342F10002EB
:10455000C4E90032BDE87040FFF7CCBF63685B7907
:1045600023B12368294620461B6898471034B4427B
:10457000F4D32846FFF7B6FF0B4BBFF35B8F53E82E
:10458000001F013943E80012002AF8D1BFF35B8F06
:10459000C0E7064C064EEAE770BD00BF3A60002453
:1045A00038460024D82E00243C460024741C0408FD
:1045B000841C040870B50D4D297861B90C4C01209C
:1045C0000C4EFFF791FEB44206D3FFF799FF002887
:1045D000FBD101232B7070BD63685B791BB123682D
:1045E00020469B6898471034EDE700BF3B600024ED
:1045F000741C0408841C040800212DE9F0470846B7
:10460000FFF772FE044658B34FF4FA784FF00009F2
:104610001C4B3AF0D3FD1C4A1B58136033B11B4BA3
:104620001B68092B02DD1A4812F0D0FB0025194F38
:10463000DFF85CA044B12046FFF7F0FD044618B94E
:104640004FF0FF384FF0FF39FFF75AFF064628B901
:10465000B5B942464B46504612F0F4FB3546E9E701
:104660004FF0FF384FF0FF39D2E72B689B691BB141
:1046700000222846114698471035BD42F5D3E8E799
:10468000054DFAE708000000344600243C460024AB
:1046900034160024841C0408741C040813B518483C
:1046A00028F02EF8174B1B7873B1EFF31184102309
:1046B00083F31288BFF36F8FFFF722FF84F3118813
:1046C000BFF36F8F02B010BD0F4B1B68002BF9D0EA
:1046D00050B9002200230D48CDE9002342F21072A8
:1046E000002313F095FCEDE70928EBD1074831F0E2
:1046F000DFFF074802B0BDE8104012F067BB00BF03
:104700003C4600243B60002434460024E02E002474
:1047100034160024064B10B504461B689847214602
:10472000A060044827F00AFFBDE81040FFF7B6BFBD
:10473000500C00245C140024044A054B9B1AB1EB76
:10474000D30F34BF52F8310000207047941B040887
:10475000741C04082DE9F04F8FB0C1F34A280D46B0
:10476000914604AF0C0DB8607B60B8F1000F63D0C8
:10477000002607F114034FF0040B4FF00A0AC7F8A4
:104780000C8032467E624846C7E90766019307F10E
:104790001C03CDF808B0CDF800A0F968FFF7B0F918
:1047A000B0F5006F03461CD36C468AB0D9F80410EC
:1047B00004AB26481A46C3E9050140F2FF71D961EE
:1047C0004FF400711984224B42F8103F4FF41251FC
:1047D00033462048FFF7BEFFA5462C37BD46BDE84F
:1047E000F08FC0F30A0804F117003B60184468F327
:1047F000532520F007008008FFF766FE044690B1BD
:104800003B6800F11001144A4846F961C7E90836CF
:1048100007F11403CDF808B0CDE900A307F11C039C
:10482000F968FFF76DF968F353257B68B96820468E
:104830002A4627F09EFFD0E704F1170020F007007A
:104840008008FFF741FE0446EDE700BFA5540408C9
:1048500004000001DC1B040847C70208406820B1BF
:10486000034BC01A40F3CF0070474FF0FF30704742
:10487000941B04080EB403B503AB0146054853F876
:10488000042B019300F096FF02B05DF804EB03B037
:10489000704700BF87C80208CA0605D48B064CBF04
:1048A00002490349FFF7E6BF704700BFE55404081B
:1048B000E45404082DE9F04F89B09B4604460D46A8
:1048C000149B90469DF84CA00693159B179E05934C
:1048D000169B0493BAF1000F00F09D8006F48073DC
:1048E00006F00209079327F023FF024600283ED076
:1048F00091492046FFF7BEFF0746B9F1000F08D0E7
:1049000016F0440F35D12A468C492046FFF7B2FFF6
:10491000074406F0010353B1894B2046894953F8F7
:104920002A20894B002A08BF1A46FFF7A3FF06F486
:104930008073002B49D006F00803002B63D1B8F137
:10494000000F66D0424681492046FFF793FF054697
:10495000069B3D44002B6DD1049B002B73D1F307C4
:1049600000F1E48031462046FFF796FFD8E0074685
:10497000C3E7774B18680028CAD0764B4FF47A7992
:104980004FF03C0C1B68B5FBF3F5B5FBF0F100FBF9
:1049900011554FF4616309FB05F5B1FBF3F2B5FB6B
:1049A000F0FE03FB121100FB1E55B1FBFCF309FBEB
:1049B00005F50CFB1311B5FBF0F500912046664997
:1049C000CDE901E5FFF756FFA2E706F00803EBB1DA
:1049D000624B2046624953F82A20FFF74BFF0546F9
:1049E000B8F1000F05D0424658492046FFF742FF74
:1049F0000544BBF1000FABD05A465A492046FFF799
:104A000039FF0544A4E74FF0000BE1E706F0080585
:104A1000E6E745469CE7BBF1010F069B06D1002B5C
:104A200064D1049B002B7BD000250CE0002BF8D038
:104A30004D485CE04D48069B22464D4927F049FB16
:104A4000049B002B68D0DFF82C81DFF82C91049FA9
:104A50004FF0000B31462046102F28BF1027FFF7DC
:104A60001BFF5D4545DC059B4FF0010B4946204689
:104A70001A78FFF7FFFE1BF0070F03D141462046CF
:104A8000FFF7F8FE5F453BD9059B4946204613F8E2
:104A90000B20FFF7EFFE0BF1010BBBF1100FEAD17A
:104AA0004FF0000B35492046FFF7E4FE5A46059BC0
:104AB00020469A5CA2F120015F29314928BF2E22AD
:104AC000FFF7D8FE0BF1010BBBF1100F1DD01BF04F
:104AD000070F03D141462046FFF7CCFE5F455A46FB
:104AE000E5D841462046FFF7C5FEEBE71F4855468F
:104AF000A1E7414620460BF1010BFFF7BBFEB0E7F3
:104B000020492046FFF7B6FEC5E7059B3B440593C9
:104B1000049BDB1B04939AD1BAF1000F7FF41FAF03
:104B2000204609B0BDE8F04F27F0A0BE064A204657
:104B30000449FFF79FFE15E7EC540408F0540408FD
:104B4000A020040846500408E7540408155504083A
:104B50004846002444460024F9540408B4200408BC
:104B6000195504081F550408BDC8020887C8020863
:104B7000B55700082C550408245504082E55040880
:104B8000305504082A55040842F20F73114A8B422B
:104B900073B5044628BF0B4605680521684625F015
:104BA00023F9636806460B2228465B680A4927F00A
:104BB0004FFE63683246694628465B6827F048FE28
:104BC00063681B2205495B68284627F041FE02B056
:104BD00070BD00BFB06504084F5504083355040884
:104BE00000210123064A904206D8064A01B9012352
:104BF0001360054B18607047400801215B00F2E725
:104C000040420F004446002448460024F8B50D46B3
:104C100004464618054FB44201D12846F8BD14F8A1
:104C2000011BBB6801485B689847F4E790140408CF
:104C3000014B036001207047FC2004082DE9F04778
:104C4000064600AF0C46002936D0E9468AB0A36874
:104C50006D46D1E9001221484FF0050AA846C5E982
:104C60000501C5E9072348F810AF002342464FF479
:104C700021511B48FFF76EFDCD466369AD46D4E96F
:104C800003121848C5F810A0C5E90501C5E90723B6
:104C9000002342464FF421511148FFF75BFDCD46FA
:104CA000E369114A01210E4827F0BCFDA3690F4AB0
:104CB00001210B4827F0B6FD012E07D1EFF3058344
:104CC0000B4A103B3146064827F0ACFD21463046E2
:104CD00011F0B4FCBD46BDE8F08700BFA55504083F
:104CE000141C0408D455040803560408125604087A
:104CF0004056040830BFFFF7FDBF00BF2DE9F0416B
:104D00000B4E0546DFF82C80324606EB0807CC1B1D
:104D10000949204639F02AFFA019083C42460021E3
:104D200039F04CFF07F10800C5F88440BDE8F08178
:104D30000000000008000000841C0408054B5A69AC
:104D40009B689A4204D0044A536843F080535360EE
:104D5000704700BF6456002400ED00E070B5294C98
:104D600006460D462848294927F035FEA36AD9048E
:104D70003CD52548264927F02EFE1720A36A1A05A0
:104D800004D52148234927F026FE18201D4CA36A8C
:104D90009B0512D51C48204927F01DFEA36BA26A73
:104DA000100409D51D4A0121174827F03BFD1EB10B
:104DB000A36A23F40043A3621920124CA36A590585
:104DC00004D51148164927F006FE1A20A36ADA0511
:104DD0000ED50D48134927F0FEFD1B20094A936AA2
:104DE00043F47F43936200232B7070BD1620C5E708
:104DF000A36A9B04F2D504480B4927F0ECFD1C2064
:104E0000ECE700BF00ED00E0141C04085356040852
:104E1000695604087A5604088D560408A6560408F4
:104E2000BB560408D6560408EE56040810B5204CAC
:104E30002049214827F0CFFDA36A990136D51E48A5
:104E40001E4927F0C8FD1E20A36ADA0104D51A48BE
:104E50001B4927F0C0FD1F20154CA36A1B0304D576
:104E60001548184927F0B7FD2120A36A590304D536
:104E70001148154927F0AFFD22200D4CA36A9A0373
:104E800004D50D48114927F0A6FD2320A36ADB03B2
:104E900004D509480E4927F09EFD2420044A936A50
:104EA0006FEA03436FEA1343936210BD1D20CBE703
:104EB00000ED00E01D570408141C040835570408D1
:104EC000485704086257040880570408A557040887
:104ED000BF5704082DE9F843364D804689463648C9
:104EE0003649174627F077FDAB6ADE0627D5112431
:104EF0003349314827F06FFDAB6A1D0704D51224F2
:104F000030492D4827F067FD2A4DAB6A980718D520
:104F10002D49294827F05FFD6E6BAB6A190646D50F
:104F20002A4A33460121244827F07CFCB9F1000FBE
:104F300003D0AB6A23F08003AB62132403E0102498
:104F4000DAE76FF015061B4DAB6ADA0704D51424B7
:104F50001F49194827F03FFDAB6A9B0604D515246D
:104F60001C49154827F037FD124B9A6AD50602D422
:104F70009A6A90070AD55B68190507D541463046FD
:104F800000F026FA10B180F309880224094B9A6ACE
:104F9000920603D55A6A22F400525A629A6A20464F
:104FA00042F0FF029A6200233B70BDE8F8836FF085
:104FB0001506C2E700ED00E0141C0408EA570408D7
:104FC000005804087A560408335804084B5804085B
:104FD00061580408EE5604082DE9F041664B8AB08A
:104FE00004460026D3F8048000AFC8F3080586F312
:104FF0001188BFF36F8F02F07F43B3F17F4F07D16A
:1050000002F00C03082B12D15C495D4827F0E3FC49
:10501000002634460023FB71EB1E092B00F28B8027
:10502000DFE803F00A81847D8989898989871007EF
:105030004CBF0C460126EDE75249514827F0CBFC06
:105040004D4D0023FB71EB6A9A0705D54E494C483C
:1050500027F0C1FC002332E0EB6A002B01DA4B4958
:10506000F5E7EB6A5B00F5D54949454827F0B3FC05
:105070006B69A26943F480736B61BFF34F8FBFF319
:105080006F8F6B6932F8022C23F480736B61BFF36E
:105090004F8FBFF36F8F4DF602739A4208D0AB6A01
:1050A000DBB27BB3FA1D01212046FFF713FF38E086
:1050B0002368384A0121324827F0B4FB2368FA7983
:1050C000E2B907F1080504F1200C2068083454F80F
:1050D000041C2A46644503C21546F6D17A6A002E9E
:1050E00045D0C2F3080121B96FEA52226FEA422289
:1050F0007A6207F108011846FFF7A0FD2837BD4680
:10510000BDE8F081AB6A13F47F4F04D0F91D012094
:10511000FFF724FE05E0AB6AB3F5803F9AD3FFF7B3
:1051200085FE0346CBE7FA1D0021BDE7F91D0020EF
:10513000EEE719498BE718F4F87F184AE8468AB079
:10514000174B18BF13466A461649103DC2E90513AE
:105150004FF40073D5611384134B42F8103F0023C2
:105160004FF411510648FFF7F5FAC54672E722F4ED
:10517000FF7222F00102BBE700ED00E0AE58040828
:10518000141C0408D9580408F058040811590408DC
:105190001F5904083E5904085A5904089558040830
:1051A000805804087E59040804000001044B5A6921
:1051B00042F010025A615A6922F008025A6170479F
:1051C00000ED00E0EFF30880EFF3098101B57246CE
:1051D000FFF702FF01BD00BF0A4880F308881020D6
:1051E00080F3118808484FF40461401880F309885F
:1051F000EFF314800221084380F31488BFF36F8F0C
:1052000000F0B2F880ED0024C0C30024084B9B6876
:1052100083420BD1EFF3058343B1064B5A6842F04A
:1052200080525A605A6A22F400425A6212F07EBBDF
:105230006456002400ED00E015498A684FF0300004
:105240001044EFF3098C80E8F01F102080F31288DF
:10525000BFF36F8F0F4F4FF000664A698A603E6060
:10526000D2F884000C4C2060D2F888000023C2F8E9
:10527000883080F3118804B5104600F00FF9BDE8BE
:10528000044002F1300090E8F01F8CF30988704769
:105290006456002404ED00E0784600241EF0040F5C
:1052A0000CBFEFF30880EFF30980816911F8021C4D
:1052B0000229FFD001B5724627F07DFB01BD00BF7A
:1052C00000B2002807DB0123410900F01F00024A59
:1052D000834042F82130704700E100E000B200282E
:1052E0000CDB4309012200F01F00054920338240F6
:1052F00041F82320BFF34F8FBFF36F8F704700BF7C
:1053000000E100E04209054B00F01F0053F82220A5
:10531000012303FA00F01040704700BF00E100E0F5
:1053200000B2013100284FEA0111C9B206DB00F1D9
:10533000604000F5614080F80013704700F00F00F6
:10534000014B1954704700BF14ED00E0044B054AAF
:1053500023F07F039360BFF34F8FBFF36F8F7047CE
:105360000000000800ED00E008B5FFF7EFFF0B4A72
:10537000D2F8883023F47003C2F88830EFF3148336
:1053800023F0040383F31488BFF36F8F11F050FAF6
:1053900012F036FC00F058F811F0A2FA00ED00E02F
:1053A00042F8203C203A009B08495360019B21F0C1
:1053B00001019360029B9161D3604FF08073D361D0
:1053C00000230265C0F88830704700BF153F000811
:1053D000094A0346906870B113F1160F406F05D06B
:1053E000A0F140029A4205D8834203D2814228BFED
:1053F00000207047002070476456002415460B4A71
:105400000E4608B50A4B9060D0F884201A6000F070
:1054100045F82C4686F309880020064B984720461D
:10542000002100220023044C204700BF64560024C2
:1054300078460024E7C90208153F0008014B1022F6
:105440001A61704700ED00E0002304481021C218E3
:105450000133962B82F80013F9D1704700E100E088
:1054600008B5EFF30583064A103B02EBC30152F87F
:10547000330049688847BDE80840FFF75FBC00BFBC
:1054800050150408024B0221024A034800F08AB872
:1054900000000824000000240C210408426F402171
:1054A000044B403A18461A60034AC3E9011201212D
:1054B00000F082B87C46002400000B1508B50346B6
:1054C0001048D0F89020C2F30722013A934207D93E
:1054D0000D4801210D4A27F0A5F96FF0150008BD10
:1054E000C0F898300A6822F01F021A4342F01002F6
:1054F000C0F89C208A6842F00102C0F8A02018463B
:10550000EDE700BF00ED00E0FC1B0408955904081E
:10551000F0B50E4685B01F4604460025B5420DDAAB
:10552000606810B397B1431E18420AD0104A2B4648
:105530000121104827F076F96FF01502104605B0EA
:10554000F0BD1F28F2D921680B42EFD1236801A9D1
:10555000019327F05CFAA3680343D0B20393FFF7EB
:10556000ADFF10F1160FE7D0421C01350C34D5E722
:10557000BB590408FC1B0408044B0522C3F8942003
:10558000BFF34F8FBFF36F8F704700BF00ED00E098
:10559000BFF35F8F024B0022C3F89420704700BF17
:1055A00000ED00E010B5034C01232278FFF7B0FFB7
:1055B000207010BD3D6000240B4A08B5002312780E
:1055C000FFF7A6FF10F1160F07D0084A0021D2F806
:1055D0009030C3F30723984200DB08BDC2F898005F
:1055E0000130C2F8A010F2E73D60002400ED00E0B9
:1055F0006A496B482DE9F043D1F8903085B00268D4
:10560000C3F307239A4200F2C580FFF7C1FF4B693D
:10561000DB031ED50023C1F88430BFF34F8FD1F8D0
:10562000803043F6E075C3F3C904C3F34E335B0126
:1056300003EA0507224647EA8276013AC1F8746216
:10564000F9D2203B13F1200FF2D1BFF34F8FBFF3FC
:105650006F8FD0E9004100225048A24201F10C01B5
:105660001AD1504C684600254F4F2270FFF7E0FAE0
:10567000DFF838810646DFF83891AE421FD1237833
:1056800000204649D1F89020C2F3072293427BDBE9
:105690000020FFF771FF4CE0C0F8982051F80C3C57
:1056A00023F01F031343013243F01003C0F89C3072
:1056B00051F8043C43F00103C0F8A030CDE7009856
:1056C0004FEA051C00EB0511CB683B40B3F5000F1A
:1056D00044D00AD8B3F5001F2ED0B3F5800F34D0D4
:1056E000B3F5801F10D00135C7E7B3F1807F3ED0FE
:1056F000B3F1007FF7D150F80C30886827F087F9B4
:105700004A6840F4802009E050F80C30886827F09F
:105710007EF940F088504A6840F43020039001A997
:105720002078CDE90123FFF7C9FE002828DA6FF0C1
:10573000150005B0BDE8F08350F80C30886827F0FC
:1057400066F94A6840EA0800E8E750F80C308868D3
:1057500027F05DF94A6840EA0900DFE750F80C30AD
:10576000886827F054F94A6840F08270D6E750F80C
:105770000C30886827F04BF94A6840F08870CDE714
:10578000237801332370AEE7C1F898300133C1F8B4
:10579000A00077E74FF0FF30CBE700BF00ED00E05F
:1057A000382004083D6000240000F0FF00000811CC
:1057B00000000206F0B587B007460E4614460021E9
:1057C000102268461D4639F0F9F902232A4621467F
:1057D0008DF802306846044BCDE90476019324F03D
:1057E00085FF07B0F0BD00BF2FCA020808B5024B05
:1057F0001B689847002008BD98460024034B044AC4
:105800001860937843F00203937070479846002421
:105810005C0C002408B5054826F0B3FC002383F394
:105820001188BFF36F8F0423184602DFDE59040886
:105830000649074821F00701C1F1105208B502F5E9
:10584000002226F0EEFB002008BD00BFBF3B032472
:105850009C4600244FF0FF324FF0FF33014811F017
:10586000BBB900BF6C0C0024014811F02DBA00BF79
:105870006C0C002438B50546FFF7ECFF08210848FA
:105880002A4626F04FFB044628B925B1054B0C22C9
:1058900039F094FC1A50FFF7E7FF204638BD00BFEF
:1058A0009C4600240C00000038B504460D46FFF766
:1058B000D1FF084821462A4626F034FB044628B981
:1058C00025B1054B0C2239F079FC1A50FFF7CCFFBB
:1058D000204638BD9C4600240C00000010B504464C
:1058E000FFF7B8FF0348214626F0CBFABDE8104089
:1058F000FFF7BABF9C46002438B5074C0025204668
:1059000030F007FB013504F1140030F0F0FC2434D2
:10591000052DF4D1002038BDA8460024214B70B5D8
:1059200082689A4215DD0133D0E9001692FBF3F349
:1059300001294FEAE37476F1000520DAC91844EB37
:105940000604C0E90014184901FB03238360012009
:1059500070BD002AFBDAB2F1004F1BBF9B1A13493E
:105960000323B3FBF1F3D0E90041DE1700290FDA7E
:1059700001F100459C42B5410ADA0020E8E7CD4339
:105980009D426FF00045A5EB0605A541D6DAF4E788
:10599000E41A61EB0601C0E90041044901FB03225E
:1059A0008260D4E7FFC99A3B003665C400CA9A3BBF
:1059B000012810B50C4609D0042818D10023002274
:1059C000C1E9002300238B60002010BD4FF0FF329F
:1059D0004FF0FF330A4826F0E6FB0028F4D1094BCC
:1059E0000FCB84E80F00064826F0D8FBECE7064B07
:1059F000162239F0E3FB1A504FF0FF30E5E700BF05
:105A00004C160024182F00240C000000F0B50022D2
:105A100085B00026002701280C460292CDE90067D8
:105A20000AD004280BD01623264A39F0C7FB13509E
:105A30004FF0FF3005B0F0BD6946FFF7B9FF30F019
:105A4000E3FD42F210720023FBF75AFC1E4B5A434F
:105A5000C4E90001A2602046FFF760FF08B98B236C
:105A6000E2E7D4E90010DDE9003200281ADA002A62
:105A700008DA4E424FF0004565EB0005B34272EB89
:105A80000505ECDB5B1842EB00022046C4E900325E
:105A9000A368029A1344A360FFF740FF0028DED0FA
:105AA0000020C7E751EA0005ECD0012B72F1000598
:105AB000E8DBCD439D426FF00045A5EB0005954125
:105AC000DFE700BF0C000000A08601002DE9F843CD
:105AD0000D46064608B301B33D2139F099F8E0B907
:105AE0000F4BD3F80090B9F1000F04D0C8464446DC
:105AF00058F8047B17B96FF001000CE02A463146D4
:105B0000384639F098F80028F1D17B5D3D2BEED175
:105B1000A4EB09008010BDE8F8836FF01500FAE7E8
:105B20005C47002470B50646E0B1FCF76DF9054608
:105B30004FF0FF324FF0FF330C4826F034FB0446A1
:105B400090B929463046FFF7C1FF002805DB084B16
:105B500001351B6853F820402C44044826F01EFBF6
:105B6000204670BD0546E3E70024F9E71C16002433
:105B70005C47002438B5054D00240134284630F038
:105B8000B6FB0C35052CF8D1002038BD6047002449
:105B900038B5054D00240134284630F0BAF91435E3
:105BA000052CF8D1002038BD9C4700240A4B0B4A35
:105BB00030B51C460025191BB1F5487F01D90020DE
:105BC00030BD03F198015068C3E926200160C83355
:105BD00003F8085C5160EEE7282F0024800C0024B5
:105BE00070B541690446857A0B4E59B1437ADB079B
:105BF00006D4302303FB05639B6A1B689B689847A8
:105C00000023636105EB4505214606EB0510BDE861
:105C1000704030F05ABA00BF7C160024827A3021DE
:105C2000064B01FB0233DA6A93F82230801A1B33E9
:105C300023F00303B0FBF3F0704700BF7C16002491
:105C400038B53024827A064B04FB02339B6AD3E9D1
:105C500001240C601568FFF7E1FF04FB005038BD1C
:105C60007C1600242DE9F04385B0054690461C467D
:105C70006846039130F0CAFCDDE90067EFF3118953
:105C8000102383F31288BFF36F8F2B8C002B43D02C
:105C9000EA8B9A4225D900220023284611F064F8A5
:105CA0000446F0B189F31188BFF36F8F039B002B7B
:105CB00043D032463B46684630F0CDFCA27A3021D4
:105CC000264B204601FB023303A99B6A1B681D6813
:105CD000DDE90023A847606180BB2046FFF780FF15
:105CE00026E0298C4B1E2B8489F31188BFF36F8F1C
:105CF00095F82230EA8B1B33EC6A521A23F0030327
:105D000002FB0344154B164AEB1A1B115343A372B3
:105D100095F82230E372C9E789F31188BFF36F8FDA
:105D200023464246284611F01FF804460028BDD1FC
:105D30000024204605B0BDE8F083636101230025FF
:105D4000E27A04F1180023812946039B656063828F
:105D500038F034FF63692582E360EAE77C160024AB
:105D6000ABAAAAAA70B50C4C302500B970BD037A55
:105D70004668013BDBB20372002BF7D1C36043607E
:105D8000837A05FB03435B6A13B198473046ECE71F
:105D9000FFF726FFFAE700BF7C160024F7B506469A
:105DA0000D460D488AB2314683681B689847002823
:105DB00010DA00240CE02F1B042F28BF04270CF05E
:105DC000ABFF019030193C443A4601A938F0CEFEB1
:105DD000A542F0D803B0F0BD50140408054A064BA4
:105DE0001168928819609A80002304481A4619465F
:105DF00004F042BA685A04083E600024090005F025
:105E00002DE9F04105460E461746134CDFF84C804D
:105E1000444508D3124B6A2239F0D0F91A504FF09A
:105E2000FF30BDE8F0812368AB4200D08BB9A36896
:105E30003A4631462846984758B1094B002239F076
:105E4000BDF93146C2503A46E3682846BDE8F04104
:105E500018471034DCE700BF841B0408941B0408B7
:105E60000C00000037B50D4601AA6946FEF7BAF8E6
:105E7000044660B1009B1B695BB986230D4A4FF055
:105E8000FF3439F09BF91350204603B030BD09238D
:105E9000F4E74FF0FF3201984FF0FF3326F086FE13
:105EA000009B294620461B6998470446019826F026
:105EB0007FFEE9E70C00000073B50D461646694603
:105EC00001AAFEF78FF80446B0B1009B5B69DBB115
:105ED0004FF0FF324FF0FF33019826F067FE009B32
:105EE000204632465B69294698470446019826F0C9
:105EF0005FFE204602B070BD0923044A39F05EF906
:105F00004FF0FF341350F4E75F23F6E70C00000076
:105F10002DE9FF410D46164602A903AA1F46FEF7CA
:105F200061F80446E8B1029B5B6A13B34FF0FF329D
:105F30004FF0FF33039826F039FE0B9B2046324684
:105F4000019329460A9B0093029BD3F824803B4689
:105F5000C0470446039826F02BFE204604B0BDE857
:105F6000F0810923044A39F029F94FF0FF34135026
:105F7000F3E75F23F6E700BF0C0000002DE9FF41C7
:105F80000D46164602A903AA1F46FEF72BF8044643
:105F9000E8B1029B9B6A13B34FF0FF324FF0FF331F
:105FA000039826F003FE0B9B2046324601932946B8
:105FB0000A9B0093029BD3F828803B46C0470446C7
:105FC000039826F0F5FD204604B0BDE8F0810923D2
:105FD000044A39F0F3F84FF0FF341350F3E75F232E
:105FE000F6E700BF0C00000073B50D461646694683
:105FF00001AAFDF7F7FF044648B90E4B09224FF0FE
:10600000FF3439F0DBF81A50204602B070BD019819
:106010004FF0FF324FF0FF3326F0C8FD21463346E4
:106020002A46009826F0B3FD0446019826F0C0FDEC
:10603000EAE700BF0C0000002DE9FF410D461646BF
:1060400002A903AA1F46FDF7CDFF0446D8B1029B63
:106050001B6B03B34FF0FF324FF0FF33039826F072
:10606000A5FD0A9B2046324600932946029BD3F8A1
:1060700030803B46C0470446039826F099FD2046F1
:1060800004B0BDE8F0810923044A39F097F84FF0D5
:10609000FF341350F3E75F23F6E700BF0C00000066
:1060A00073B50D461646694601AAFDF79BFF0446E7
:1060B000B0B1009B1B6CDBB14FF0FF324FF0FF33F0
:1060C000019826F073FD009B204632461B6C294642
:1060D00098470446019826F06BFD204602B070BD3B
:1060E0000923044A39F06AF84FF0FF341350F4E7FB
:1060F0005F23F6E70C00000070B506461D460C460F
:1061000009B1142A07D01623164A39F057F813504C
:106110004FF0FF3070BD03F099FF1022014620467A
:1061200038F066FD0028EED0206926F052FD58B9FF
:1061300096F9A800002804DC02F02EF920B9022309
:10614000E2E726F046FDF9E721462DB106F0F6FA22
:10615000002804DA4342D7E706F042FBF8E70020C4
:10616000D8E700BF0C00000010B5044609B10C2AA6
:1061700007D016230F4A39F021F813504FF0FF30A3
:1061800010BD0B68002BF4D0886860B126F021FDAB
:1061900038B994F9A800002809DC02F0FDF80028BD
:1061A000E7D05823E6E7081D28F003FAEEE726F0CB
:1061B00010FDF4E70C000000F7B507460E46144644
:1061C000FDF72AFF051E18DB3CB97B1E012B04D806
:1061D000022E17D0012E08BF0624F1B201ABA2B2E5
:1061E000B8B204F0AFF9061E0EDA2846764226F061
:1061F00000F8114B38F0E2FF1E504FF0FF352846F3
:1062000003B0F0BD1124E8E7019800234360036761
:1062100074302FF00DFF0198903030F068F8062CA4
:1062200002D1019828F004FC4FF44043034A01993D
:106230002846FDF737FFE2E70C000000382104088C
:1062400037B5069D0446E3B90093002200230E49AA
:1062500004F07EFA04F174002FF0EAFE04F19000DD
:1062600030F045F8214605F174002FF023FF204659
:1062700028F0DEFB05F1900003B0BDE8304010F0DF
:10628000EBBF03B030BD00BFE9CB02082DE9F04100
:1062900088B00C460546109EDDE90E8757EA0801D6
:1062A00013D014F1690F02D014F10B0F0DD1684611
:1062B00030F0D1F9DDE9002313430ED114F1690F59
:1062C0000CBF6FF00B046FF0680464422D4B38F084
:1062D00075FF1C504FF0FF304AE0B7F1FF3F08BF99
:1062E000B8F1FF3F0BD00A22002340463946AFB930
:1062F000FAF7B6FF3368834294BF33603060D5F855
:10630000980008B110F0E0FC14F1690F09D1306871
:106310000A21A0FB010130F0ABF81FE0FAF7F0FF13
:10632000E8E70B341AD1B5F8A640C4F38114012C68
:10633000EDD195F9A80026F04CFC28462CF07BFA0C
:1063400000220346022103A830F0C2FA32680A2371
:10635000A2FB0323214603A811F0C2FE33685B00B1
:10636000642B28BF64233360D5F8980018B9002047
:1063700008B0BDE8F0814FF0FF324FF0FF3310F06E
:106380002BFCF4E70C000000F8B540F203130446C0
:10639000994200F08E80B1F5827F0ED2042923D07D
:1063A000B1F5817F2BD0032919D06F4B5F2238F0D4
:1063B00005FF1A504FF0FF3015E045F21B4399429C
:1063C00000F0C48045F22143994200F0BD8040F2C4
:1063D00005139942E9D11368C0F898300DE0006FB9
:1063E000C0F340008003F8BD1268036F550423F02A
:1063F000020301D543F0020323670020F3E7D2E94B
:10640000001597688B88D8071BD52B689F4202D14F
:106410006FF00B00E7E704F1740204201A612B68A7
:106420005A7B60F305025A732B689A7B6FF345120F
:106430009A732B68DA686FF39432DA602B6814333E
:106440002B608B885A072CD5B4F8A630C3F3811380
:10645000012B02D06FF07700C5E794F9A80026F071
:10646000B8FB2E68B742D3D0B4F8A6302046C3F3A9
:106470004103012B1AD12CF0E1F9306102212B6884
:106480005A7B61F305025A732B689A7B6FF34512AE
:106490009A732B68DA686FF39432DA602B681433DE
:1064A0002B60236F13F0050FA7D0D3E72CF0C3F9AF
:1064B000E3E7D2E90056AB88DB070ED53368DB682B
:1064C00013F4EE1F02D1036FDF0703D5EB8843F00F
:1064D0000103EB80336814333360AB8858071ED553
:1064E000B4F8A630C3F38113012B28D194F9A80086
:1064F00026F06FFB3368DB6813F4FE1F0CD0236FAC
:10650000D90709D4B4F8A630C3F34103022B02BF64
:10651000EB8843F00403EB80336814333360236F5C
:106520005A0742BFEB8843F00803EB80236FDB0779
:106530007FF563AFEB8843F01003EB805DE7EB88FA
:1065400043F00403EB80EAE7036F53E7002314688A
:1065500019461A4626F0ACFB6FF00043984294BFF0
:106560002060236049E700BF0C00000013B5B0F8BD
:10657000A630002104460022C3F341030091032BFF
:106580004FF0000319D128F0AAFE042320466360CF
:10659000236F43F00403236726F067FB204604F0D3
:1065A000AFF8031E06DA5B42054A38F007FE1350C7
:1065B0004FF0FF33184602B010BD04F0C9F8E4E70D
:1065C0000C00000037B505460C4611BBB0F8A630EC
:1065D00000220091C3F34103032B4FF000030DD1C0
:1065E00028F07DFE031E0CDA5B420F4A38F0E6FD10
:1065F00013504FF0FF34204603B030BD04F0A8F82C
:10660000F0E72B6F284643F001032B6726F02DFBA4
:10661000F1E74C1E38F0D2FD034B012C94BF8622CB
:1066200016221A50E5E700BF0C00000013B504461F
:1066300028F039FA031E07DA5B420E4A38F0BEFD35
:1066400013504FF0FF3007E0B4F8A630C3F38113C6
:10665000023B012B02D9002002B010BD636800226A
:10666000054920460093002304F072F8031EF2DA75
:10667000E2E700BF0C000000E9CB02082DE9F0437F
:10668000B0F8A630914685B00446C3F3811288461F
:10669000032A09D12B4B5F2238F090FD1A504FF09E
:1066A000FF3005B0BDE8F083C3F34103022B2FD0C8
:1066B000012B056F09D138F081FD15F0040F214B36
:1066C00001D06268EAE77822E8E715F0020543683E
:1066D0001DBF002600271C4D47F2305608BF00277B
:1066E000012A17D1009300220023184904F030F842
:1066F000002801DA434217E063684A4641462046D3
:1067000002932B46CDE9006728F0FAFC0028F1DB64
:106710000020C6E702934A462B46CDE9006728F0E1
:10672000EFFC031E05DA5B42064A38F047FD1350C2
:10673000B5E763680022054920460093002304F072
:1067400007F8E3E70C000000D7CB0208E9CB02080A
:1067500013B5B0F8A6300446C3F38113032B0CD055
:1067600028F0C0FA031E0ADA5B420B4A38F026FD15
:1067700013504FF0FF3002B010BD5F23F5E7002249
:10678000002306492046009428F0A9FD002801DADC
:106790004342EAE70020EEE70C00000041620008F7
:1067A0002DE9F04F5B068FB016464FF0FF384FF0E3
:1067B000FF394FF00A0204460D46189F0B92CDE9AF
:1067C0000C8903D4036F13F002034BD00022002383
:1067D000CDE90C2308A82FF019FF08A8DDE90C2348
:1067E000DDE908892FF012FF2C492046DDE9082356
:1067F000CDE90623636800220093002303F0A8FF7D
:10680000031E36DB4FF0000A0DF12C0B6168DDE949
:106810000C23002F37D0049120462946CDF804A040
:10682000CDE90223199B324600933B4628F0E9FD4F
:10683000002825DA0146CDF808B02046DDE90C2312
:10684000CDE9002342464B46FFF720FD002817DB29
:1068500008A8DDE906232FF0FEFEDDE90823CDE9D7
:106860000C23D3E70CAA052104F018F90C4A0023E5
:10687000B0E75B420B4A38F0A1FC13504FF0FF30F9
:106880000FB0BDE8F08FCDE9002302913B463246C0
:106890002946204628F054FDCAE700BFE9CB02088C
:1068A000A08601000C0000002DE9F0474FF0FF33F7
:1068B0008CB015464FF0FF3204460E46CDE90A2350
:1068C0000A2309936B0603D4036F13F0020339D034
:1068D00000220023CDE90A2306A800272FF096FE08
:1068E00006A80DF1240ADDE90A23DDE906892FF067
:1068F0008DFEDDE90623CDE90423DDE90A233146D7
:1069000020460297CDE9002300232A4628F054FDB3
:1069100000281EDA0146CDF808A02046DDE90A234A
:10692000CDE9002342464B46FFF7B0FC002810DBC0
:1069300006A8DDE904232FF08EFEDDE90623CDE96C
:106940000A23DAE70AAA052104F0A8F8024A00237C
:10695000C2E70CB0BDE8F087A0860100F7B5B0F83B
:10696000A63004460F461646C3F38113032B05D108
:10697000434B5F2238F022FC1A5012E0036F9D0750
:1069800014D44FF0FF334FF0FF326946CDE90023B6
:1069900026F021FA031E09DA5B42394A38F00EFC70
:1069A00013504FF0FF35284603B0F0BD002204F12C
:1069B0007400002310F0D8F9044620B9304B0B22A4
:1069C00038F0FCFBD8E7FDF727FB051E06DA20466A
:1069D00026F04BF9204603F093FEE2E704F1740041
:1069E0002FF090FBA8B190F83730990711D5236F9D
:1069F000284643F00103236725F0FBFB204626F0E1
:106A000034F9204603F07CFE1D4B712238F0D6FB92
:106A1000B2E7B4F8A6305A0508D5194B712238F000
:106A2000CDFB1A50284625F0E4FBD0E723F4007391
:106A3000A4F8A63077B16EB1326804F12C01384663
:106A4000182A28BF182238F091F8A38D012B09D1FC
:106A5000082333604FF440430A4A21462846FDF795
:106A600021FBA0E7022B01D11823F2E7284625F0ED
:106A7000C0FB034B862238F0A1FB1A50A7E700BFEA
:106A80000C000000382104082DE9F04F8FB09A4621
:106A90004FF0FF330D4602924FF0FF320746CDE92B
:106AA0000423189B5906DDE9196B03D4036F13F017
:106AB00002032FD000220023CDE90423189B07F105
:106AC000740413F00203DDE90489009336D0102228
:106AD000002109A838F072F804230D948DF83130A4
:106AE00001214B46424609A811F0FAFA00F10B01C8
:106AF00003460B2918D89C4A0A41D20714D42046D1
:106B00002FF0FCFA0446F8B9984B0B2238F056FBEC
:106B10001A500EE004AA042103F0C0FF04A938466D
:106B200026F059F9031EC9DA5B42904A38F046FB59
:106B300013504FF0FF300FB0BDE8F08F42464B4688
:106B4000204610F011F9DDE7D0E90398002E4DD072
:106B5000BBF1000F4AD0DBF80020B7F8A430039255
:106B6000019328F096FF94F83730039AC3F3021389
:106B7000338094F83730C3F30213012B43D1002044
:106B80001423072ACDE9090363D909A9204629F06E
:106B900060F9074610B96FF068035CE00A99204677
:106BA00028F0C6FF0028F6D194F83A10204628F0C5
:106BB000BFFF0028EFD1FB6873609DF80430B71C5D
:106BC000112B57D107AB09A9099308230A93204633
:106BD00029F03FF90028DED003883B80C4E9039800
:106BE0003388012B51D10823CBF80030002D00F061
:106BF0008780EB6813B1AB68002B4AD15B4B0C224A
:106C000038F0DCFA84E7022B3CD100212823172A34
:106C1000CDE909131DD909A9204629F01AF907461B
:106C20000028B8D00A99204628F082FF0028B2D167
:106C3000618F204628F07CFF0028ACD107F10803C3
:106C4000321D183753F8041BBB4242F8041BF9D11C
:106C5000B3E76FF015035B42C4E90398434A38F089
:106C6000ADFA1350009B002B7FF463AF204628F051
:106C700079FE5EE7062B05D109AB07A9079314231C
:106C80000893A4E76FF08503E5E7022B69D1182389
:106C9000AAE7204628F0CCFF50458346064628BF89
:106CA000D34600235F4677B9564503D9AB6943F015
:106CB0002003AB612B69002B4ED0696979B30F2992
:106CC00048D86F612BE0AA68D158D01821B9274B5A
:106CD000162238F073FA1BE7426820460293BA4244
:106CE00028BF3A46019228F039FFDDE9012308B1B7
:106CF0006923B3E7BA4203F10803E8D8BF1AD2E721
:106D0000204628F095FF82450646029928BF824614
:106D100020465246D34628F021FF0028E8D1009BA8
:106D2000E3B9204628F01EFE189B13F0200F0CBF7D
:106D300058463046FFE61744073222F0070010306D
:106D400018448842BDD822F0070213441A68002A6A
:106D5000F1D1B6E71944F9E76B61E0E7C4E90398BC
:106D6000E2E786237AE700BF7EF7FFFF0C00000012
:106D70002DE9F04F17468DB01E464FF0FF324FF011
:106D8000FF330D460446DDF85880CDE90823B0F8FE
:106D9000A630D90740F1A880C3F34103022B40F08D
:106DA000A58018F0400F02D1036F9A071BD500226F
:106DB0000023CDE90823002E40D008F4807BDDE9D4
:106DC0000823CDE90576CDE90A23CDB1C7B9EB6833
:106DD0008BB96FF015004342454A38F0EFF94FF098
:106DE000FF3613502AE013F00503E4D108AA04216A
:106DF00003F054FEDFE7AB681A685B6805920793FF
:106E0000002702A8DDE90A232FF000FC3E46DDE959
:106E10000223CDE90023069B63B3236F13F0040024
:106E200010D060684042002820EAE076D3DB18F0FA
:106E3000020F03D13146204628F00DFB30460DB03D
:106E4000BDE8F08FDB07EED4DDE90AA95AEA0903B1
:106E500012D1C5B9434606AA05A9204625F028FF48
:106E6000831950EA03063DD15AEA090918D0BBF14B
:106E7000000F31D13046D6E70AA9204625F0ABFFF6
:106E80000028E6DACFE7434607AA05A9204625F001
:106E90000FFF064450EA060305D15AEA090302D15E
:106EA0006FF00A0097E7AA68FB0052F83710014418
:106EB00005910699091A069107990029D7D101373A
:106EC000E9688F42D6D00833D118D2584B68059262
:106ED00007930AB1002BD6D10AA8DDE900232FF0D1
:106EE000BAFB98E71E46C2E7092375E7802373E7DC
:106EF0000C000000F0B585B01C461346DDE90A67BA
:106F00000AB3B0F8A620C2F38112951E012D08D84D
:106F10000A4600940021CDE90167FFF7B5FD05B0F1
:106F2000F0BD012A07D10A4600210A9405B0BDE848
:106F3000F040FFF71DBF054B862238F03FF91A508D
:106F40004FF0FF30EBE71046E9E700BF0C00000010
:106F5000F0B5B0F8A63085B0C3F3811C644699B192
:106F60008E68D6B10023CF6804361D46AF4218D1D3
:106F7000023C012C1AD80C1D02940C68CDE90024A7
:106F80000022FFF781FD06E016230C4A38F016F9BF
:106F900013504FF0FF3005B0F0BD0C23F5E786230A
:106FA000F3E756F835E001357344DFE7BCF1010F34
:106FB000F5D100920022FFF7DBFEECE70C000000A9
:106FC00073B50D461C4606461146062D069B5BD042
:106FD00005DC002D60D0012D22D06D237BE0292D12
:106FE000FBD1182A00F3AA800F2AF6DDA2F11001C6
:106FF0000829F2D801A252F821F000BF557100080B
:107000005B7100086D71000873710008DB6F000888
:10701000DB6F0008DB6F0008DB6F00084D710008B4
:107020000F2A2ED00DDC032A1DD0042A15D0022AE7
:10703000D3D12246092103F031FD00281BDA434257
:1070400049E0262A1AD0272AC7D11B68042B41D130
:10705000B0F8A630C3F3C20303E01B68042B39D198
:107060004368236007E0B0F8A620C2F381121B68D2
:10707000042B2FD12260002002B070BDB0F8A420F4
:10708000F5E722460A21D6E7012AA6D1224602B018
:10709000BDE870402BF0A8BB202A13D008DC022AE0
:1070A0000DD00E2A47D0012A97D122460821C2E7E7
:1070B000212A3DD0222A90D122461721BBE7224621
:1070C0001021B8E7B0F8A620C2F3C202012A09D005
:1070D0006A2300E01623284A38F070F813504FF066
:1070E000FF30C9E704221B68019294B1934210D18A
:1070F0000DEB020313216A4603F0D0FC00280CDAE2
:1071000043421D4A4FF0FF3538F058F813502846D7
:10711000B2E71623F5E70223F3E7009808B92560E4
:10712000F5E727F00EF80028F5D043682360EEE776
:1071300022460D217FE7224614217CE7432AB4D062
:10714000482A7FF44AAF2246112174E722461421CF
:10715000304670E722460F21FAE7B0F8A620C2F3C6
:10716000C202022AB4D122461321F1E722460E219F
:10717000EEE722461621EBE70C00000073B50E4641
:10718000054611461C46062E069A75D005DC002ED3
:107190007BD0012E24D06D2357E0292EFBD11A2954
:1071A00000F3C7800F29F6DD10390A29F3D801A3AF
:1071B00053F821F0557300085D73000865730008EB
:1071C000817300086D7300087D73000897710008D3
:1071D000977100084573000897710008EF71000867
:1071E0000F2925D006DC022919D00D29D3D1002082
:1071F00002B070BD1929CED1B0F8A630C3F3C201D8
:107200000139012900F2C08022B1002C00F0BE80BB
:10721000217889B923F40063A5F8A630E7E713467F
:107220000921224603F05CFB0028E0DA43420CE02F
:1072300013460A212246F5E7082A40F0A780204697
:1072400002F006FC031E07DA5B42524A37F0B6FF33
:1072500013504FF0FF30CBE725F0BBFC002800F0C7
:107260009780B5F8A63043F40063A5F8A63002F085
:10727000A7F885F8A800BAE701298CD11346224661
:1072800002B0BDE870402BF083BA242983DC1F29AB
:1072900008DC01295AD002297FF47DAF1346102162
:1072A0002246BFE7A1F12103032B03D8DFE803F057
:1072B000323D3737002300931CB10C2A03D0082A33
:1072C00016D016231EE0A06890B125F082FC009035
:1072D000009808B102F074F80423019013212846A5
:1072E0000DEB030203F0FCFA002811DA434209E037
:1072F0006368002BECD06946201D01F037FD0028A3
:10730000E6D10223234A4FF0FF3637F057FF1350E0
:1073100030466DE713460D212246284682E7214676
:1073200002B0BDE87040FEF71FBF1346172122468A
:10733000F3E743290AD048297FF42DAF13461121E2
:1073400022466FE7134614212246E6E7134608213A
:10735000224667E713460F212246DEE71346132134
:107360002246DAE713460E212246D6E701232146BC
:10737000284602B0BDE87040FEF7BEBE0023F6E727
:10738000134616212246C8E76A235EE716235CE708
:1073900013235AE70C000000F0B51446B0F8A620FD
:1073A0000D4687B0C2F381110346032903D005B10E
:1073B00064B9162300E05F23234A37F0FFFE135021
:1073C0004FF0FF3007B0F0BD8023F5E7D005FBD5C7
:1073D000012903D1C2F34102022AF5D19A8D012A73
:1073E00012D1ADF800206946DA8D28461B6BADF846
:1073F000022022680193082A28BF082237F0B6FB32
:10740000082300202360DDE7022AD2D1ADF8002056
:107410000021DA8D01AF0591ADF8022003F13002B1
:1074200040331068083252F8041C3E469A4203C6A4
:107430003746F6D1226869462846182A28BF1822FE
:1074400037F094FB1823DCE70C000000F0B5038C48
:107450000E4689B00446012B15464FF0000114D1A9
:10746000436ACDE9021163B3082301AA0DEB0301BE
:10747000019328F006F8031E15DA5B42154A37F02F
:107480009DFE13504FF0FF3019E0022B1BD118273F
:1074900002A83A4637F092FB636A93B101AA02A9A7
:1074A00020460197E5E7019B02A92A6830469A42E7
:1074B00028BF1A4637F05AFB019B00202B6009B009
:1074C000F0BD1623DAE7034B162237F077FE1A5089
:1074D000D8E700BF0C0000002DE9F041D1F808808A
:1074E00005460C46D8F80C3013B90220BDE8F081EF
:1074F000B8F810200D2AF8D9D3F806104FF0030C75
:107500009E890620C4F82610598972BA84F825008D
:10751000618504F12E0184F824C097B2D3F800E00D
:10752000C4F82EE09B8884F82D000846638684F812
:107530002CC0A28625F0C0FC94F82E3003F0010385
:1075400085B1D5F800C0BCF1000F0BD09CF811201C
:10755000062A07D148B943B90CF1120037F048FBAD
:1075600018B1C2E708B9002BBFD00E2108F10C00FA
:1075700025F0EEFAA3688BB9214B224A22499342A7
:10758000B3D29889B84207D15868884204D1D3F859
:107590000880B8F1000F03D11033F0E75B68EAE729
:1075A000224639462846C04700289FD002289CD052
:1075B00048F688639E4299D094F83730C3F302139B
:1075C000012B13D1A368DB685B885BBA9BB22D2BC0
:1075D0008CD8A268002A89D0118A994232BF5B1ADE
:1075E00013820023526838BF9BB2F3E7022B7FF46B
:1075F0007DAFA368DB689B885BBA2833E6E700BFF2
:10760000541B0408841B04083C17002400487047DE
:10761000815A0408F0B58DB0164604460D46302256
:107620000021684637F0CAFA012320468DF807602A
:107630008DF8003025F00FFC0646876894B123686A
:1076400083B15A68124B9A420CD1204625F008FCAF
:10765000C30407D537B13C6924B12B88012B03D073
:10766000022B0BD00DB0F0BD0DF10101281D25F04E
:1076700083FC6A4607213046A047F3E733238DF8A1
:1076800002308DF801302B69CDF80330F1E700BFEF
:107690003C1700242DE9F347804625F0DCFB8A8E59
:1076A0000E46D0F8089057BABFB2B9F1000F00F0FB
:1076B000BC80D9F81C302BB96FF08505284602B084
:1076C000BDE8F08791F83730C3F30213012B59D18D
:1076D000B2F5006F56D18B688D69DC6802F0B2FCA0
:1076E000036822699A4213D004F11001284601F080
:1076F000C3FA68B9B368D9681031084625F09EFB13
:10770000024628B901AB304600F02AF9054630BBE5
:107710003446082794F82D304BB9454B1A68C4F805
:107720002D209A889B79A4F8312084F833304FF4C7
:107730007A7200230E21204603F07AFA824618BBA3
:107740006FF00B05B7F5C16FB8D1304628F0EAF8F5
:10775000A3684046D968103100F048FB47E0012893
:1077600009D1304628F0FEF8019CA78E7FBABFB23F
:10777000002FCFD1A0E70228A0D13046002528F065
:10778000F1F89BE73446F3E750F80C5F0E2125F043
:10779000D0F9B7F5C16F3ED094F83730C3F3021378
:1077A000012B28D1A368DA681032104625F046FB79
:1077B00088B32946104625F0DFFBD4F82630514621
:1077C0002046C5F80630638DAF816B8128F0F1F853
:1077D000204628F05EF94046D9F81C30214625F0B5
:1077E0003AFB984705460028ACD1A368CBB92046A0
:1077F00028F0B8F862E7022B0DD1A368DB681B7E86
:10780000FF2B08D10B4B1B882B80A368DB685B6ABE
:10781000C5F80230D1E7D4F82E302B60638EAB80F0
:10782000CBE71A8A5B681544E0E76FF0010545E78E
:107830006F5A0408875A040838B5012305461149D0
:1078400025F004FB03760446456104302EF0E0FC8D
:10785000284625F005FB4205284642BF237E43F01B
:107860000403237625F0FCFAC30404D5064A00215C
:10787000064800F0A3FD00F0CDFA637E43F002035A
:10788000637638BD47CF020815760008004800240B
:1078900008B5084B5A683AB11B68002123B19A42D7
:1078A00004D1044825F0ADFB104608BD19461B68FD
:1078B000F4E700BF204800242DE9F84325F0CAFB77
:1078C0004FF0FF3306464FF0FF32214825F0ECFB26
:1078D000204B1C685CB12568C6F5FA69DFF8748036
:1078E0001D4F34B91A48BDE8F84325F00BBC2546B6
:1078F000F2E7626809EB0203002B21DC012120463C
:1079000025F00EFC22460021404625F07AFB00239C
:1079100023607B6833B9C7E9004435B12B682C4636
:107920001D46DEE71C607C60F7E72B46F7E702F5B3
:10793000FA620A23A2FB032308480FF087FCD1E771
:10794000921B12F5FA6FF2D100221346F4E700BF42
:107950000C48002428480024304800241033002418
:107960002DE9F04F894687B090469B46054620B9E1
:107970006FF0150007B0BDE8F08F8368002BF7D0DB
:107980005AB9806926F0B7FB38B9AB699B6823B157
:1079900003F160091B6E002BEAD0804E4FF0FF32DE
:1079A0004FF0FF337E4825F07FFB002337684A46BF
:1079B000059305ABA969384625F096FB04460028D7
:1079C00032D1DFF8E0A10346DAF8000025F08CFBA5
:1079D0000646002849D174480468002C41D022464C
:1079E000314625F00EFBAB690293B8F1000F4FD181
:1079F0004FF47A7200231C210298CDE900234346FC
:107A0000424603F04FFA0646002842D11CB12146F7
:107A1000654825F0EFFA624825F074FB00236FF00B
:107A20000B00CBF80030A5E7B84207D00246059915
:107A3000304625F0E6FA214625F0DCFA584825F0D4
:107A400061FBA06825F0EDFA811C05F1240025F00A
:107A50002DFB05F12C0004F1100125F027FB00207F
:107A600088E7FFF715FF0446BDE7284627F05AFFD1
:107A70000546014606F118002EF031FB20B14848BA
:107A800025F040FB022075E7284627F06BFFAAE7A8
:107A90002E4640F606030122B0681C21B38696F8F4
:107AA00037300C3062F3061386F8373025F041F892
:107AB000B368DF6806F124030393002C5BD02846EB
:107AC00027F030FF294604F118002EF0F3FAB369CD
:107AD000A360D9F80030E360A06825F0A2FA811C09
:107AE00006F1240025F0E2FA00232360DAF80430DE
:107AF000002B3CD1CAE9004425F0ACFA60602B4869
:107B00002EF062FD084305D144F620620023284888
:107B10000FF09CFBFFF77AFD014606F12C000122D5
:107B200025F0C4FA082100237A70B97006213B7051
:107B300039710421FB707971BB71FA71C7F8123089
:107B4000FB82D9F80030BB61D6F82630BB60738D5C
:107B5000BB81CCB9AB68D8680C300368C7F80E306D
:107B60000F4825F0CFFA0120CBF8006002E71C6037
:107B7000CAF80440C0E7029825F053FA811C06F1C8
:107B8000240025F093FAC5E7A3684146986825F0DC
:107B900096FA0028E1D1C7F80E00E1E7204800245A
:107BA0000C480024284800243048002420330024B6
:107BB000103300242DE9F74F05460F461646984628
:107BC0009DF8309025F065FA38B94FF0FF324FF04C
:107BD000FF3305F12C0025F067FADFF82CA14FF0F8
:107BE000FF324FF0FF33494825F05EFA0023DAF800
:107BF00000B03A460193294601AB584625F074FA85
:107C0000044680BBBBF1000F02D141482EF04FFB70
:107C1000B8F1000F0BD03F4801AB3A462946006847
:107C200025F062FA18B133680361B3888382B9F131
:107C3000000F0FD00023374829463A46019301AB85
:107C4000006825F051FA014600283FD033680361EF
:107C5000B38883822D4825F055FA284603B0BDE845
:107C6000F04F25F051BA02460199504625F0C9F966
:107C7000DAF8003013B926482EF019FB336804F106
:107C80001807214623482361B388A38225F0B2F95F
:107C9000A369002BDED04FF0FF334FF0FF323846A0
:107CA0000FF062F8836806462C30D96825F0FEF99B
:107CB0003DB32B682BB35B68314628465B68984719
:107CC0000028E5DA304627F04DFEE1E71248046867
:107CD0008CB1224625F095F925F0BCF9C4E90105DF
:107CE0003B68E360336821460A482361B388A38276
:107CF00025F080F9AEE7FFF7CBFD04460028EBD175
:107D0000A8E700235B68FFDE284800240C48002415
:107D10001033002420480024304800242DE9F84383
:107D2000DFF8B48005464FF0FF324FF0FF332B48A9
:107D300025F0BAF9D8F8004024B126680027DFF80A
:107D4000A09094B9274F3C682CB126684FF00008EA
:107D5000DFF88C9024BB3B6813B923482EF0A7FAB8
:107D60001E48BDE8F84325F0CDB9234615B1A268F9
:107D7000AA420DD10021204625F0D2F939464046CD
:107D8000224625F03EF92146484625F033F93B4688
:107D900026B1326834461F461646D2E73246F9E726
:107DA000234615B1A26895420DD10121204625F048
:107DB000B7F941463846224625F023F92146484680
:107DC00025F018F9434626B13268344698461646DF
:107DD000C0E73246F9E700BF204800240C480024E1
:107DE0003048002428480024103300240A46014665
:107DF000074808B50023006825F076F920B1012175
:107E000025F08EF9002008BD6FF00100FBE700BFF0
:107E10002848002438B5124D2B7803BB114A124C68
:107E2000C2E90033114AC4E90033C2E90033104803
:107E30002EF0FEF80F49204625F0DCF801F14C0049
:107E40002EF0F6F820460C4925F0D4F80B490C48E2
:107E50002EF01FFA0B482EF05CF801232B7038BD72
:107E60007E60002428480024304800242048002454
:107E700050480024384800246C480024B978000891
:107E8000103300240C480024036804481BBA1B0C60
:107E90001B041B1A58425841704700BF0000FEA93E
:107EA000174B70B58CB0054625F09CFC83420C4600
:107EB000164602D001200CB070BD284625F097FC74
:107EC0008368002BF6D0DB68002BF3D09847044280
:107ED000F0D02846C4F10D0125F089FC8368C9B2B1
:107EE0005B690BB90020E6E76A4698470028F9D19C
:107EF000009B36EA030314BF01200020DBE700BF2C
:107F00003C1700248388022B06D100F10802816906
:107F10001023064802F0B0B9012B05D100F1080288
:107F2000816910230248F5E7704700BF0A0004E0AA
:107F3000060003E038B54FF0FF324FF0FF33044640
:107F400016480D4625F02DFD154A92F82230D80727
:107F500008D5990706D59388AB4203D174B19369CC
:107F60009C4218D092F8461011F0010311D08B07F3
:107F70000FD5138DAB420CD144B90124242303FB4C
:107F80000424064825F016FD204638BDD36B9C42DC
:107F9000F3D00024F5E70024F0E700BF58150024D3
:107FA000904A00244FF0FF334FF0FF3270B5054682
:107FB000184825F0F6FC184B196879B10A684FF09B
:107FC000FF334FF47A7659B95A1C1BD113482EF05F
:107FD0006EF91048BDE8704025F0ECBC0A46EEE7AB
:107FE000CC69098C641B06FB0141002909DD8B4229
:107FF00028BF0B461AB1106811460246E3E7104647
:10800000FAE700230A220548A3FB02230FF01EF91A
:10801000DFE700BF58150024884A002400340024FC
:108020002DE9F74F8B463A4DBDF83010814690460A
:108030009A464FF0FF324FF0FF333648019125F05A
:10804000B0FC95F82260019916F0010604D095F86D
:108050004630DB0759D4012624277743EC1994F8DE
:108060002230C4F8189043F00103A4F804B084F857
:10807000223081B3DBB2218423F0060343F00203F4
:1080800084F8223025F022FC2146E061224825F0C8
:1080900062FBE069FFF786FF0837BBF1020F05EBD3
:1080A000070222D14346164608F110071868083324
:1080B00053F8041C3546BB4203C52E46F6D11023A7
:1080C0004946164802F0D8F8124825F073FC2046BD
:1080D00003B0BDE8F08F94F82230218423F006032A
:1080E00043F0040384F82230D6E7D8F8003049463C
:1080F0000B48EB51242303FB065595F822306AF315
:10810000410385F822300423DCE70024DCE700BFCC
:10811000904A002458150024884A0024090004E0ED
:10812000050003E038B505464FF0FF324FF0FF334E
:108130000F4825F036FC95F8224014F0010412D0C7
:108140002846FFF7DFFE29460A4825F00EFB18B146
:1081500025F0BCFBFFF726FF95F8223001246FF3D2
:10816000000385F82230024825F024FC204638BD63
:1081700058150024884A00242DE9F8431B4D4FF080
:10818000FF33804617461A484FF0FF320E4625F05F
:1081900008FC95F82230A94613F0010F1CD00024EA
:1081A000AB88B34217D1AB69434514D1022E0ED12F
:1081B000394605F1080025F081FB60B1242303FB5B
:1081C00004940B4825F0F6FB2046BDE8F8833A6896
:1081D000AB689A42F2D03CB999F8464014F00104D9
:1081E000EFD024350124DBE70024EAE7904A00249D
:1081F000581500242DE9F047224E25F067FB4FF07B
:10820000FF3280464FF0FF331F4825F0CAFB346829
:108210002CB1002527684FF47A7AA9463CB940462C
:10822000FFF7C0FE1848BDE8F04725F0C3BBE3697F
:108230002246218CA3EB08030AFB0133002B12DC3E
:108240002046FFF75FFE22689DB9736832609C424A
:1082500000D1726094F822302A46C4F8009069F385
:10826000000384F8223057B13B683C4615461F4650
:10827000D4E72A6073689C4208BF7560EAE73B4612
:10828000F3E700BF884A002458150024002809DDC0
:10829000431E4422044802FB0300044B984228BFBB
:1082A0000020704700207047DC16002420170024AF
:1082B0002DE9F34125F00AFB00234FF0FF3206467B
:1082C0002748CDE900334FF0FF3325F06AFB254AFC
:1082D00014681CB354F82C5905B12C3DC6F1640642
:1082E00001E02C461D46636B3344002B10DC5068C4
:1082F00004F12C01E36A81426846136008BF5360B1
:1083000025F029FA55B1EB6A002BEAD02C3BE8E7BF
:108310000A22154883FB02230EF098FF104825F02F
:1083200049FB009CCCB12C3C0127DFF84080261D86
:1083300094F83C0084F8297025F007FD05460146B5
:1083400010233246404601F097FF3146284603F09D
:1083500073FDE46A0CB12C3CE9E702B0BDE8F081A2
:1083600058150024704A0024703300240D0004E0E6
:1083700008B50246064B07498B4202D30023184634
:1083800008BD184625F033FA8242F8D04433F3E7AB
:10839000DC16002420170024054B064A934205D022
:1083A000054A1068002808BF18467047002070472B
:1083B000DC16002420170024D84A0024F8B504460F
:1083C0000D4D4FF0FF330D4816464FF0FF320F466C
:1083D00025F0E7FA2146284625F0C7F92B682360E7
:1083E0006B682C6003B96C600448C4E90176BDE891
:1083F000F84025F0DFBA00BFAC480024581500242F
:10840000F8B54FF0FF330546174610484FF0FF32DE
:108410000E4625F0C6FA0E4B1B680BB11C6823B93B
:108420000A48BDE8F84025F0C5BA5A68AA4200D00B
:1084300022B99B683A463146284698471CB12268C3
:1084400023461446EBE72246FAE700BF58150024FE
:10845000AC48002438B504460D4625F0A4FA07219F
:10846000204625F0FDF920B3636843B105B12B60C8
:10847000002504F1180025F09DFA284638BD4FF07C
:10848000FF324FF0FF330C4825F08BFA0B4BD3F83B
:108490003C2142B96360C3F83C4105B12B600648FA
:1084A00025F088FAE4E704486FF0020525F082FA27
:1084B000DFE76FF08505DCE7581500242849002424
:1084C00070B5044625F06FFA0B21204625F0C8F957
:1084D000034604F1180053BB656845B325F06AFAFA
:1084E000204629F0D9F830BB25F0F0F94FF0FF33E2
:1084F0004FF0FF32C5F834010F4825F052FA05F568
:1085000098710E4825F031F90C4825F024F90A48F5
:1085100025F050FA0A482EF057F808430BD142F2E2
:10852000107200230748BDE870400EF08FBEBDE812
:10853000704025F03FBA70BD58150024684A0024E9
:108540005033002440330024F7B525F0BFF9002351
:10855000314E4FF0FF3205463048CDE900334FF041
:10856000FF3325F01EFA32685AB31468A2F59873E7
:108570000CB1A4F59874C5F57A7701E0234614464A
:10858000D3F83401391800293CDC03F5987172687E
:10859000D3F8303168469142336008BF736025F0EC
:1085A000DAF874B1D4F83021002AE7D0A2F5987235
:1085B000E4E700F57A720A23A2FB032318480EF0C1
:1085C00045FE164825F0F6F9009C14B3A4F59874FE
:1085D000144D94F8383114480133DBB284F8383143
:1085E000A84205D3D4F830419CB1A4F59874F0E7C3
:1085F0004268A24201D04430F2E7022BF2D8FFF7E2
:108600005FFFEFE7401B10F57A7FD2D100221346BF
:10861000D4E703B0F0BD00BF684A00245815002419
:108620004033002420170024DC16002438B504460B
:1086300025F0B9F9656875B14FF0FF324FF0FF339F
:10864000084825F0AEF905F59871074825F08DF832
:10865000044825F0AFF904F11800BDE8384025F0D2
:10866000A9B900BF58150024684A00242DE9F84331
:1086700006460F461D4DDFF878904D4501D3002486
:108680002FE0284605F1180825F08DF96C6824B90B
:108690004046443525F08EF9EFE794F83D309A07CF
:1086A00008D52388022B05D18022211D304625F0D4
:1086B000E3F8C8B994F87D309B07E9D5B4F84030A9
:1086C000022BE5D1802204F14401304625F0D4F894
:1086D0000028DDD0402307B13D6040461C4425F012
:1086E00069F92046BDE8F8830023F4E7DC1600248E
:1086F00020170024F8B5134E4FF0FF3204464FF018
:10870000FF3330460D4625F04CF9012318340E4F47
:1087100063743846214625F028F8384625F01BF8C2
:1087200025F0D4F829460246204625F07CFF002398
:10873000002206480EF08AFD3046BDE8F84025F0DC
:1087400039B900BF58150024804A0024D0330024D2
:108750002DE9F74F0546019125F025F96F6867B3BC
:1087600007F184094FF000084FF01C0A0AFB087B50
:108770009BF89860F30717D50199484625F09EF8B5
:10878000044688B16FF3000610234A4629460C4878
:108790008BF8986001F070FD05F1180025F00AF9DA
:1087A000204603B0BDE8F08F08F1010809F11C096B
:1087B000B8F1030FDAD10024EEE73C46ECE700BF46
:1087C000040004E02DE9F74F80460D46214C4FF0A0
:1087D0001C0BDFF884A0544507D245B12B6833B198
:1087E000A34204D044345445F8D3002428E0204662
:1087F00004F1180925F0D7F8676827B948464434CA
:1088000025F0D8F8E7E707F1840100260BFB067393
:1088100093F89830DB0717D531F8043C022B13D1BD
:1088200080224046019125F027F8019960B105B1F9
:108830002C601C24484604FB0674803425F0BAF8EA
:10884000204603B0BDE8F08F01361C31032EDDD188
:10885000D4E700BFDC160024201700247FB50446AF
:108860000D46019025F09FF803A92046FFF7F2FD81
:10887000002807DA00260198183025F09BF83046CA
:1088800004B070BD2B78FF2BF4D101A92846FFF767
:1088900099FF0028EED1039E96F8983013F001045A
:1088A00008D096F8B430DA0726D596F8D030DB0732
:1088B000E0D402241C23284605F110015C4333193F
:1088C00093F8982042F0010283F898200222A3F83E
:1088D000802004F184023244134650F8045B88423D
:1088E00043F8045BF9D110230199044801F0C4FC5A
:1088F00004F180031E44BEE70124DBE7030004E02B
:108900002DE9F047074686B00D469146984625F07A
:108910004AF801A93846FFF79DFD00287ADB7C68FC
:1089200044B394F8F9309B0709D504F1E4012846D3
:1089300024F0C4FF18B194F8F8304B4518D094F8DF
:1089400021319E0716D504F58671284624F0B6FF1E
:1089500080B194F820314B450CD12823D4331C44EA
:1089600007F1180025F026F8204606B0BDE8F0878C
:108970000023F3E7019C002CF2D094F8F920900733
:10898000C2F3400304D594F82131990742D401235E
:10899000282605F1100E5E4306F1D40A264496F807
:1089A000F920A24486F8F89042F00202C6F8F4706A
:1089B00086F8F92002AE2A4635461068083252F889
:1089C000041CB4467245ACE803006646F5D10AF1D2
:1089D00010060DF1180C2A46083603CA624546F8FF
:1089E000080C46F8041C1546F5D1282239460A48D9
:1089F00002FB034308F101025446D2F1000848EBA0
:108A0000020893F8F92068F3000283F8F92024F0B3
:108A100065FFA5E70024A3E7050004E02DE9F8437E
:108A200006460F461D4CDFF878904C4507D246B1FC
:108A3000336833B1A34204D044344C45F8D300200A
:108A400024E0204604F1180824F0ADFF6568FDB16C
:108A500095F8F9309A0707D595F8F820394605F1C9
:108A6000E40024F009FF58B995F821319B070FD590
:108A700095F82021394605F5867024F0FDFE38B1C1
:108A800006B13460404624F095FF0120BDE8F8832C
:108A90004046443424F08EFFC7E700BFDC160024B4
:108AA0002017002438B54B1C04460D461ED04FF04D
:108AB000FF334FF0FF320E4824F073FF21460D487C
:108AC00024F053FE0B4824F046FE24F0FFFE294616
:108AD0000246204625F0A7FD0023002206480EF09E
:108AE000B5FB0348BDE8384024F064BF38BD00BF83
:108AF00058150024784A0024A033002410B590F8BB
:108B0000253004469B0714D54FF0FF324FF0FF335A
:108B1000084824F046FF2146074824F026FE00229C
:108B20002046114625F07FFD0248BDE8104024F0A4
:108B300041BF10BD58150024784A00242DE9F043A8
:108B4000002385B0044617460D468DF80F300029E6
:108B500058D00A8848F2FE039A4233D00B78FF2B94
:108B600004D14B7803F00F03022B2BD0294620466B
:108B700025F0BAF960B190F82480FCB10DF10F0333
:108B8000424629462046009724F085FF044610E01F
:108B90004FF08008F1E730460DF10F0342462946B9
:108BA0000097443624F077FF002818BF04464E454E
:108BB000F1D3CCB1204605B0BDE8F083124EDFF80A
:108BC0004C90F4E724B10121204625F043F9DDE77C
:108BD0000121FFF7E1FB25F03DF904460028E9D12A
:108BE000094D0A4EB54204D305B0BDE8F04301F08B
:108BF0002DBA0121284625F02DF904460028D9D1A7
:108C00004435EFE70C46D5E7DC1600242017002496
:108C100038B504460D4624F0C6FE0621204624F051
:108C20001FFE10B3A36843B105B12B60002504F10A
:108C3000180024F0BFFE284638BD4FF0FF324FF039
:108C4000FF330B4824F0ADFE0A4B9A6E3AB9A3608D
:108C50009C6605B12B60064824F0ACFEE6E70448AC
:108C60006FF0020524F0A6FEE1E76FF08505DEE770
:108C700058150024BC48002470B50D4668B1BDE805
:108C8000704025F010B82946204625F00CF818B998
:108C90004434B442F7D3002070BD014C014EF8E7D4
:108CA000DC1600242017002400232DE9F34105469B
:108CB0000E468DF8073000294ED00846FFF7E4F83D
:108CC000034628BBFDB10DF10702284624F08AFFB8
:108CD00004460CE0384600230DF10702314624F02B
:108CE00081FF4437002818BF04464745F2D3A4BB90
:108CF0000121284625F022FA044670BB02B0BDE8E7
:108D0000F04101F09BB92C46164FDFF85C80ECE790
:108D1000EDB10121284625F00EFAD9E720460123BE
:108D20000DF10702314624F05DFF4434002818BFDE
:108D300007464445F2D3FFF72FFB314601230DF1DF
:108D4000070224F04FFF044638B93C46CFE72F46D0
:108D5000044CDFF81480ECE70C46204602B0BDE876
:108D6000F08100BFDC16002420170024F8B5064669
:108D70000D46114C114FBC4201D300241AE020468D
:108D800024F011FEA36804F118001BB9443424F048
:108D900011FEF0E793F83D209207F7D51A88012AD3
:108DA000F4D1326859689142F0D105B12C601C466B
:108DB00024F000FE2046F8BDDC1600242017002415
:108DC0002DE9F7430646884691461D4624F0EBFD03
:108DD00001A9304606F11807FFF71AFF002831DB1A
:108DE000B46894F83D30990720D5D8F8001062682F
:108DF00091421BD1DA0612D404F11403BFF35B8F46
:108E000053E8001F013143E80012002AF8D1BFF3F4
:108E10005B8F94F83D3043F0100384F83D303846C2
:108E200024F0C8FD204603B0BDE8F083B9F1020F7D
:108E3000019C03D194F82830042B05D094F83D30E0
:108E40009B0701D50024EAE7002CE8D094F83D30D8
:108E50000122114823F01203228043F0120384F808
:108E60003D30D8F8003094F83D106360B5FA85F3D2
:108E700062615B0984F8292084F8289063F300017B
:108E80006FF07F432364042384F83D103146E218D9
:108E900001F0F2F9C3E700BF010003E0F8B50646B0
:108EA0000D46154C154FBC4207D245B12B6833B166
:108EB000A34204D04434BC42F8D3002419E0204635
:108EC00024F071FDA36804F118001BB9443424F0A8
:108ED00071FDE8E793F85C20D207F7D51EB1996CD5
:108EE00032689142F2D105B12C6003F1440424F0C0
:108EF00061FD2046F8BD00BFDC16002420170024C9
:108F00002DE9F041984686B0002305460F461646E7
:108F1000019301AB24F050FD044620B96FF0150019
:108F200006B0BDE8F081BFF35B8F636904F1140202
:108F3000BFF35B8F002BF1D0581EBFF35B8F52E85D
:108F4000001F994204D142E8000CBCF1000FF6D199
:108F5000BFF35B8FE7D1012B05DDB8F1000FDFD048
:108F6000C8F80040DCE794F83D30022F6FF341036E
:108F700084F83D3050D1002E4CD02846019F24F07B
:108F800012FD6B68002B41D094F83D30DB0714D400
:108F9000294E4FF0FF334FF0FF32284824F001FDF7
:108FA00004F11801304624F0E0FB336813B924487B
:108FB0002DF07DF9214824F0FDFC0B212846261DCB
:108FC00024F04EFC98B91D484FF0FF324FF0FF33AC
:108FD00024F0E7FC04F12C011A4824F0C6FB18B178
:108FE0003146284602F028FF144824F0E3FC012F04
:108FF00006D1304602A924F0E4FB2846FFF7A8FB7F
:10900000102332462946104801F036F905F11800C0
:1090100024F0D0FC002083E7012FFBD1002EF9D0F3
:10902000284624F0C0FCAB68002BEFD0042329466F
:109030000648E218E8E700BF804A002458150024DB
:10904000D0330024704A0024020004E0020003E050
:1090500037B50C46019024F0A6FC01A92046FFF785
:1090600005FB50B1019D021D10230748294601F060
:1090700003F92146284625F016F90198183024F006
:1090800099FC03B030BD00BF0E0004E02DE9F041B3
:1090900006460F46904624F086FC7468002C42D0A9
:1090A00094F8F9309A0709D5394604F1E40024F020
:1090B00005FC18B194F8F830434531D094F82131CB
:1090C000C3F340059B0724D5394604F5867024F088
:1090D000F5FB0546E8B194F82031434523D128201B
:1090E0000125D4302044FFF709FD28233A462146C4
:1090F00003FB0545304695F8F9306FF3410385F8D9
:10910000F9304346012525F0F2F83146074824F0AE
:10911000E5FB06F1180024F04DFC2846BDE8F0817F
:1091200000200546DDE70025F3E700BF060004E068
:109130002DE9FF4124F0CAFB002307464FF0FF3220
:109140002D48CDE902334FF0FF3324F02AFC2B4B9E
:109150001C68B4B125684FF0FF36DFF8A080BCB1C1
:109160003946204625F098FA68B92146404624F051
:10917000FCFA02A824F0EFFADDB12B682C461D465C
:10918000EDE72546E7E7864228BF0646AC42F3D125
:10919000731C05D00A231A48A6FB03230EF056F8C9
:1091A000154824F007FC174D029C24B904B0BDE813
:1091B000F0812B46E2E7206A24F0F5FB94F8253095
:1091C00001A9206A6FF3410384F82530FFF742F9C3
:1091D00000280FDB94F8243004F110020199206A72
:1091E00025F085F82846216A24F078FB206A18309B
:1091F00024F0E0FB2468D8E758150024784A0024BE
:10920000A0330024060004E02DE9F84F24F05EFBB3
:109210004FF0FF3380464FF0FF32274824F0C1FB68
:10922000264B1C68002C42D054F8185905B1183D43
:109230004FF0FF37DFF884A0DFF8849001E02C4680
:109240001D4604F1180B4146584625F025FA0646FE
:1092500000BB5946504624F088FA584632463146FB
:1092600025F0E1F9174848450CD24168A14204D0E5
:1092700001F140039C420BD1012601EB8611043120
:1092800025F011F85DB1AB69002BD8D0183BD6E7BB
:109290004430E8E7874228BF0746A542F2D17B1C4D
:1092A00005D00A230848A7FB03230DF0CFFF02488F
:1092B000BDE8F84F24F07EBB58150024804A0024F6
:1092C00020170024DC160024D0330024F8B54FF01A
:1092D000FF33054617460E484FF0FF320E4624F086
:1092E00060FB0C4B1B680BB11C6823B90848BDE838
:1092F000F84024F05FBB5B683A4631462846984701
:109300001CB1226823461446EFE72246FAE700BF65
:1093100058150024B44800240023F7B504460D4630
:10932000CDE90033002943D0244B1B6853B195F895
:109330002D202E31062A3BD80DF102008DF8012098
:1093400035F014FC092120466F6924F089FA88B3AE
:109350000D21204624F084FA38B94FF0FF324FF047
:10936000FF3304F12C0024F01CFB2046294624F096
:1093700039FA4368204698470D210646204624F0D6
:109380006FFA18B904F12C0024F014FB002E02DA55
:10939000284626F0E7FA1FB13146384624F02CFA69
:1093A0009DF8013023B1324669462046FFF78EFF13
:1093B00003B0F0BD6FF07206EAE700BFB4480024C6
:1093C000074B984208D3074A904205D2C01A064B71
:1093D00080105843013070474FF0FF30704700BF96
:1093E000DC16002420170024F1F0F0F070B50C46D4
:1093F0000021054684F82910A8B324F031FA90B36F
:109400000821284624F02CFA68B301232146284677
:1094100084F8383028F023F824F058FA606328469E
:10942000FFF7CEFF4FF0FF334FF0FF3284F83C00E0
:109430000D4824F0B6FA04F12C010C4824F095F9FB
:109440000A4824F088F9084824F0B4FA08482DF0B6
:10945000BBF8084307D14FF47A7200230548BDE8F2
:1094600070400DF0F3BE70BD58150024704A002402
:1094700080330024703300242DE9F04F054687B077
:109480000F469246994624F08EFA01A92846FEF727
:10949000E1FF002805F11808C0F2C3806C6894F859
:1094A0003D309B0704D5211D384624F007FA38BB10
:1094B00094F87D309E0725D504F14401384624F008
:1094C000FDF9F8B1012304EB831494F83D30D8067C
:1094D00012D404F11403BFF35B8F53E8001F013172
:1094E00043E80012002AF8D1BFF35B8F94F83D30B7
:1094F00043F0100384F83D30404624F05BFA10E05E
:109500000023E0E7019E96F83D209107C2F3400357
:109510000CD596F87D309A0707D50024404624F0F4
:1095200049FA204607B0BDE8F08F012306EB83140B
:109530000DF1080E4FEA831B94F83D2022F01A0229
:1095400042F0120284F83D20022226F80B2001226C
:1095500084F828A007F1100A62613A4610680832C0
:1095600052F8041CF4465245ACE80300E646F5D137
:109570000DF1080E04F1040C0DF1180A72460CF1FD
:10958000080C03CA52454CF8080C4CF8041C9646CB
:10959000F4D14FEA831AB9F1000F2ED006EB0A037B
:1095A0004946204693F83D206FF3000283F83D20A2
:1095B000FFF7A0F828460BF1040B24F027F9030766
:1095C000B34423D4384624F0EBF8F8B90B212846ED
:1095D00024F046F9D0B910235A462946124800F023
:1095E0004BFE404624F0E6F95946284624F0BDF9E2
:1095F00021462846FFF7FAFE93E706EB0A0292F8A7
:109600003D3043F0010382F83D30D3E75644012357
:109610005A46294686F829301023034800F02CFECC
:109620006AE7002468E700BF010004E0F7B50368BB
:10963000002104469D7E24F013F9002875D10220F4
:109640002368002B00F06981987623689B7E834213
:1096500040F06381062840F0DB80062D00F05D813C
:109660000821204624F03EF92146AD4824F036F981
:10967000204624F0CBF8010700F14F81204624F06A
:1096800092F90721204624F0EBF8002800F093809F
:109690000B21204624F0E4F8002840F08C8001A93A
:1096A0002046FEF7D7FE0028C0F28580019D95F880
:1096B0003D309A0703D5291D204624F056F995F828
:1096C0007D309B0704D505F14401204624F04DF977
:1096D000002105F194031C270E460A4607FB0250A1
:1096E00090F8980010F0010F04D0800702D41E609B
:1096F00091B31E4601321C33032AEFD104F1180046
:1097000024F058F96EB3356805B1143DA6F1100187
:10971000204603F013F825B36B69291DF3B12046E9
:10972000A3F1140503F00AF8F6E7204624F05FF8E9
:109730002CF01AFB70B10921204624F091F8002882
:109740003FF47DAF0A21204624F08AF8C0F10600DC
:10975000C0B275E7032073E71946CAE7204602F056
:10976000EDFF204624F052F8C30704D5636813B117
:10977000204624F0DEF8204624F015F90621204684
:1097800024F06EF848B301A92046FFF741FA0028FB
:1097900023DB019A002302F1580118461D4678B1D7
:1097A00004F1180024F006F9DDB12B68CBB1143BAD
:1097B000BBB15B69FAE704F1180024F0FBF8D0E7CD
:1097C00092F85C00C707EBD58607E9D401209365C2
:1097D0000BB90B46E2E70D46E2E704F1180024F06E
:1097E000E9F80721204624F03BF850B10B21204630
:1097F00024F036F828B9204624F044FE2046FEF72F
:109800005FFE0621204603B0BDE8F04024F028B8F2
:10981000062D40F082800821204624F076F821466B
:10982000404824F05BF8204623F0F0FF050774D48D
:1098300007212046656824F013F8C0BB204624F0B9
:10984000B2F80721204624F00BF8B8B101A9204650
:10985000FEF700FE002811DB00251C26019906FBFF
:1098600005F3CA1892F89820D20704D58033204611
:10987000194424F0CBFA0135032DEFD104F118057A
:10988000284624F097F8204624F08DF8062120463B
:1098900023F0E6FF28B101A92046FFF7B9F9002817
:1098A00031DA284603B0BDE8F04024F083B80B213C
:1098B000204623F0D5FF0028C0D1002DBED0204681
:1098C000FEF7B4FE95F83D3098070AD52B88022B99
:1098D00007D195F82830012B03D1291D204624F00B
:1098E000E2FC95F87D309907A8D5B5F84030022BF9
:1098F000A4D195F86830012BA0D105F14401204690
:1099000024F0D1FC9AE7019991F85C30DB07C8D5C7
:109910004431204624F07AFAC3E703B0F0BD00BF1B
:10992000020001D0010001D0F8B505460E46054CF5
:10993000054FBC4200D3F8BD204631464434A84709
:10994000F7E700BFDC1600242017002438B50546D1
:1099500024F029F80021284623F082FF30BB284656
:1099600023F040FF044680B1846874B1284623F098
:109970003EFF2CF0F9F9E0B12846012123F032FF37
:10998000836828469847041E0ADB0021284623F0F6
:10999000A9FF0948294623F0A1FF2846FFF746FE04
:1099A00005F1180024F006F8204638BD6FF0770462
:1099B000F6E76FF00504F3E7040001D00A4A08B5A2
:1099C000034623F00FFF824208D14BB11B683BB125
:1099D0009B68987E431E5842584108BD0020FCE712
:1099E00000239B7EFFDE00BF3C1700242DE9F041E1
:1099F0000D460646F8B1F1B10846F8F705FA082811
:109A00001CD8114F441CDFF84480474508D3224638
:109A1000294606F10C0035F0A9F80020BDE8F081D8
:109A2000B74206D02246294607F10C0035F0E0F88F
:109A300038B14437E9E76FF01500EFE76FF05A00EF
:109A4000ECE76FF07700E9E7DC160024201700242C
:109A500070B50546B8B10D4C0D4EB44202D36FF04F
:109A6000010070BD2846F8F7CFF92946024604F1F7
:109A70000C0035F0E0F820B92046BDE87040FFF753
:109A80009FBC4434E9E76FF01500EAE7DC160024D8
:109A9000201700242DE9F0434D4C00254D4F85B093
:109AA000DFF834814FF0FF324C4E4FF0FF334C481B
:109AB00023F077FF26F000FABC423AD3002D32D0D3
:109AC0004849002448482CF0E4FB484B48494948A1
:109AD000494DC3E900442CF0DCFB484B4849494858
:109AE000C3E900442CF0D5FB474948482CF0D1FB92
:109AF0004023284685F83931012385F83A3147F269
:109B00003053C5F8243124F0E1FA414B4FF4A072F0
:109B1000C5F828013F494048A3F864202CF0B9FB60
:109B20003E4BC3E900442E4805B0BDE8F04323F0A6
:109B300041BF00222046C4E90322227523F057FECC
:109B4000D0F80890B9F1000F1CD0D9F80030CBB193
:109B50002046062123F0C6FE0721204623F0C2FE40
:109B600004F118002CF0D5F904F12C002CF0D1F9F7
:109B7000D9F800302046984794F8403023F003038A
:109B800084F84030237B83B92046FFF717FF78B174
:109B9000234A1368591C1160224A092101A820F0A8
:109BA00023F901A92046FFF721FF0135443483E75B
:109BB000204623F017FE804505D11B4A1368591C27
:109BC00011601A4AE9E733685A1C3260184AE4E720
:109BD000DC160024201700243C170024A048002491
:109BE00058150024B182000870330024704A002404
:109BF000498500084033002428490024684A00248D
:109C000009920008D033002431910008A0330024C9
:109C1000BC480024F581000800340024884A002450
:109C2000A8480024915A0408A4480024985A04081B
:109C30009E5A040838B5074C074DAC4200D338BDD6
:109C40000321204623F00CFE10B92046FFF77EFECC
:109C50004434F2E7DC160024201700242DE9F041FB
:109C60001546064610B30229DCB202D0082918BFF7
:109C7000062114B90020BDE8F081771828464FF07E
:109C80003A0816F8011B01234122033C24F030FD61
:109C9000BE420346E4B200F8018B01D0002CF0D1A3
:109CA0008542E7D0002228461A70E4E70048E2E740
:109CB000C15A04082DE9F04F022889B04FF0000482
:109CC00082460D460292CDE906445CD10B680491B0
:109CD00043B94A68002A4DD14C894FF6FF73E11A07
:109CE0004C424C4106A8002305F11007024605EB43
:109CF00043010E88002E3FD001330132082BF6D1EC
:109D00004FF0FF384FF0010B002710F8013B5B4587
:109D100088BFB84607F1010788BF9B46082FF4D1DA
:109D2000BBF1010F4FF03A024FF0000308BF4FF0B4
:109D3000FF38CDE90023029800210026042F64D1CA
:109D4000019B9A5D034672BB302203F8022B009AF6
:109D5000427018460136B742F0DC029B984214D09C
:109D6000BAF1010F4FF0000340F08B8000F8013C86
:109D700002980BE01C46B5E7167802310136B9426D
:109D80001670B6D1B8E7012803D0002009B0BDE8AD
:109D9000F08F2E2304274FF0FF388346254601918C
:109DA00000930494C7E74FF0000C4FF00909CDF879
:109DB00014C0DFF8D4C00392B2FBFCFE0CFB1E22E1
:109DC000DDF814E0F14503DBDDF80CE0E64509D3EE
:109DD000DDF80CE0CDF81490BEFBFCFE0EF1300E69
:109DE00003F801EB09F1FF394FF00A0EB9F1FF3F1B
:109DF000BCFBFEFCDFD14FF000021A701B1A50FAB8
:109E000083F0009B00F8013BA4E76CB1052E0BDD4D
:109E100005F10C0304274FF0010A01933A2300F8DF
:109E2000013B2E23009388E7B0450ED111B9B8F15C
:109E3000000F02D13A2300F8013B3A23002100F839
:109E4000013B0BF1FF331E4484E711B13A2300F8C4
:109E5000013B049B33F816305BBA13F47F4FC3F316
:109E600007215FFA83F90AD00023612224F040FC25
:109E700001234946612224F03BFC01216AE70B469D
:109E8000F7E7037074E700BF00CA9A3B01282DE989
:109E9000F8430C46164637D100234C1E1360194672
:109EA0001A461D4614F8010F18B12E281BD1013394
:109EB0009BB2012909D9092A03D9032907D1632AA9
:109EC00005D86FF01500BDE8F8830029F9D0FF2A06
:109ED000F7D8725522781AB10135EDB2042D10D1A0
:109EE000032B7BD0EDE73038C7B2092FE9D8013119
:109EF000C9B20429E5D002EB820200EB420082B233
:109F0000D0E700221146CDE70228DAD12E212046E3
:109F100034F07EFE237800280CBF082706273A2B52
:109F200008BF01342046F7F76FFF00224249824202
:109F300023DB0025A8462378002BC2D03A2B41D042
:109F400010220021204620F0F5FA8146102200213F
:109F5000C9F30729204620F0EDFA49EA002926F83E
:109F600015903A21204634F053FED8B1441C0135F7
:109F7000AF42E0DC062F31D133E0A35CA3F1300522
:109F8000092D09D9462B09D82D2B9AD92E3BDBB2A6
:109F900021FA03F3DB0794D50132C8E7613B052BB7
:109FA000FAD98EE77B1EAB428BDC0135AF4288DCF1
:109FB000062F13D185E706EB450306F8158083F8D5
:109FC00001800135BD42F6DB3A21204634F051FED6
:109FD000A0421DD1062F03D06378EBB9002072E7B1
:109FE00001340B3600252378002B3FF46AAF0021A3
:109FF0000A22204620F09EFA2E2106F8010F204664
:10A0000034F006FEA8B10135441C042DEBD1E5E780
:10A01000062F08BF00F1FF307D1E013010F8013D12
:10A020003A2B02D1013DFFF44CAFA042F6D10134EE
:10A030009DE7032D55E700BF0110F8010048704768
:10A0400080210408004870477C21040800487047BC
:10A05000842104082DE9FF47404E414D0022002392
:10A0600002A930460CF054FD10B104B0BDE8F087F1
:10A070003C4C4FF0FF323C4F4FF0FF333B480CF06D
:10A08000ABFDBC420CD32C6824B10027D4F800806F
:10A09000B94614BB354824F074FC0DF09DFBDDE798
:10A0A0000298236880EA030280EA0301C2F3017286
:10A0B000C1F30A410A430ED182B222B19AB212B15F
:10A0C00003409BB23BB1A368039900930023D4F8EB
:10A0D00004C01A46E0470C34D3E70299A36881EA2A
:10A0E000030281EA0300C2F30172C0F30A40024393
:10A0F00020D18AB22AB19AB21AB101EA030292B20D
:10A10000C2B11B01D4F804A0039A21D5DAF81830A3
:10A110000BB193420ED1A160CAF8182023688FB901
:10A120006A682B60944200D16B606068C4F800904C
:10A130000CF04CFEB8F1000F0ED0D8F800304446B9
:10A140009846A6E73B606B689C4208BF6F60ECE7EF
:10A1500020462746D047EDE74346F0E7D0150024D8
:10A16000E44A0024941B0408941B0408941500245A
:10A170000C4B00211A6802B9704782420FD1026865
:10A1800039B959681A60884200D15A6000230360C7
:10A1900070470A605A68904208BF5960F6E7114656
:10A1A0001268E8E7E44A00240023124912481A46DC
:10A1B00010B5124C0B60A0420BD303B10A60104BD8
:10A1C0001B685BB11A68086800244BB904B10860C9
:10A1D00010BD50F80C3B1A430123ECE71A46F2E796
:10A1E0009B68184322B11468134622460124ECE709
:10A1F0001446F9E7EC4A0024941B0408941B040855
:10A20000E44A002410B504464FF0FF324FF0FF330C
:10A210000B480CF0E1FC2046FFF7AAFF094B1A6837
:10A2200022605A681C6002B95C60074AA368116822
:10A2300003480B431360BDE8104024F0A2BB00BFED
:10A2400094150024E44A0024EC4A002438B504465E
:10A25000084D4FF0FF334FF0FF3228460CF0BCFCA6
:10A260002046FFF785FFFFF79FFF2846BDE83840EF
:10A2700024F087BB9415002438B5164B0D46010C0D
:10A2800004461A68030F21EA124123EA127320EAF6
:10A29000020203F00303C1F30A0192B20B4313431A
:10A2A00017D14FF0FF324FF0FF330B480CF094FC06
:10A2B0000A49C1E900450023642209480CF0C8FBA3
:10A2C000054824F05EFB07490748BDE838402BF0FD
:10A2D000CABF38BDEC4A0024A8150024DC4A00247B
:10A2E000D0150024980C00243034002410B586B01A
:10A2F0000B4CFFF759FF00232046CDE90433094BEF
:10A3000003932BF0C0FF03AB4FF450720649204675
:10A3100000934FF0FF330CF001FF06B010BD00BFFB
:10A3200030340024CB5A0408C0B500242DE9F3478B
:10A33000294C0E46174698460025A246B4F8A6308A
:10A34000DB0721D5636C98421ED1AC234FF0FF325E
:10A350005D434FF0FF3305F10C040AEB050954444B
:10A36000204624F036FBB069FFF72AF889F8A800E8
:10A37000C6F81490D9F84830C3B9204624F02DFB14
:10A38000022002B0BDE8F0870135AC34062DD5D1EE
:10A390004FF0FF324FF0FF330C2024F01AFBB0696E
:10A3A000FFF70EF8002383F8A830FFDE05F1580010
:10A3B00050440CF00BFD204624F00FFB00240A9BB8
:10A3C000484600943A4601933146D9F848504346EE
:10A3D000A8472046D5E700BF084B00242DE9F74FDA
:10A3E0000C9C05460E469A469DF834709DF83880C0
:10A3F000DFF848910092B9F8A620D10708D409F1F6
:10A40000AC094F4B9945F6D1002003B0BDE8F08F61
:10A410000DB14D45F3D0B9F8A410009B9942EED18F
:10A42000B9F822105145EAD1130533D42288022A03
:10A4300055D1D9F824B0BBF1000FE0D0B9F82020F5
:10A44000022ADCD1584624F0A6FA024630B9211D72
:10A450000190084624F09FFA019A20B3B8F1000F4A
:10A4600003D099F89E100029C9D187B1B9F8A61078
:10A47000C1F38110012803D1C1F34101032906D0A2
:10A48000002ABCD0201D24F086FA0028B7D06FF037
:10A490001000BAE7002EC9D099F9A80024F09BFA61
:10A4A0008642ACD1C2E71022584634F0A1FB002806
:10A4B000A5D1B8F1000F03D099F89E20002A9ED1B3
:10A4C000002FE4D0B9F8A620C2F38112012ADED110
:10A4D000D9F8542092F834220B2AD8D18FE7012AD8
:10A4E0008DD1D9F82420002A89D0B9F8201001296B
:10A4F00085D1116809B16268DAB9B8F1000F04D0EA
:10A5000099F89E20002A7FF47AAF002FBFD0B9F8C7
:10A51000A620C2F38110012803D1C2F34102032A0D
:10A52000B5D000297FF46BAF6268002A7FF467AF73
:10A53000ADE791427FF463AFBBE700BF084B002457
:10A54000104F002402282DE9F74F05468846914612
:10A55000019306D868B96FF06904204603B0BDE8DE
:10A56000F08FC51E012D8CBF6FF069046FF05F0482
:10A57000F3E7022907D0032900F0B680012922D091
:10A580006FF06A04E9E7112A40F0AE80019B002BCE
:10A5900000F0AD804FF0FF334FF0FF3255480027F9
:10A5A0000CF050FC544B1C46B3F8A61011F00101FE
:10A5B0000BD00137AC33062FF6D16FF001044D48B4
:10A5C0000CF004FCC9E7062ADEE7AC2202FB07F622
:10A5D00004EB060A504634F0F1FAFDF7DDFEB9F15E
:10A5E000060F4AD0AC23FF22444803FB074106EB89
:10A5F000000B012081F8A8200022A1F8A620BFF3BB
:10A600005B8F5BE800CF4BE8000EBEF1000FF8D186
:10A61000E800BFF35B8FB1F8A610C0B2014308F1A8
:10A62000FF3002282FD903FB07480A4306F12C000C
:10A630004FF48073A8F8A4904FF001090021A8F806
:10A64000A62020441822A8F8A03088F8A39034F05F
:10A65000B5FA06F120020023022D504604EB020B4E
:10A66000A3505946CBE9013332D124F0B8F9ABF805
:10A67000020058B96FF06F04A1E7504602F054FC95
:10A680000028AFDA99E74FEA8812CCE7402388F830
:10A69000AA9088F8A39088F8A93006F158004FF0E6
:10A6A000FF32012120442BF031FD06F10C00204443
:10A6B0002BF02FFCAC2303FB0744B4F8A63043F087
:10A6C0000103A4F8A6300024019BC3F800A076E79C
:10A6D00024F085F9ABF802000028CBD0402388F89D
:10A6E000AA9088F8A930D8E76FF07A0435E76FF0C0
:10A6F000150432E7F04A0024084B0024104B0024D4
:10A7000070B50446F0B1114B98421BD303F5816339
:10A71000984217D200F10C0600254FF0FF324FF09F
:10A72000FF33304624F055F920462565C4E912551B
:10A7300002F0ACFE204624F089F9304624F04DF9B1
:10A74000284670BD6FF01500FBE700BF084B0024E2
:10A750002DE9F0471F46B0F8A63092B00546DB075A
:10A7600089469046DDF868A040F1B48000F10C06FF
:10A770004FF0FF334FF0FF32304624F02AF9B5F89E
:10A78000A430112B40F09B80162200210DF13200E5
:10A7900034F014FAB5F8A6302846C3F3C203ADF876
:10A7A000303024F056FA044600283BD1B5F8A630E4
:10A7B000C3F3C203022B58D16B6A93B108AC03F107
:10A7C000100E22461868083353F8041CA44673453B
:10A7D000ACE803006446F5D10DAC0FCA84E80F0065
:10A7E0000CAB6C8CADF83240B5F8A62064BA686C3E
:10A7F000C5F8489002F48079B5F82EE000283FD0E3
:10A80000B9F1000F01D005F12C09A4B25246334929
:10A81000CDE901349EFA9EF44B46A4B2009400F0B8
:10A8200077FD0446002C19DB58EA070316D058358B
:10A8300028460CF02DFB304624F0CFF842463B462C
:10A8400028460CF0FFFA0B304FF0FF324FF0FF3389
:10A85000304608BF6FF0730424F0BBF8304624F094
:10A86000BCF8204612B0BDE8F087012B06D16B6A18
:10A8700013B11B680D930CAB6C8CB5E70346B3E7C3
:10A88000C2F38111B5F8A4C0C2F3C202B9F1000F3E
:10A8900001D005F12C00A4B205F1440902949EFAFE
:10A8A0009EF4CDE905A9A4B2DFF83090CDE90034DB
:10A8B000CDE903590346604600F0DAFBB1E7062B09
:10A8C00005D152464946284627F0A9FCA9E76FF072
:10A8D0006A04C3E76FF00804C3E700BF2DA30008B4
:10A8E0002DE9F041884615461E460446002800F032
:10A8F000CF80694B9842C0F0CB8003F581639842CA
:10A9000080F0C68000F10C074FF0FF324FF0FF33AC
:10A91000384624F05EF808F1FF31162913D8DFE835
:10A9200001F0ABABABABABABAB0C3B46ABAB1D2168
:10A93000191951AB795CABA0A00045B3012E26D804
:10A940002B7884F89C300024384624F046F82046C2
:10A95000BDE8F0812B6884F8A930F4E72B6884F80F
:10A96000AA30F0E7042E286811D1421C0DD194F9C9
:10A97000A80024F020F868B194F9A80024F01BF88E
:10A9800023F03EFB84F8AA00DDE7FF28FAD96FF038
:10A990001504D9E70120F5E7002DF8D0042EF6D1F3
:10A9A0002B68003B18BF012384F89D30CBE7002DB6
:10A9B000EDD0042EEBD12B68003B18BF012384F8A7
:10A9C0009E30C0E7002DE2D0042EE0D12B68B3F515
:10A9D000803FDCD2A4F8A030B5E7B4F8A630C3F3CA
:10A9E000C202012A4BD0022AADD1042ECFD11B05C1
:10A9F0002D680AD594F9A80023F0EDFF0028A2D015
:10AA00000368002B9FD01D839DE704F1300023F0E5
:10AA10005AFBF3E7B4F8A6302D68C3F3C20808F177
:10AA2000FF32012A2ED8042EB1D1C3F38113022B99
:10AA3000ADD115B984F8A25085E76B1EFE2BA6D8C0
:10AA4000284623F0B8FF00B3B8F1020F07D1072161
:10AA500023F0B3FF0028EDD16FF06A0474E70621FC
:10AA6000F6E7002D93D0042E91D12B68003B18BF40
:10AA7000012384F8A33066E76FF0850464E76FF084
:10AA80005E0461E76FF069045EE76FF001045BE765
:10AA90006FF015045BE700BF084B00242DE9F0417F
:10AAA000884615461E460446002800F0A880554BEF
:10AAB0009842C0F0A48003F58163984280F09F80A3
:10AAC00000F10C074FF0FF324FF0FF33384623F010
:10AAD00080FF08F1FF31162914D8DFE801F08A8AD7
:10AAE0008A8A8A8A8A0C242D8A8A21211A1A308A13
:10AAF0005C378A87870094F89C3025B32B700EB1A1
:10AB0000012333600024384623F067FF2046BDE868
:10AB1000F08194F8A9302B60002EF3D00423F0E7E5
:10AB200094F8AA30F7E794F89D3065B116B1326811
:10AB3000042A08D12B60E5E794F89E30F5E7B4F8D5
:10AB4000A030002DE7D16FF01504DCE7B4F8A63093
:10AB500013F4006809D094F9A80023F03CFF10B169
:10AB6000006800B1008B2860D6E7C3F3C203022B54
:10AB70000AD104F1300023F0A6FA18B103680BB132
:10AB8000B3F818804046EEE7012B35D104F13000D0
:10AB900023F011FBF1E7B4F8A630C3F3C20808F1C3
:10ABA000FF32012A28D894F8A2000028DBD11B0527
:10ABB00014D594F9A80023F00EFFB8F1020F034654
:10ABC00012D10721184623F0F8FE50B11846FEF7BF
:10ABD000F7FB0028C7DC6FF0010494E7FDF7DCFB0E
:10ABE000EBE76FF06A048EE70621EBE794F8A330F9
:10ABF0009BE76FF0850486E76FF0690483E76FF0E9
:10AC0000150483E7084B00244FF0FF32012101486F
:10AC10002BF07CBAF04A00240146014824F06BBEB8
:10AC20007C1600240146014824F065BEAC160024C1
:10AC300010B404460846054964688C4202D110BC31
:10AC4000FFF7EABF10BCFFF7EDBF00BFA41400245C
:10AC500073B5054616461C462BF04DFB08B1002681
:10AC6000344601A93246234628460BF0C3FE01466E
:10AC7000A8B9019C4422204633F0A0FFFF22012303
:10AC8000204684F83F20074A23629542656008BF4A
:10AC900084F8413024F0FDFE204602B070BD00244F
:10ACA000FAE700BFE414002402460B460148FFF710
:10ACB000CFBF00BFE414002402460B460148FFF753
:10ACC000C7BF00BFA4140024F7B506461C460F46B4
:10ACD000E9B115462BF00FFB08B100252C460F4BB0
:10ACE00000220F483946CDE900540E4C7568A54244
:10ACF00008BF184624F011FD044658B101463046FD
:10AD000024F0CDFE204621F0C3FE802343820020A4
:10AD100003B0F0BD6FF00B00FAE700BFAC160024E3
:10AD20007C160024E41400242DE9F347DDE90A45EC
:10AD3000064617469A46894629B923B990F837300E
:10AD400013F0700F5BD02BF0D6FA08B10024002569
:10AD5000304624F038FE96F83720804698B912F035
:10AD6000700FC2F3021010D0514624F0C0FCB3693A
:10AD700009EB0001C2F302124BB9022A1BD0012ACF
:10AD80000CD00B461CE00020F1E74046EFE71868C6
:10AD900050B1022A038B0ED0012A34D1B3F5107FB3
:10ADA00038BF4FF410730BE0022A03D0012AE8D118
:10ADB0000346F3E70346B3F5A06F38BF4FF4A06333
:10ADC000A3EB080314483A469942CDE9004528BF51
:10ADD00019467568114B124CA54208BF184624F05D
:10ADE0009CFC0146A8B1304624F059FE3FB1B06842
:10ADF00039460C3021F099FE304624F04AFE0020FE
:10AE000002B0BDE8F0874068064A9042B9D10E33DF
:10AE1000D6E76FF00B00F3E77C160024AC16002495
:10AE2000E41400243C1700242DE9F743DDE90A452A
:10AE3000064690460F4639B932B990F8373013F0CC
:10AE4000700FC3F3021026D02BF055FA08B100247E
:10AE50000025B06950B94346002239463046CDE955
:10AE60000A4503B0BDE8F043FFF75EBF72680C4BC4
:10AE70009A42F0D103688BB15B68D3F81090B9F1B6
:10AE8000000FE8D043463A463146CDE90045C84771
:10AE900010F1860FDFD003B0BDE8F0831B69FFDE41
:10AEA000E414002430B585B0DDE90845009313466D
:10AEB0000A4601460348CDE9024524F001FE05B0EB
:10AEC00030BD00BFE414002430B585B0DDE908458D
:10AED000009313460A4601460348CDE9024524F093
:10AEE000EFFD05B030BD00BFA4140024B82208B5A2
:10AEF000034B00FB02302BF0DDF8002008BD00BF43
:10AF0000E03400240828024B28BF0020185C70475A
:10AF1000D45A040810B588B00F4C20462BF088F89E
:10AF20004FF0FF324FF0FF330C4904F12000009442
:10AF3000CDE906230023CDE90323CDE901334FF406
:10AF4000C062074B0CF026FA20B108B0BDE81040F3
:10AF50000CF0C2BC08B010BDE034002440B900249D
:10AF600099FE02082DE9F3410746884616464FF040
:10AF7000FF334FF0FF3214486FF001050BF02CFE49
:10AF8000124B1C6834B910480BF09EFE284602B0E4
:10AF9000BDE8F081227C33789A4213D1637C7278C9
:10AFA0009A4200D073B9A36813B1BA69934209D128
:10AFB000E368424639462046009333466568A84711
:10AFC000051EE0DB2468DDE76C150024104F00242B
:10AFD000F8B50F4616461D460446D0B1CBB1142233
:10AFE000002133F0EBFD6560277466744FF0FF328B
:10AFF0004FF0FF3308480BF0EFFD084B1A68226052
:10B000005A681C6002B95C6003480BF05DFE0020CA
:10B01000F8BD6FF01500FBE76C150024104F0024FD
:10B0200002460B4601480BF0D7BD00BF3015002487
:10B0300001480BF049BE00BF301500244822002112
:10B0400010B5044633F0BAFD4FF0FF304FF0FF313A
:10B05000FFF7E6FF054B1A6822605A681C6002B9C8
:10B060005C60BDE81040FFF7E3BF00BF204F002445
:10B070002DE9F04F87B01D4683469246BDF8443017
:10B08000139E0193BDF84830109F0491029356B36C
:10B0900096F9A800FDF7FAF88146304623F0C3FC84
:10B0A00000904FF0FF304FF0FF31FFF7B9FF784BC2
:10B0B0001C68DCB1D4F80080029B5BBA9BB203939E
:10B0C000B4B9FFF7B5FF4FF0FF304FF0FF31FFF796
:10B0D000A7FF704B1C68002C40F08780FFF7A8FF8B
:10B0E0006FF0010056E0B1460096DAE7A046E3E7CC
:10B0F000B4F840305B4519D194F84330534515D12D
:10B1000094F8443003F00402002F46D072B13A881C
:10B11000022A13D1A28B022A08D1102204F12001A5
:10B12000381D059333F064FD059B80B1B8F1000F25
:10B1300059D0D8F8003044469846C1E7012AF5D1E5
:10B14000A28B012AF2D17968226A9142EED1E28B78
:10B1500003998A42EAD103F002035DB3002BE5D0E4
:10B160002B88022B1CD1A388022BDFD1102204F1E3
:10B170000801281D33F03CFD0028D7D1019BE2884F
:10B180005BBA9BB29A42D1D1A36BF3B9FFF750FFE0
:10B190006FF06F0007B0BDE8F08F002AD7D0C5E789
:10B1A000012BC3D1A388012BC0D16A68A3689A423E
:10B1B000E4D0BBE7002BB9D1009B002BDED0A06B05
:10B1C0000028DBD023F02FFCD6E7B9F1000FDDD04B
:10B1D000B3F8A6201205D9D593F9A800FDF756F8C3
:10B1E0008145A3D1D2E74346A5E7596822688C423E
:10B1F0001A6008BF5A6000232360FFF719FF25B1CA
:10B200001FB12A883B889A423CD1149B3946029A46
:10B2100020466363159BA4F840B0E363049B84F865
:10B2200043A084F84230A66324F09DFE002829DB69
:10B23000019A2946204624F0D6FE002822DB169BE0
:10B2400003B11C6094F844304FF0FF304FF0FF31F1
:10B2500043F0010384F84430FFF7E2FE0C4B1A6818
:10B2600022605A681C6002B95C60FFF7E1FE30465C
:10B2700023F0DCFB94F8453060F30003002084F8F1
:10B28000453087E72046FFF7D9FE6FF0150081E7CC
:10B29000184F0024204F00241B4B984210B5044641
:10B2A0002CD303F51073984228D890F84430DB076C
:10B2B00027D54FF0FF314FF0FF30FFF7B1FE134BB2
:10B2C00000211A6852B1944215D1226869B95968AF
:10B2D0001A608C4200D15A6000232360FFF7A8FE59
:10B2E0002046FFF7ABFE002010BD0A605A6894426A
:10B2F00008BF5960F0E711461268E3E76FF01500E8
:10B30000F2E76FF00100EFE7284F0024184F002408
:10B310002DE9F041144D8C4617460446A8421E46BE
:10B32000BDF818800799BDF8202015D305F51075D4
:10B33000A84211D890F84430DB0711D5C0F834C0CA
:10B34000C76324F010FE002808DB42463146204641
:10B35000BDE8F04124F047BE6FF01500BDE8F08174
:10B360006FF00100FAE700BF284F00242DE9F04FED
:10B3700089B005460E468769069390F837300392E8
:10B38000C3F302130493013B012B69D8112A60D146
:10B39000069B1B68B3F800A0B3F80280049BD6F8A4
:10B3A00000B0012B62D10BF10C0400212046FDF707
:10B3B000DDFC8146002840F00E81FEF743FEDBF8FD
:10B3C0000C2003689A4200F0068121464846FDF7AA
:10B3D00053FC3368DA681B699A4200F0FC8030B194
:10B3E000D0453DD0049B3468012B40F0FB80316890
:10B3F0000B6903F0F003E02B4ED04FF00009103141
:10B400003846FDF739FC05904FF0FF304FF0FF3123
:10B41000FFF706FE794B4FF0000B1C684FF0FF332F
:10B42000CDF808B00793002C3BD1029B002B40F0D5
:10B430009880FFF7FDFDB9F1000F00F0AE80BBF181
:10B44000000F0DD0284624F08DFA002009B0BDE889
:10B45000F08F039B062B05D1069B1B68002B99D10F
:10B460000220F3E74FF00008C24697E700210BF1F6
:10B470000800FDF7FBF834688146102204F118013A
:10B4800004F1080033F0B4FB002800F0A880B9F103
:10B49000000F00F0A780A3E700234FF001090593F8
:10B4A000B2E7A36B8BBB94F84330002B3AD1B4F8CE
:10B4B0004030039A934233D1E3880BB153452FD1E7
:10B4C000E38B0BB143452BD194F84470B90706D5F3
:10B4D0000123221D3146284624F015FD00B37A07CA
:10B4E00007D5002304F11C023146284624F00BFD49
:10B4F000B0B107F07807079BBB4211DAB9F1000F32
:10B5000014D13BB2029407930AE0B3F8A6201005C9
:10B51000C9D5AF6993F9A800FCF7B8FE8742C2D03D
:10B52000246880E7049A9342C1D0F9E74FF47A7215
:10B530000023284624F046FC074610B9FFF778FDA3
:10B540008EE7E36B0146324620460093069BD4F813
:10B5500034C0E047022802D1384624F003FACB4633
:10B56000DEE7029B5C6BDF6BFFF762FDB9F1000F5A
:10B5700011D0BBF1000F7FF465AF002C3FF470AF2A
:10B58000069B3246294602980097A047831E5842E0
:10B59000584140005AE7002CF2D1059B002B7FF464
:10B5A0005FAF039B062B03D1284626F0ACFD57E77F
:10B5B00095F83730C3F30213022B06D1059B042202
:10B5C0000121284625F030F94AE703222846114692
:10B5D00024F017FE44E7D0457FF409AF40E7D0459B
:10B5E0003FF43EAF94F818900023A9F1FF040593AF
:10B5F000D4F1000949EB040906E700BF184F002405
:10B600000A4A002310B5C2E90033094A1846114618
:10B610001446013348320860082B02D00846114610
:10B62000F7E7044B044AC3E9002410BD184F002477
:10B63000284F0024204F002420510024024B0022D8
:10B6400008210248FFF7C4BCB90003086851002470
:10B65000024B002280210248FFF7BABC35070308DD
:10B660007C5100242DE9F74F43788046164601911E
:10B67000FF2B57D12D4F4FF0FF35002402F1020B65
:10B68000BA466A1C97F808900CD1B9F1000F0CD19A
:10B69000072C04F1010207F1090726D0254697F887
:10B6A00008901446B9F1000F16D07278B91C5846AC
:10B6B00033F09EFA80B904EBC40209F101090AEBE8
:10B6C000020383F8089088F80140019B0020C8F825
:10B6D000043003B0BDE8F08F01340937082CD0D115
:10B6E0006B1C03D16FF00100F3E7072505EBC500E4
:10B6F000B11CEC000AEB00073A7A01323A7288F882
:10B7000001507278062A04D802307A70504433F01F
:10B710002DFA621970780AEB0201487031780AF844
:10B720000210D2E76FF07700D3E700BF7F600024FC
:10B7300030B543780246FF2B18D00E4903EBC30304
:10B740000B44187A01381872547804EBC4030B4484
:10B75000187A30B90923022513FB04535C18C8502A
:10B76000A080FF2300205370506030BD6FF0770041
:10B77000FBE700BF7F600024024B00EBC0001844D1
:10B78000704700BF7F6000242DE9F04F282395B05B
:10B79000002604468846CDE9076309AB0B930823CE
:10B7A0000C930FAB0D9314230E938369039383685B
:10B7B000002B40F0888007A9204624F04AFB05466C
:10B7C000002800F0AE8087887FBABFB22837BE421B
:10B7D000C0F2A78003DD3946204624F03AFAAB6870
:10B7E000CBB9EB68BBB92B69ABB96B699BB9AA69DB
:10B7F00040F2FF239A4240F09480EB69002B40F026
:10B8000090802B6AB3F1807F40F08B806B6ADBB253
:10B81000FF2B40F086802B7AFF2B00F0828005F111
:10B8200018060021304625F039F9002879D1B8F101
:10B83000000F4CD02B786A781B0143EA1213DAB25E
:10B84000C3F3850343EA8213022284F84030AB79C4
:10B8500084F83F3000236387282384F83630A368B8
:10B86000DB68DB7984F8393094F8373062F30613FB
:10B8700084F837302B7EFF2B55D03146039822F0C9
:10B8800094FA002874D105AB04AA3146A06926F0C9
:10B89000D5F8002860D0049B5BB1DB68A36143B19D
:10B8A0001B68002B00F06B811B7C84F8243084F82B
:10B8B0002C300599204626F0EAF8002831DB0020DC
:10B8C00015B0BDE8F08F1A8A5B68164470E7304601
:10B8D00025F0D3F828BB05F10808404625F0CDF83F
:10B8E000F8B90121304625F0D9F8D0B9FEF7AEFB02
:10B8F0000146304625F0DEF848B10521304625F0F6
:10B90000CDF870B90821304625F0C8F848B90021B3
:10B910004046FCF7ABFE00288CD090F92930002B74
:10B9200088D00220CCE70121304625F0B7F810BBC3
:10B930000221304625F0B2F820B19249304625F078
:10B94000B9F8C0B903A93046FCF73CFF0028E8D09D
:10B95000037E98070FD4E4E70690314606A8FDF76A
:10B960005DF80028DDD00699204626F0DEF8A4E731
:10B970002B7EFF2BD7D00899204624F0D9F895F8D4
:10B980000690B9F12C0F44D03BD8B9F1000F42D04A
:10B99000A9F12B08D8F1000646EB0806B6004FF0D7
:10B9A00006084FF0000AB9F13A0FA4F83C8000F005
:10B9B000C480B9F1110F00F0C080B9F1060F00F09A
:10B9C000BC80B9F13B0FACD0204624F085F90122B0
:10B9D000804604A9204624F0C1F80028A1D19DF892
:10B9E00010302C2B74D018D82BB12B2B03D0112B4B
:10B9F00019D0062B17D0204624F06EF90122431EE1
:10BA000096E0A9F13C0CDCF1000646EB0C06760052
:10BA1000C5E70826C3E70126C1E73C2B5DD1B10786
:10BA200051D446F00206B9F1000F02D0B9F13C0F33
:10BA3000E1D10023012206A920461FFA87FB8DF8D9
:10BA4000183024F08BF800287FF46BAF9DF8183085
:10BA50000133BBEBC30F4FEAC309FFF462AFA9F197
:10BA600003034FF0020B0193204624F035F9012225
:10BA7000009005A9204624F071F800287FF451AF0A
:10BA80009DF814207ABB9DF81420A2B3012A9DF8DA
:10BA9000181035D0019B8B427FF743AF02F0C002F4
:10BAA000802A43D0C02A3DD0002A7FF43AAF2046F6
:10BAB00024F03EF800287FF434AF9DF818200232BD
:10BAC0000BEB020319E0720695D446F04006AAE794
:10BAD000330790D446F00806A5E7A3F13B02012AFC
:10BAE000A1D93A2B86E7012206A9204624F036F890
:10BAF0000028C8D015E70BF101031FFA83FB07E00C
:10BB00008A1C20460BEB02031FFA83FB24F010F87B
:10BB1000D945A9D8D1445FFA88F81FFA89FA9DF867
:10BB2000109040E72B7EFF2B3FF4FBAE009B0222E0
:10BB30000421204624F078FEF3E6B9F1110FA4F8B1
:10BB40003AA0069516D0B9F13A0F04D129462046FD
:10BB500024F045FFB4E60DA9204601F051FB059005
:10BB600000283FF4DEAE05AB4A4606A92046FFF7A3
:10BB7000FDFBA5E60BA9204603F062F8EFE71B7872
:10BB8000FFDE00BFB42104082DE9F04114461D4634
:10BB9000064630B1876825F010F9C7E90601B36899
:10BBA0001C621C482AF010FD6FF0090383424FF01D
:10BBB000000318488B411FD32AF006FD09304FF0CF
:10BBC0000A024FF0000341F10001F5F749FB18B1FB
:10BBD000844275F100031BDA002D22464FF00A0360
:10BBE0000D48BCBF00221546A2FB032103FB051331
:10BBF000BDE8F0410BF02ABB2AF0E6FC09304FF01B
:10BC00000A024FF0000341F10001F5F779FBDEE78E
:10BC1000BDE8F081D8350024C8350024F0B583682C
:10BC200093F830208A420FD0052A0DD083F83010C7
:10BC3000816891F83030022B06D1114A13689C1CA0
:10BC400003D0581C8B631060F0BD002350260D4FAD
:10BC500019461C46136006FB04F57D5D4DB18568F1
:10BC60003DB195F830C0BCF1020F02BFA9630123BA
:10BC700001310134082CEED1002BE5D01160E3E74F
:10BC8000CC510024B40C00242DE9FF4106461F4886
:10BC90000D461746984624F0D9FE0446002831D0B8
:10BCA000FF236A46466005F1100E4370134686680E
:10BCB0002868083555F8041C94467545ACE803001F
:10BCC0006246F5D1351D04AA1E46083503CE9642BC
:10BCD00045F8080C45F8041C3346F5D1414620468A
:10BCE000FFF79CFFA3680020002183F83570002334
:10BCF000A2681360A268C2E90A01A268C2E906014B
:10BD0000A2681362204604B0BDE8F081A80C0024AC
:10BD10007FB518234178064A0230FDF79FFF054A98
:10BD20000346182168461EF05FF807B05DF804FB73
:10BD3000C7600024465004082DE9F0410E4C074628
:10BD4000884600262546237853B117B163689F4281
:10BD500006D1A06810224146043032F049FF30B1CC
:10BD600001365034082EEED10020BDE8F08150237A
:10BD700003FB0650F9E700BFB40C00244FF0FF327C
:10BD80004FF0FF3301480AF027BF00BF80150024A1
:10BD900001480AF099BF00BF801500242DE9F84F33
:10BDA0000025224C25F009F88046AA468946FFF76F
:10BDB000E5FF237803B3A668F6B1D6E90A3253EA61
:10BDC000020019D013F57A7B42F10003BBEB080B9C
:10BDD00063EB0907BBF1010F77F1000214DB144894
:10BDE0002AF0F2FB084307D10A231248ABFB032BCE
:10BDF00003FB07B30BF02AFA01355034082DD8D1D4
:10BE0000BDE8F84FFFF7C4BF002200233068C6E941
:10BE10000A230028F0D023F0A5FD306823F0A2FD0E
:10BE20002046C6F800A024F004FEE5E7B40C002488
:10BE3000A83500249835002470B505460E46FFF756
:10BE40009DFF31462846FFF777FF044618B9FFF7F4
:10BE50009FFF204670BD3146284600F079FE2046FF
:10BE600024F089FF0023044829461A46FEF704FA05
:10BE7000FFF78EFF0120EDE7100004E02DE9F0410F
:10BE800004460D4616461F46FFF756FF00283FD1D1
:10BE90003B46324629462046FFF7F6FEC0BB1D4A08
:10BEA0004FF0FF3C1146634692F800E0BEF1000FF0
:10BEB00018D0D2F808E0BEF1000F13D09EF83580FC
:10BEC000B8F1000F0ED19EF83080B8F1020F09D101
:10BED000B3F1FF3FDEF838E002D1F446034601E05B
:10BEE000F445FAD8013050320828DDD15A1C07D069
:10BEF000502202FB0313996858680431FFF79CFF36
:10BF00003B46324629462046BDE8F041FFF7BCBE1D
:10BF1000BDE8F081B40C00242DE9F04F0D4689B046
:10BF20009246002114220746DDF848809B469DF882
:10BF30004C90CDE90212EBB940F2FF230493ADF827
:10BF400014B0ADF816B0ADF818B04FF4807398F88F
:10BF50000F20ADF81A30FF238DF81C3098F80D3003
:10BF60008DF81D3098F80E3043EA0223ADF81E30EC
:10BF70000DF1100B384624F0DEFE4678B9F1000FC3
:10BF800059D0FEF763F8002682464FF47A720023F8
:10BF900006F114013846CDE900233A230222FEF7C8
:10BFA00081FF0446002800F09F80FF235A46514637
:10BFB00080F8393024F099FD0246002857D18721B6
:10BFC000204624F09EFB8246002850D102A920463C
:10BFD00023F03FFF00284AD04246031D08F110011C
:10BFE00080F800A080F801A080F802A080F803A0EB
:10BFF00052F8040B8A4243F8040BF9D102A92046F7
:10C0000023F045FF824690BBB9F1000F24D02046B3
:10C0100023F03FFD3A21204624F0CAFDFFF7AEFE93
:10C020000023414638461A46FFF728FF064600BB64
:10C03000FFF7AEFE1BE0BAF1000F04D141463846CF
:10C0400022F01FF88246504624F065FE002852D1A7
:10C05000093606F0F80698E73846012324F06BFE0F
:10C0600032460146204624F0B0FE0028CFD1EDB97B
:10C070002EE035B387683B68B3B9284623F052FCFD
:10C080003860B56824F099FEC5E90A011E482AF017
:10C090009BFA08430ED0204624F0BAFE00281DDA91
:10C0A000B06824F05BFE11E0FFF772FE284623F033
:10C0B00059FC0DE042F21072002314480BF0C6F850
:10C0C000E9E7204624F0A4FE002807DAFFF760FE27
:10C0D00020466FF0680A23F045FC01E0FFF758FEA8
:10C0E000504609B0BDE8F08F15B1284623F03AFC60
:10C0F0006FF00B0AF4E715B96FF0150AF0E7284660
:10C1000023F030FCF8E700BFA83500249835002460
:10C110002DE9F7431C46064688461546FFF72EFED6
:10C1200022469DF8283041463046FFF7A7FE0446D8
:10C1300000283AD015B32A463146FFF793FA7830F3
:10C140001CD1A36893F83030052B28D005F10209E3
:10C150006078FFF711FB6A7807464946023032F0F3
:10C1600047FDB8B13846FFF7D3FD6A7849463846EF
:10C1700024F07EFE02212046FFF750FDA36893F8CD
:10C18000303063B91A4619463046CDE90083FFF7CF
:10C19000C3FE04E0A36893F83030002BEAD00023FC
:10C1A000314605481A46FEF767F8FFF7F1FD2046CD
:10C1B00003B0BDE8F08300BF0F0004E02DE9F04FAD
:10C1C0000C469BB0002199460C231768A5680A46C7
:10C1D000CDE9081306AB0A9302230B935DB90B213B
:10C1E000A0691FFA82F824F0DCFD40B16FF0040072
:10C1F0001BB0BDE8F08F2B8A6D681A44EEE708A9E2
:10C20000204623F026FE06460028EFD0B8F1390F6D
:10C2100007D9FB79FF2B04D13A8948F2FE039A42F1
:10C2200003D099F80130002BE0D10999204624F081
:10C230001DFED6F804803178B6F8029098FA88F896
:10C24000D6F808A011B1A06921F006FF08F1FF326D
:10C25000B64B9A4213D2A3695B682BB1D3F828215D
:10C2600090450CD0C3F82481A369D3F80480B8F1B9
:10C27000000F04D0404621F029FFC8F82801BAF188
:10C28000000F06D0A36923B15B6813B1B268C3F88D
:10C290002C210C2384F83E300AA9204623F0D9FD36
:10C2A000064608BB4DB9A3682A46D9680123009504
:10C2B0000831A069FFF72CFF0546083799FA99F66F
:10C2C000A0693946B6B221F07DFE002800F08781D2
:10C2D000B9F1000F40F05D8121F090FEFFF74EFDB7
:10C2E000002D00F05C816AE10B99204624F0BEFD30
:10C2F00096F80080B8F1050F6AD0717811D8B8F1BE
:10C30000010F4FD0B8F1030F00F081806FF00103EF
:10C310000822204602FB013123F00AFC0028BBD092
:10C3200064E7B8F1180FF1D10139CEB2022E3FF611
:10C330005DAF0CAB1022002112A80E9306230F93C1
:10C3400032F03CFC0EA9204623F083FD0590002826
:10C350003FF44CAF0F99204624F088FD0028FFF6EB
:10C3600045AF059BF20012A9204693F800B002F0F9
:10C37000F802D3F802805B78C3F3C1039A4623F036
:10C38000EDFB0028FFF632AFA069B8F1000F40F0D6
:10C39000F48012A900F0B2FA00283FF47DAF00F05B
:10C3A0004BFB79E712AA204624F03EFD00283FF41B
:10C3B0001DAFA36812AAD96802230831009343462F
:10C3C000A069FFF7A5FE054600287FF465AF0DE7DD
:10C3D0000221204623F0ACFB00287FF407AF07A919
:10C3E000204623F0C4FB00287FF400AF079AA2F593
:10C3F000A063B3F57B4FBFF4F9AEA369002B3FF404
:10C400004BAF1B68002B3FF447AF1A8344E7042966
:10C410007FF4ECAE12AB0CA920460C931E230D93B7
:10C4200023F017FD064600283FF4E0AE0D992046A4
:10C4300024F01CFDD6F80280D6F8063098FA88F26F
:10C440001BBA9A42FFF428AFF28948F2FE039A42DF
:10C450003FF422AF96F90130002B27DAB346A069EA
:10C460001BF80E2B594621F07BFD40B9D6F802305F
:10C47000E3B132785946A069FCF742FAB0B1D6F878
:10C48000023063B1013390F8253049D06FF30003D7
:10C4900080F82530D6F80210FCF704FB06E090F88F
:10C4A000242000F11001A069FCF7F0FD7378580614
:10C4B0007FF5F2AEB8F1000F3FF4EEAE3378402BCB
:10C4C0007FF4EAAE0DF13808D4F818B04FF0000A46
:10C4D00010220021404632F071FB5846534624F0AA
:10C4E0002AFC524606F10E01CDF800A0CDE90180EC
:10C4F000584624F0AEFB51464046FCF7B7F8D6F854
:10C500000230824678B390F8281001292BD1591CAB
:10C510000ED190F83D3043F001038AF83D30BBE680
:10C5200043F0010380F82530C0E700BF80EE3600FD
:10C53000B3F5E15F09D9D6F802105046FCF7DAF8F6
:10C540009AF83D306FF30003E7E7059324F035FCDC
:10C5500001460AF1180022F085F8059B9842EAD3BB
:10C560004FF4E151E9E75A1C41464FF001025846A9
:10C5700008BF0023FCF780FF8EE6A36898FA88F2D4
:10C5800012A9DB68CDE9002A08335A4600F00CFBFB
:10C5900082E65DB9314621F01CFDFFF7EFFBFFF7A6
:10C5A000F7FBA069FCF742F8002021E6AB68012206
:10C5B000314683F8352021F00CFDFFF7DFFBAB6837
:10C5C00018680028EBD024F023FC002803DAAB68BD
:10C5D000186823F0C7F9A86824F0C0FBDFE73246EB
:10C5E0003946A06921F000FD78E600BF2DE9F34748
:10C5F000384D4FF000090026002724F0DEFB80466E
:10C600008A46FFF7BBFB2B78002B35D0AC689CB378
:10C61000D4E9062352EA03012ED0216A8A1843EB9B
:10C62000E173B2EB080263EB0A03012A73F1000124
:10C6300003DB0020FFF7A8FA1EE094F83030C4E9CD
:10C640000667042B18D8DFE803F0032226282E0003
:10C6500094F83430211D022B03D96868FFF7ECFBF6
:10C660000AE0013384F834300023CDE900131A4680
:10C6700019466868FFF750FC09F101095035B9F116
:10C68000080FC0D102B0BDE8F047FFF781BB02231D
:10C6900084F83030F0E7211DDFE7042384F83030E0
:10C6A000002384F8343094F83420231D022A01D961
:10C6B0001946D2E7013284F834200022CDE9003255
:10C6C00011466868FFF728FC4FF47A720023284669
:10C6D000B0E700BFB40C002408B500220D4B872141
:10C6E0000D48FEF775FC0D4B002288210C48FEF723
:10C6F0006FFC0C490C4829F0CCFD0C4B8621002224
:10C700000B48FEF765FC0B490B48BDE8084029F0D3
:10C71000C0BD00BF23120308B85100249F0F0308B7
:10C72000A45100249DBD000898350024BDC1000817
:10C7300090510024EDC50008C835002473B50E469D
:10C74000019001A93046FCF73DF8054628B1037E6B
:10C750009B0709D56FF0770410E031460198FCF78C
:10C760007DF80546002833D00C21019824F0E3FF22
:10C77000044680BB019B23B96FF07204204602B0CF
:10C7800070BD0146184624F0D6FF0028F4D00821D9
:10C79000184624F0D0FF0028EED0019821F019FFB0
:10C7A00030B904223146019825F0CFF8041EE5DBAC
:10C7B0002946019821F03CFB294601980122FBF70C
:10C7C0001FFE10232A1D01990448FDF755FDD5E7EA
:10C7D0006FF00B04D2E70024D0E700BF070004E0AD
:10C7E00073B50E46019001A93046FBF7EBFF0546F5
:10C7F00018B331460198FBF7ABFF08B30C21019841
:10C8000024F099FF0446F0B9019821F0E2FE30B916
:10C8100003223146019825F098F8041E0ADB002215
:10C8200029460198FBF7ECFD10232A1D01990748C2
:10C83000FDF722FD204602B070BD6FF00104F9E75C
:10C840006FF01504F6E70024F4E700BF080004E0E9
:10C85000024B002282210248FEF7BABB23180308CC
:10C86000D05100242DE9FF41064615480C4690465C
:10C8700024F0ECF80546F8B123466C46466003F117
:10C88000100C866827461868083353F8041C2246A3
:10C89000634503C21446F6D106F1200304AA3C46C0
:10C8A000083303CC944243F8080C43F8041C274691
:10C8B000F5D1AB6883F83080284604B0BDE8F0813C
:10C8C000340F002438B50546FFF758FA0A4B00220A
:10C8D0001C46197811B19968A94208D00132443335
:10C8E000082AF6D10024FFF753FA204638BD442326
:10C8F00003FB0244F7E700BF400F00242DE9F74F88
:10C900004FF0000B81468A46294DFFF737FA5E4605
:10C910005B462A785C1C22B9082C234637D0443564
:10C92000F7E7B9F1000F02D06B684B45F4D1D5F8A9
:10C93000088098F830705F45EED3802FECD808F16E
:10C940002001FA085046CDE9001232F051F9DDE934
:10C9500000120028E0D1784210F007000DD08B5C67
:10C96000C0F108011AF802C08CEA0302FF238B40D1
:10C97000DB43DBB283401A42CED1082C234605D0DC
:10C980003A0603D44435BB464646C2E746464EB156
:10C990000848314625F022F8036833604368066092
:10C9A00003B94660FFF7F4F9304603B0BDE8F08FF5
:10C9B000400F0024EC51002470B50E460446A8B385
:10C9C000FFF7DCF9731C04F1100594F831300BD13A
:10C9D00043F004032946164884F8313024F0FEFF62
:10C9E000BDE87040FFF7D4B96FF3820384F83130AB
:10C9F00029F00AFE00230A22F4F782FC314602469F
:10CA0000284621F010FE0A48294624F0E7FF0023BB
:10CA1000236143683BB9C0E9005500220023054863
:10CA20000AF014FCDCE71D604560F6E770BD00BF4E
:10CA3000E4510024F835002438B50446002836D0E7
:10CA4000FFF79CF90023E1681A461A48FDF714FC29
:10CA500094F831305B0709D4174804F1100124F031
:10CA6000BDFF036813B9154829F021FC214614487D
:10CA700024F0B4FF2046FFF725FF054620B9FFF755
:10CA800087F96FF0010038BD646834B9284623F097
:10CA9000D0FFFFF77DF92046F5E7606828B123F065
:10CAA000C8FFA4F1100023F0C4FF2468EDE76FF085
:10CAB0001500E8E70C0004E0E4510024F8350024F8
:10CAC000EC5100242DE9F84329F09EFD07460D4660
:10CAD000FFF754F91C4B1C6894B3266806B1103E4E
:10CAE000384629460A220023A4F11005F4F708FC71
:10CAF0004FF0FF340746DFF8508001E035461E4610
:10CB000005F110093946484621F0C6FD60B9404696
:10CB1000494624F063FF2846FFF78EFF46B133698C
:10CB2000002BEBD0103BE9E7844228BF0446F5E731
:10CB3000631C05D00A230548A4FB03230AF086FBE7
:10CB4000BDE8F843FFF724B9E4510024F835002488
:10CB50002DE9F0410D4604460026FFF70FF929465E
:10CB6000104D2046344624F08CF905F50878074628
:10CB7000A86840B1436833B15A68BA420ED1FFF792
:10CB80005BFF68B9013444354545F1D1FFF700F941
:10CB90000CB906EAE6742046BDE8F0811B68EAE7B6
:10CBA0000646F0E7400F00242DE9F04789469246FB
:10CBB0001E460546DDF820809DF82470FDF746FAF4
:10CBC00010220146484632F013F8044648B1FFF7F8
:10CBD000D5F83146284624F054F928B90024FFF747
:10CBE000D7F82046BDE8F0874078FF2801D0FEF74F
:10CBF000C3FD49462846FFF781FE044630B324F0C2
:10CC000008FF014678B11022304631F0F1FF50B9EB
:10CC100041462046FFF7D0FE94F8313067F3010318
:10CC200084F83130DBE794F83130022F03F003034E
:10CC3000D4D0032FD2D801337A1C03F0030302F0BF
:10CC400003029342CAD82046FFF7F6FE52464946F1
:10CC50002846FFF707FE044670B92648416824F0CD
:10CC6000BDFE0846FFF7E8FE524649462846FFF754
:10CC7000F9FD04460028B1D01F480823428810322D
:10CC8000017891BB00F110038360FF23437023F010
:10CC9000D9FE0028A2D0A4684146D0F8089094F8A4
:10CCA00031302046E56067F3010384F83130FFF747
:10CCB00083FE104B1A6822605A681C6002B95C60DF
:10CCC0003146284624F0DDF8064608B123F0BAFEC6
:10CCD0000023C9F8046029460848C9F800301A46FC
:10CCE000C4E90199FDF7C8FA79E7013B1044C7D1BF
:10CCF00074E700BFEC510024601100240B0004E035
:10CD00000149024829F0C5BAC5CA0008F83500240F
:10CD100038B5044622F006FE0B4B1D685DB1204677
:10CD2000A847002802DA204622F01CFE2046BDE873
:10CD3000384022F017BE29F0DEFA421E204665F187
:10CD4000000320F0E2FBECE7F851002400230A2264
:10CD500000F1F80180F85232B0F84A320248A3FBE1
:10CD600002230AF045BA00BF2836002410B5044655
:10CD700000F5E47029F09BFA43F69822002304F5AD
:10CD8000947102480AF034FA0B2010BD28360024B2
:10CD90002DE9F8430546A0F5DC74A0F5A67700223E
:10CDA0000023384609F0E0FF064600287CD1A5F5AF
:10CDB000C8774FF0FF334FF0FF32384624F052FF70
:10CDC0006368586C18B1FEF767FA63685E6420699F
:10CDD00050B194F855321B0706D5002305F14402E3
:10CDE000B4F8F811FCF78CF800236268A5F5907987
:10CDF000A5F5D0785365484684F8343229F057FABF
:10CE00004FF0FF324FF0FF33384624F02BFFD8F8B5
:10CE10000060002E4BD1384625F08BF8A5F1C000FC
:10CE200029F045FAA06822F09DFDE06822F09AFD05
:10CE3000A5F1900029F03BFA05F1100029F037FA2E
:10CE4000A5F1600029F033FAA5F1300029F02FFA9E
:10CE5000484629F02CFAA5F1F00029F028FA3846C6
:10CE600025F067F8606821F0F1FD4FF0FF324FF0D8
:10CE7000FF331C48666024F0F5FE1B4B1A6852B164
:10CE800094422BD122681EBB59681A608C4200D193
:10CE90005A6000232360134825F04BF821461348BD
:10CEA000BDE8F84328F0DDBF22F05CFD77E7D8F855
:10CEB0000420384633689642C8F8003008BFC8F8E6
:10CEC000043025F036F8A6F11C0022F04BFD97E760
:10CED00032605A68944208BF5E60DAE7164612680C
:10CEE000CDE700BFBC150024FC510024C41400246D
:10CEF00000F50C73BFF35B8FD0F83022BFF35B8F6C
:10CF0000BFF35B8F53E8002F013A43E8002100296B
:10CF1000F8D1BFF35B8F22B900F5DC71014829F02D
:10CF2000A2B9704728360024002337B5054601937F
:10CF30000022002301A9564809F05CFD04460028A0
:10CF400040F08B8001464FF41672019831F036FEA6
:10CF50004FF47A700021FDF7AFFE019BD8600028E6
:10CF600000F084804FF47A700021FDF79DFE019B54
:10CF7000986000287AD003F1280028F0CAFF0198B1
:10CF80006C3029F055F801983C304FF0FF322146C3
:10CF900029F0BCF8019854300122114629F0B6F866
:10CFA000019802223B4980F8534280F834223A4AE1
:10CFB000C0F83842C0E9902240F25552A0F8482209
:10CFC00090F8552222F00D0280F855224FF6FF729C
:10CFD000C0E90644A0F84C22983029F05AF901988B
:10CFE0002E4900F5947029F054F901982C4900F568
:10CFF000E47029F04EF901982A49F83029F049F9EE
:10D0000001982949C83029F044F90198274900F5C9
:10D01000AC7029F03EF90198254900F5C47029F05B
:10D0200038F90198234900F5DC7029F0F1F80198EE
:10D0300000F50C7024F098FF4FF0FF324FF0FF33F3
:10D040001D4824F00FFE019B1C4A1C60516851B919
:10D05000C2E90033184824F06CFF019B9BB96FF0C4
:10D060000B0003B030BD0B605360F3E7019BD86841
:10D0700020B122F077FC019B0022DA60019904487C
:10D0800028F0EFFEEBE75D6000206B65E9E700BF8D
:10D09000C4140024811F03085505550565200308A5
:10D0A00071200308F1D80008371F030849D500088C
:10D0B0008D22030891CD0008BC150024FC510024EA
:10D0C0002DE9F04192B0456D044688460CAE1746F6
:10D0D00000211822304631F071FD7DB195F83432CF
:10D0E000022B0BD1C5F82080B4F8A630C3F3C203DD
:10D0F000012BADF8303006D0022B30D06FF0150088
:10D1000012B0BDE8F081636A0BB11B680D93638CAC
:10D11000ADF8323093FA93F8E58D676004F1440777
:10D12000606C6DBAFEF7B8F8B4F8A630B4F8A40095
:10D130001FFA88F8ADB2C3F3811113F480739DF820
:10D140003020009618BF04F12C03CDE905470F4F9E
:10D15000CDE90158CDE90347FDF78AFFD0E7636ABF
:10D16000002BD4D008AD03F1100E2A4618680833FE
:10D1700053F8041CAC467345ACE803006546F5D192
:10D180000DAD0FCA85E80F00C1E700BFADDB000899
:10D19000F0B589B0184A194F0E4603AB01A90446F1
:10D1A00001931423029390F83730C3F30213022B38
:10D1B00008BF174622F04DFE0546C8B10023394688
:10D1C00003744374A06921F055F900B956B10621E2
:10D1D000204621F027FB288294F8383043F00803DA
:10D1E00084F8383001A9204622F051FE09B0F0BD84
:10D1F0006FF06800FAE700BF000420000100200083
:10D2000070B590F837300E46114A0446C3F3021346
:10D2100010498069022B08BF114621F02FF940B94F
:10D220003146204622F015FE054648B9002528461D
:10D2300070BD0621204621F0F5FA0028F0D0F5E770
:10D240003146204622F023FE0028F0D0EEE700BF52
:10D2500000042000010020002DE9F04F9A4690F8CC
:10D2600092308BB0044613F0010F43680F464FF421
:10D270007A704FF000011546B3F8A6204FF0060370
:10D28000CDE90001C2F3C20214BF182114212069A4
:10D29000FDF708FE0646002800F0F18025B1A968D8
:10D2A00022F0FDFB0023AB6096F83730C3F3021386
:10D2B000012B11D104F5057304F5FE723146606847
:10D2C00021F031FD0028054614DA304622F04AFBF1
:10D2D00028460BB0BDE8F08F022B08D104F505738A
:10D2E00004F5FE723146606821F04EFDEAE76FF00A
:10D2F0001505EAE70DF10C090DF114084FF0140BB8
:10D3000030464946CDF80C80CDF810B022F0A1FD92
:10D31000054610B96FF06805D7E75A46002131F08D
:10D320004DFCB4F8FA312B80B4F812326B80052230
:10D330002B7B62F307132B7394F892306F7303F017
:10D34000010313442A7B63F307122A73B4F84432AF
:10D350005BBAEB819AFA8AFAC5F804A017F01007B5
:10D3600003D0D4F83C321BBAAB604946304622F0B9
:10D370008EFD051EA9DB94F89230DB071AD5042335
:10D3800041463046CDF81490069322F062FD0546E2
:10D390000028BFD0204624F048FF83B21BBA43F4D4
:10D3A000806343F002032B604146304622F06FFD5C
:10D3B000051E8ADB304624F03AFC051E85DB314B26
:10D3C0001B6823B130460BB0BDE8F04F18471FB1C2
:10D3D000B4F84432A4F8403296F83730C3F302135D
:10D3E000012B1BD096F83730C3F30213022B11D157
:10D3F000B368DB689A6903F118003AB9DA692AB9A7
:10D400001A6A1AB95B6AB3F1807F0ED00021FBF76C
:10D410002DF950B93046FFF77BFC59E7B368D3F8D4
:10D420000C8098F810307F2B0FD1002206F11C03DE
:10D43000F261E26902BBC4E906330022002304F171
:10D440009801114809F0AAFE42E708F110090021ED
:10D450004846FBF78BFC07460028E6D1FCF7F2FDB7
:10D46000D8F8102003689A42DFD049463846FBF7C7
:10D4700003FC0028B6D0D8E71360E361DDE76FF066
:10D48000680525E7F85100242836002438B5446D96
:10D49000002C51D004F128054FF0FF334FF0FF323C
:10D4A000284624F0DFFB94F83432043B012B36D8B5
:10D4B000D4F82832BBB194F855320A2204F1F801AD
:10D4C0001F4843F0020384F85532B4F84A32A3FBF4
:10D4D000022309F08DFE284624F02BFD2046FFF79D
:10D4E00007FD002038BD174B0A2204F5E4711448EB
:10D4F0001B6823EAE37383FB022309F079FE112101
:10D50000204624F0B9FED4F8383220460133C4F85E
:10D510003832FFF71BFC062384F83432DBE794F83B
:10D520005532DA07D7D56FF3000384F8553204F18A
:10D530003C0009F0ADFCCEE76FF00100D2E700BF80
:10D540002836002404520024F8B5A0F59877A0F5F9
:10D55000AC754FF0FF324FF0FF330646384624F0EB
:10D5600081FBD5F83832D5F82C221021013B284612
:10D5700013440022FFF770FE284624F044FBB5F860
:10D5800048425CBB95F85432B5F84A223E2B9CBF0A
:10D59000013385F8543295F85432134DA3F120002D
:10D5A000C3F120019C4002FA00F022FA01F19A40F6
:10D5B00000230443501E44EA010444F1FF31854234
:10D5C0000A4873EB01013CBF1C46094A0A23A2FB2F
:10D5D000032103FB0413314609F00AFE3846BDE877
:10D5E000F84024F0A6BC00BFBFD4010028360024B8
:10D5F000C0D401002DE9F04F99B0446D054690F973
:10D60000A80099468A461646BDF888B0DDE9248709
:10D6100024F05CFB2061204624F0F5FAB5F8A63032
:10D62000C3F3C203012B66D0022B00F083800421D8
:10D630000BA8F8F7B3FB0B9B9BFA9BFB99FA99F9A4
:10D64000C4F8383205F14403B5F8A61021F00601FC
:10D6500041F0020189B2A5F8A610C1F3C202C1F3DC
:10D660008111CDE90553A14BCDE903531FFA8BF38B
:10D6700002931FFA89F3CDE900635346B5F8A4007D
:10D68000FDF7F6FC061E32DBB4F8F81104F5FE7265
:10D69000206920F0E9FD94F855324FF0FF3243F055
:10D6A000080384F85532269B6362279B6B6004F164
:10D6B000280594F85532284643F0010384F8553282
:10D6C0004FF0FF3324F0CEFA94F89230002202217A
:10D6D00043F00103204684F89230D4F83832FFF743
:10D6E000BBFD061E80F2AD80284624F022FC3046A9
:10D6F00019B0BDE8F08F0022A4F8F831A4F8103278
:10D70000C4F8FC21C4F81422A4F81292A4F8FAB1C7
:10D71000736843B995F9A80024F0D8FA0AF1040116
:10D72000FBF7C2FA0368C4F8FC31DAF80430C4F835
:10D7300014327CE71422002104F5FE70099331F0C5
:10D740003DFA1422002104F5057031F037FA099BE7
:10D75000A4F81292A4F8F831A4F81032A4F8FAB19F
:10D760007368002B4ED1B368002B4BD1F368002BAC
:10D7700048D13369002B45D195F9A80024F0A6FAC9
:10D780000AF1040120F07DFC0DF1300C034600F19C
:10D79000100E1868083353F8041C6246734503C220
:10D7A0009446F6D10DF1300C04F5FE720DF1400EE9
:10D7B0006346083203CB734542F8080C42F8041C58
:10D7C0009C46F5D10AF104030DF1500C0AF1140E38
:10D7D0001868083353F8041C6246734503C2944624
:10D7E000F6D10DF1500C04F505720DF1600E634693
:10D7F000083203CB734542F8080C42F8041C9C46DF
:10D80000F5D196E7331D0DF1400C06F1140E1868A2
:10D81000083353F8041C6246734503C29446F6D19C
:10D820000DF1400C04F5FE720DF1500E6346083206
:10D8300003CB734542F8080C42F8041C9C46F5D112
:10D84000C0E72046FFF782FA94F8923004F50C7096
:10D850006FF3000384F89230D4F838320133C4F8FF
:10D860003832032384F8343224F07EFB284624F037
:10D8700060FB94F83432012B06D894F85532D9065F
:10D880002ED56FF06E0632E758EA070201D1052B5C
:10D8900029D142463B4604F13C0024F0C6F9B8B118
:10D8A00094F83432052B13D094F85532DA0708D5A2
:10D8B0006FF300036FF07301204684F8553224F0B3
:10D8C0008DFB94F85532DB06DBD46FF073060EE760
:10D8D00094F8553200266FF3000384F8553206E7BA
:10D8E0006FF07F0603E76FF0760600E7ADDB000818
:10D8F000F8B5A0F1D00604464FF0FF32A0F1F805CC
:10D900004FF0FF33304624F0ADF994F85A21082A3D
:10D9100009D9304624F00DFB28466FF07301BDE8AD
:10D92000F84024F05BBB94F83C31033B072B00F23A
:10D930008980DFE803F0041F25A28725A2A2D4F87E
:10D94000403100220221013B2846FFF785FC94F874
:10D950005A11B4F852310131C9B2082984F85A1168
:10D9600040F397800A2221464B4883FB022309F0AB
:10D970003FFC67E0D4F8403100221221013BE3E78D
:10D98000002A52D114F86C3C2846DB074CBF34F80F
:10D99000707C4FF4067724F048FCB84257DD14F849
:10D9A0006C3CDF0758D534F8703C5B00D4F8342168
:10D9B00002EBD272B3EB620F4FEA620013DD14F890
:10D9C0006C3CD80728464CBF34F8707C4FF406777F
:10D9D00024F02BFCB84242DD14F86C3CD90742D548
:10D9E00034F8700C400080B214F86C3CA4F8560176
:10D9F0002846DA074CBF34F8707C4FF4067724F0E1
:10DA000014FCB84232DD14F86C3CDB0732D534F834
:10DA1000700CA4F85401284624F0BBF828B1002269
:10DA20000023A4F1A40024F000F9012300272846D4
:10DA300084F83D31C4F8347124F03DFC3D3086D18A
:10DA400084F83D713046BDE8F84024F072BA2846AB
:10DA500024F0EBFB4300A9E74FF48663A6E72846D2
:10DA600024F0E3FBBEE74FF48660BDE7284624F0D0
:10DA7000DCFBCEE74FF40670CBE7D4F84031002250
:10DA80001121013B60E703EB630301328A42FADBB9
:10DA900068E70022FAE700BF28360024424B2DE950
:10DAA000F74FD3F8009004460D461746B9F1000F22
:10DAB00004D0C847022003B0BDE8F08F43689B6CD8
:10DAC000002BF7D0C368D2F800A09B68002B68D069
:10DAD000DA68002A65D01B8A002B62D0084624F041
:10DAE000F7F8E268436891681BBA8E6908460AEB4A
:10DAF000030B0193ABEB0602009224F0C2F8009AEC
:10DB00008046019B82423DD232B1464411462846AE
:10DB1000A6EB0B0821F0A2FFE368A86899681EF045
:10DB2000C8FFE368002204F1C8009A6028F0BFFB38
:10DB30003B68284643443B6021F0ABFF95F8373003
:10DB4000A86843F0010385F8373024F09AF8396863
:10DB5000411A284621F0ECFF39682046494224F05A
:10DB600083FCB4F840323A6804F16C0029469A42CA
:10DB700096BF9B1A00239BB2A4F8403228F09AFA71
:10DB8000002098E7A6EB0A06F61A002E09DC0846E4
:10DB9000F8F7E8F8E36804F1C800C3F8089028F043
:10DBA00086FB4FF00008C3E7F45100242DE9F04F45
:10DBB0004FF0FF339FB04FF0FF32B7480D4624F0CF
:10DBC00051F8B64B1C68002C66D026680CB9274665
:10DBD00015E00022294604F5FC7024F04EF928B91E
:10DBE000002E57D1334634461E46EFE70122294620
:10DBF00004F5047024F041F907460028F0D0A64847
:10DC000024F097F917B1002C40F0E880284624F062
:10DC10005FF8467BB40739D516F0100636D195F873
:10DC200037700DF15008289B1822C7F302173146B0
:10DC30004046D3F854900E9630F0C0FF0EAB06224B
:10DC400001213846FCF77EFC00281FDB0E9B5C6D33
:10DC5000AB692046236123F0D6FF95F83730626820
:10DC60002946C3F30213042B98BFDE00B2F8A63096
:10DC70001E43A2F8A66004F504760122304624F083
:10DC8000B1F800280ADA0E98FCF73AFD284624F08D
:10DC90003AFAA5E03368A6E7264697E70022294628
:10DCA00004F5FC7024F09EF80028ECDB0E9A304658
:10DCB00004F50A7102F12C0350F8046B884243F812
:10DCC000046BF9D1B2F8A630178443F48073A2F83C
:10DCD000A630C3F3C203022BADF8503025D110AEED
:10DCE00004F5FE7304F5037E32461868083353F8D2
:10DCF000041CB4467345ACE803006646F5D115AE86
:10DD00000FCA86E80F00182241460E9820F0CBFE7D
:10DD10000028B8DB0E9AB2F8A630C3F3C203022B78
:10DD200009D1B4F8FA31538407E0012BEBD1D4F8D0
:10DD3000FC311593E7E7012BF3D004210FA8F8F786
:10DD40002DF80F9B01210620C4F838320E9B03F1F9
:10DD50004402CDE90532524ACDE90332B4F8FA2142
:10DD60002C3352BA92B20292B4F8122252BA92B240
:10DD7000CDE900823A46FDF77BF9002883DB04F504
:10DD8000FE72B4F81012206920F06EFA94F8553241
:10DD9000C4F8209043F0080384F85532284623F055
:10DDA00097FF8046E0B104F1280390F80D9090F8B9
:10DDB0000CA04FF0FF32089304F128004FF0FF331E
:10DDC00009F03F0623F04EFF94F834324FEA1A1A56
:10DDD00037463BB9089824F0ACF801E0002DDDD1BE
:10DDE00002263DE098F80C304F2B08D86FF06707FB
:10DDF0004FF0010A284624F086F902261AE0002E88
:10DE000050D019F0040F4DD04146204623F0ECFECF
:10DE100082460028DED094F8553243F01003D8072C
:10DE200084F8553220D415B1284621F09BFD6FF0BF
:10DE300067070026D4F80480B8F1000F01D0D8F8A5
:10DE4000448004F16C0B0898D4F8149024F071F815
:10DE5000B8F1000F40F05286BAF1000F40F06F8623
:10DE600030461FB0BDE8F08F98F80D60002E00F02E
:10DE70002086142ED7D1D8F80830D4F838221BBA0F
:10DE80009342A7D1002D00F0318628466FF06E072F
:10DE900021F068FDCDE700BFBC150024FC51002433
:10DEA000ADDB0008BAF1050F2DD0EB682846D5F898
:10DEB00010B0AAF1050A099321F0EBFD6A8F4FEA31
:10DEC0008A0A95F8361028461144143121F030FEA4
:10DED000524614A92846282A28BF282221F03EFEAF
:10DEE000099B0028C5E9033B94F88C3023F0030319
:10DEF00084F88C3003DB504614AB002818DCBAF1F0
:10DF0000000F7FF773AF94F83432023B012B3FD9F7
:10DF10004146204623F068FE8246C8B3C6B319F0D6
:10DF2000020F35D028466FF0670724F0ECF864E75D
:10DF300019780029E3D0012928D001283FF456AFF1
:10DF40005A78012A7FF652AF9042FFF64FAF02296E
:10DF500004D0032910D01344801ACEE7042A7FF49A
:10DF600045AF598849BAA4F8881094F88C1041F04C
:10DF7000010184F88C10EEE7032A7FF437AF94F8A0
:10DF80008C10A4F88A2041F00201F2E70A46E2E789
:10DF9000B8F80E3004F5AC7AB4F846225BBA5046B5
:10DFA0009BB2934228BF1346A4F848327BBB28F0AB
:10DFB0007CF950B9B4F84A220A2384F85402514635
:10DFC000A2FB0323A44809F013F9204604F1540BE3
:10DFD00023F0DFFDF0B100220023584623F025FE98
:10DFE000284623F0EBFE0F9094F834328246023B31
:10DFF000092B00F22F81DFE813F01100D700490050
:10E0000033016304C3042D0108054704420528F0C9
:10E010004EF9DAE7584608F0D9FEE1E7022E7FF420
:10E02000D9AE94F8923012212046042643F0010321
:10E0300084F89230D4F83C32D8F80420013312BA74
:10E040001344C4F83C3224F017F994F89230204677
:10E050006FF3000384F89230D4F838320133C4F8F7
:10E060003832FEF773FE7D4B0A2204F5E4711B681B
:10E07000794823EAE37383FB022309F0B9F815B169
:10E08000284621F06FFC84F8346282E0002E00F014
:10E09000E180D8F80830D4F838221BBA934240F017
:10E0A000D980D8F80430D4F83C221BBA934240F00F
:10E0B000D18019F0100F00F0CD80266AF6B1376AD2
:10E0C000766804F5E47028F0F2F804F1F80028F01E
:10E0D000EEF804F50C7023F047FF6268B2F8A63042
:10E0E00023F0060343F00403A2F8A63000232362C2
:10E0F00037B96068FFF7CAF9BA467EE63746E0E707
:10E100000DF1500E636804F5047204F50A79F446C3
:10E110001068083252F8041CF0464A45A8E803008B
:10E12000C646F5D12C330DF1680E6246083303CA9A
:10E13000724543F8080C43F8041C9446F5D1B6F830
:10E14000A6306068C3F3C20300F12C01022B736890
:10E1500014BF0822182200930023B847204624F059
:10E16000D6FA0F9B002B00F0A1840FAA2946204667
:10E17000FFF794FC0F9AD4F83C3206461021204653
:10E180001344C4F83C323EB924F076F8052384F8F1
:10E1900034320027BA464CE624F06EF8052384F8A2
:10E1A00034320027BA4645E6002E50D0D8F8083061
:10E1B000D4F838221BBA934249D119F0120F46D035
:10E1C00004F1F80028F073F8D8F80420D4F83C32B1
:10E1D00012BA01331344C4F83C320F9E6EB10FAA39
:10E1E00029462046FFF75AFCD4F83C320F9A061E07
:10E1F000134408BF0025C4F83C3262682046B2F8D8
:10E20000A63023F0060343F00403A2F8A63024F05E
:10E210007EFA1021204624F02FF815B1002E00F0D0
:10E220005F84052384F8343294F855326FF3000389
:10E2300084F85532636A2BB16068002142689847C0
:10E240000023636204F13C0008F0C0FDA9E7284602
:10E2500023F059FF00274FE72836002404520024FA
:10E26000002E4FD0D8F80430D4F83C221BBA934289
:10E2700048D119F0010F45D009F03E070F9E3EB17D
:10E2800029460FAA2046FFF709FC061E08BF0025F5
:10E290000F9B17F0FF0703F10102D4F83C3213443F
:10E2A000C4F83C320BD0F90609D5D8F80830D4F8B8
:10E2B00038221BBA9A1A002AC8BFC4F83832112172
:10E2C000204623F0D9FFD4F8383204F5E47820460C
:10E2D00001330A27C4F83832FEF738FDB04940460A
:10E2E00027F0D7FFAF4B4146AF481B6823EAE373E3
:10E2F00083FB072308F07CFF002D40F0E18384F8C6
:10E3000034724EE7D8F80830D4F838221BBA93425A
:10E3100040F0A880D4F82832002B00F01281BAF126
:10E32000000F28D194F853322046B4F84C72032BD6
:10E3300028BF0323013384F8533294F88C30DA0772
:10E340004CBFB4F888304FF40673099323F06DFF87
:10E35000099B984240F3EE8094F88C30DB0740F143
:10E36000ED80B4F8880007444FF6FF739F42A8BFC2
:10E370001F46A4F84C7294F83532002B72D194F8F1
:10E380005322032A6ED1D4F82C722046C4F82C32C2
:10E3900023F091FFB4F85032C4F82C72002B58D1FE
:10E3A00094F88C30D80720464CBFB4F888704FF4EE
:10E3B000067723F03AFFB84240F3C68094F88C30D9
:10E3C000D90740F1C680B4F888305B00D4F82C221D
:10E3D00002EBD272B3EB620F4FEA620015DD94F8E4
:10E3E0008C302046DA074CBFB4F888704FF40677BB
:10E3F00023F01BFFB84240F3AF8094F88C30DB076A
:10E4000040F1AE80B4F88800400080B294F88C30BF
:10E41000A4F84E022046DF074CBFB4F888704FF4D2
:10E42000067723F002FFB84240F39D8094F88C30C9
:10E43000D80740F19C80B4F8880000EB400080B21F
:10E44000B4F84E321844D4F82C32A4F84C02A4F894
:10E450005032204623F09DFB20B100220023584675
:10E4600023F0E3FBD8F808301BBA0993D4F838320C
:10E470000A93DDE909329F1A002F0C9740F31981A6
:10E48000D4F8282297423FF6B1AC3946A06823F071
:10E4900000FC0028FFF6AAAC0022B4F84C3220465B
:10E4A00084F8532294F88C200B9312F0010F0C9BEC
:10E4B00014BFB4F888204FF40672CDE90C3223F073
:10E4C000B4FE0D9A0C9B904254DD94F88C20D10739
:10E4D00040F14083B4F8882097420ED3B4F88830D6
:10E4E00020460C9323F0A1FE0C9B984250DD94F83B
:10E4F0008C30DB0751D5B4F88830B4F85022002AAC
:10E5000054D1B4F84C22B4F84E12914295BF03FB9B
:10E5100003230B9A03F1FF33D2189BBF93FBF2F353
:10E520000B9A13469B184FF6FF729342A8BF1346EF
:10E530009BB242E0204623F078FE14E74FF40670C9
:10E5400011E784F8533216E7204623F06EFE4300AD
:10E550003CE74FF4866339E7204623F066FE53E735
:10E560004FF4866052E7204623F05FFE65E74FF4E4
:10E57000C96065E720460C9323F057FE87420C9B49
:10E58000BBD394F88C30DA07A8D44FF40673A7E70E
:10E59000204623F04AFE0346AFE74FF40673ACE78C
:10E5A000592003080452002428360024974256D3E9
:10E5B0000023A4F85032B4F84E32A4F84C3220466E
:10E5C000DDE909239B1AD4F828221A44C4F828222A
:10E5D000D4F82C22974294BF9B180023C4F82C3205
:10E5E00023F0D7FA10B9584608F0F0FBD4F83832C7
:10E5F0003B44C4F8383294F83532012B05D100235E
:10E600002046C4F82C3223F0FEFA002384F8353279
:10E61000D4F8283213B12046FEF798FB94F855320F
:10E62000980724D5D4F828320BBBAC4B0A2204F54A
:10E63000E471AB481B68062623EAE37383FB0223DD
:10E6400008F0D6FD1121204623F016FED4F838320A
:10E6500020460133C4F83832FEF778FB0FE5B9B233
:10E66000B4F84C32521A5B1AA4F8502260E794F8BE
:10E670003532012B14D0204623F07DFF071E0FDA20
:10E6800017F1690F0CD0284623F03DFD002D00F056
:10E690003282284621F066F94FF0010AFFF7C9BB24
:10E6A000204623F076FA20B100220023584623F0BA
:10E6B000BCFAD8F80470D4F83C323FBA9F424BD130
:10E6C000BAF1000F4FD0002E3CD019F0080639D017
:10E6D00001270F9B002B00F0D18029460FAA20466E
:10E6E000FFF7DCF9D4F83C320F9A06462046134473
:10E6F000C4F83C3223F073FE04F5C47100B91FBBAB
:10E700004FF47A720023764808F048FD002E08BFC7
:10E710000025D4F828321BB904F1F80027F0C7FD12
:10E72000204623F036FA002800F0AA8000220023B9
:10E73000584623F07AFA002D3FF433AD002E00F056
:10E740005F812EE53746C4E7084627F0B0FD10216B
:10E75000204623F091FDD9E7DB1B002B05DD1021BE
:10E76000204623F089FD0026D3E7BAF1000F7DD0C3
:10E77000A86823F086FAA0EB0A01284623F089FA5C
:10E780000028ECDBAB68198A5E6839449F611EBBC8
:10E79000E068D0F80880B8F1000F22D0D8F80C302B
:10E7A000FBB1B8F81030E3B1D8F818304046C91AB8
:10E7B00023F067FA814228D340461EF069F9836945
:10E7C000018ADB1B9A4519443AD98A45C7D3E368C5
:10E7D0009868F7F7C7FA23E0338AB161194476687D
:10E7E000D5E7A96821F05BF9002304F1C806AB6006
:10E7F000304627F05AFD0028B1D144F620620023AC
:10E800003146374808F0F4FCA9E78A45A7D911B189
:10E81000284621F023F9E368A86899681EF049F9B1
:10E82000E368AA689A60E3680127002298680346B3
:10E8300093B9002FD8D1F7F795FAE3689F60D3E733
:10E840008A458CD911B1E06821F008F9E368A9681C
:10E8500098681EF02EF9E6E7996916B1914218BF43
:10E8600000271A8A1E465B680A44E1E7002E3FF43F
:10E870007AAF19F0010F3FF476AF70E7022648E750
:10E88000584608F0A3FA56E7002E3FF4E3ACD8F858
:10E890000830D4F838221BBA93427FF4DBAC102E38
:10E8A0007FF4D8AC04F1F80027F001FD04F5E47022
:10E8B00027F0FDFC15B1284621F054F80027EBE6BF
:10E8C000002302464146204623F0CEF9984209DD56
:10E8D00004F1F80027F0EBFC5AE000BF04520024DA
:10E8E00028360024002E3AD0D8F80820D4F8381260
:10E8F00012BA8A4230D119F0100630D009F02F0731
:10E9000004F1F800072627F0D2FC0123002217F0BB
:10E91000FF070F9826D0D8F80410D4F83CC209BAE3
:10E92000014461451ED1F9071CD5D4F83C220132BF
:10E93000C4F83C22002B49D110212046092623F09F
:10E940009BFC002D3FF49FAB284621F00BF8002ED6
:10E950003FF41FAC0023BBE002221E46D7E733463C
:10E960000222D4E7002800F086801021204623F000
:10E9700083FC002DE8D1002E3FF40BAC072306E406
:10E98000002302464146204623F06EF998420CDDF2
:10E990002046FEF7EBF90646284623F0B4FB002E8E
:10E9A0003FF458AC84F8346254E4F6B1D8F804303B
:10E9B000D4F83C221BBA5344934216D119F0010FEC
:10E9C00013D0D4F83C320133C4F83C322046FEF771
:10E9D000CDF906461021204623F04EFC002DB3D180
:10E9E000002E7FF450ABFFF7D4BBBAF1000F3FF419
:10E9F00031AC1021204623F03FFC002D3FF4C9AB81
:10EA0000284620F0AFFFFFF7C4BB02460123414672
:10EA1000204623F029F900283FF75AAF3EB3D8F833
:10EA20000830D4F838221BBA93421DD119F01006D1
:10EA30001DD009F02F0704F1F80027F038FC20461C
:10EA4000FEF794F90022064617F0FF070F9810D042
:10EA5000D8F80410431C09BA0B44D4F83C128B427A
:10EA600007D1FB0705D5B5E702220026ECE7022215
:10EA7000EAE70028AED1002A3FF466AF8FE70246EE
:10EA800001234146204623F0EFF800283FF7DFAB93
:10EA9000002EAAD0D8F80430D4F83C221BBA013397
:10EAA0009342A2D119F0010F9FD0A2E70526FFF7EC
:10EAB000E6BA002D7FF4B8A96FF06707FFF7BAB97F
:10EAC000002E7FF41CAC284620F04CFF33463E4617
:10EAD00084F83462002B3FF45CAB0026FFF7A4BB44
:10EAE0002846052620F03EFF0123F1E76FF06E0770
:10EAF0002E46FFF79FB94FF0010AF9E7BFF35B8F8E
:10EB0000D4F83032BFF35B8F002B7FF7A5A900222A
:10EB10000023584608F028F9054600283FF49CA930
:10EB2000002329464046CDF800901A46FBF7FEFB2D
:10EB30000228E3D1284620F015FFFFF789B994F8A1
:10EB40003432012B7FF68CA93946204623F046FA51
:10EB5000FFF786B9B7F5067FFFF4CFAC15E500BF28
:10EB600013B500246FF00D034FF480620C490D487B
:10EB7000009408F0D3FA09212346C822013913442E
:10EB800002EB6202FAD1C833074A03EB6303136056
:10EB90000649044802B0BDE8104027F0B2BB00BFF0
:10EBA00080BF00242836002404520024DC5A0408C4
:10EBB000F0B5082385B0204A0E46039302A990F8C9
:10EBC000373004461D4FC3F30213CDF808D0022B93
:10EBD00008BF174621F03DF9054648B3A268002357
:10EBE00012BB618F94F836200A4439469B1A5BBAEF
:10EBF000AB80A0691FF03EFC00B97EB11121204618
:10EC00001FF010FE4FF6FF73002818BF0346EB807D
:10EC100094F8383043F0080384F8383002A92046CD
:10EC200021F035F905B0F0BD118A52680B44D7E7E1
:10EC30006FF06800F6E700BF0004400001004000EC
:10EC4000F8B590F8373004461D4A0F46C3F3021357
:10EC50001C4E022B08BF164621F0FBF8054610B9E2
:10EC600000252846F8BD3946204621F010F9034614
:10EC70000028F5D1AA88A16852BA92B2A9B994F82D
:10EC80003610608F01445B1A9A42E9D13146A0697F
:10EC90001FF0F4FB0028E4D0EB8853B994F8373028
:10ECA000C3F30213012BDCD0DAE7088A4968034476
:10ECB000E4E7112120461FF0B5FD0028D1D0CFE7B1
:10ECC0000004400001004000074BBFF35B8F53E896
:10ECD000001F014343E80012002AF8D1BFF35B8F05
:10ECE000024808F073B800BF1452002464160024D0
:10ECF00008B5064B994207D1054808F0C9F8054800
:10ED0000BDE8084008F062B808BD00BF020001D0AD
:10ED100004160024641600242DE9F74F90461F4680
:10ED2000044628B9F9F738FB0446002800F0A18012
:10ED30000321204623F0A2FD20B16FF0720003B042
:10ED4000BDE8F08F002F4FF00A065ADB5CD13D463C
:10ED50000021204697FBF6F623F090FD002855D0C1
:10ED60000821204623F08AFD00284FD0434808F0B0
:10ED70008FF8434808F02AF842496A460120FBF719
:10ED800085F8034690B9032269462046FAF718F839
:10ED90003D4901AA0120FBF779F820B901AA69468B
:10EDA00020461FF00BFA0420FFF78EFF0B212046B0
:10EDB00023F064FD10B10220FFF786FF002F01DD74
:10EDC000002DBADB26EAE6760A24DFF8C0B086FB1F
:10EDD0000464DFF8ACA0BFF35B8FDBF80030BFF357
:10EDE0005B8F38EA030304D0002D05F1FF3939DCCD
:10EDF0004D46013540D1002FD4BF00206FF0730085
:10EE00009DE74FF0FF35A3E73546A1E72048214BAA
:10EE10004360214B8360FBF7F5F901214FF0FF328E
:10EE200016484FF00A0927F071F926EAE6731349EC
:10EE300083FB099B002D05F1FF3A01DD8A6822B9A9
:10EE400013485546FBF702FA96E70D484A465B46DB
:10EE500007F0F8FF094908B95546EBE78A68002A28
:10EE6000FAD1EDE73246234650464D4607F0EAFF19
:10EE7000B1E76FF0010062E7002060E704160024AC
:10EE800064160024E55A0408F45A040814520024B5
:10EE900008520024F1EC0008020001D0002313B551
:10EEA0000C46019368B901A90948FAF73DFD01989C
:10EEB00028B147F2305300222146FFF72DFF02B060
:10EEC00010BDF9F755FA01900028F0D1EBE700BF2B
:10EED000952803080349002008B5FFF7DFFF00204D
:10EEE00008BD00BF025B04082DE9F041054600247F
:10EEF0004FF001084FF0B0460E4F2A781319DBB2DD
:10EF000008FA03F0D6F8883030EA03030AD152FA3F
:10EF100084F3C6F8880057F833201AB107EBC3030F
:10EF20005968904701346A78E3B29A42E5D2BDE865
:10EF3000F08100BF18520024044B03EB4000002373
:10EF4000013320F8022B9942FADC70470C1400249C
:10EF50004FF48013094A0A4910B5D2F8A400884238
:10EF60000BD0581CF9D0013BF7D183F31188BFF3C4
:10EF70006F8F0424204602DFEFE710BD00640258C3
:10EF80000003008007B5062201210020FFF7D4FF0F
:10EF9000002206201146F6F7C3F901210722084690
:10EFA000FFF7CAFF002207201146F6F7B9F9082239
:10EFB00001210220FFF7C0FF002208201146F6F7CA
:10EFC000AFF9092201210320FFF7B6FF0022092033
:10EFD0001146F6F7A5F90A2201210420FFF7ACFF3C
:10EFE00000220A201146F6F79BF905211722084650
:10EFF000FFF7A2FF002217201146F6F791F9282209
:10F0000006210A20FFF798FF002228201146F6F774
:10F0100087F90223F4220748CDE9002383681B689F
:10F0200023B16946984703B05DF804FB6FF05700C1
:10F03000F9E700BF90120408034680B1B0FA80F2ED
:10F04000C2F11F02D2B2074931F912004FF0B042AB
:10F05000D2F880100B43C2F88030F6F731B9FF22A6
:10F06000F1E700BF0C14002438B50D460446FFF745
:10F070006FFF032D0DD8DFE805F0021116204FF0C9
:10F08000B0431A6822EA04021A605A6822EA0402AB
:10F090005A600E4B4FF440725A6238BD4FF0B04385
:10F0A0001A682243F0E74FF0B0435A6822435A608F
:10F0B0001A6822EA04021A60EBE74FF0B0431A68BC
:10F0C00022431A605A6814435C60E2E70064025805
:10F0D00030B5B0B1B0FA80F3C3F11F03DBB20B4817
:10F0E00050F833408C4204D100EBC3056D68954263
:10F0F00005D044B940F8331000EBC3004260002053
:10F1000030BDFF23EBE76FF00F00F9E71852002442
:10F1100060B1B0FA80F3C3F11F03DBB2044A0021EF
:10F1200042F8331002EBC30251607047FF23F5E74A
:10F130001852002438B500F003030F250C460433A1
:10F140009B009D4045EA9005FFF702FF05F0030391
:10F150002A0C92FAA2F29B00B2FA82F203F1B043B7
:10F1600002F01F02D3F8081494404FF4407221EAD1
:10F1700015410C43C3F80844014B5A6238BD00BF27
:10F180000064025800F003020F23043292009340FF
:10F19000094A43EA900000F00303023352F82320A7
:10F1A000030C93FAA3F3B3FA83F302EA104003F0DB
:10F1B0001F03D840704700BF00040058F8B50C7911
:10F1C00014F0200206D02E492E4823F085FB6FF064
:10F1D0001500F8BD0B78092B01D02B49F4E74B78CB
:10F1E000042B01D02949EFE74D8804F01F04406843
:10F1F0000168ADB143F6FF739D421BD000F11606C6
:10F20000234F36F8023F3B439BB29D4209D0013267
:10F21000082AF6D11F491B4823F05EFB1E49D3E79D
:10F220002A4690F928303BB1013BDBB2012B24D9AF
:10F230001A49F0E70722F4E7012304EB4400092C04
:10F240004FF0070503FA04F388BF1E3843EA8463CE
:10F2500001F114048ABF43EA005343EA005343F028
:10F260000073D80DC3F3045300F004009D409A408E
:10F27000215821EA05010A4322500020A9E700BFD6
:10F28000435B0408941B04086B5B0408805B040860
:10F2900000C0FFFF9A5B0408F35B0408BD5B040831
:10F2A00038B5364C2368DA0605D51023344935487D
:10F2B000236023F011FB23685B0747D5226C324C97
:10F2C000D4F8A4302546991CC4F8A4101A8094F8E8
:10F2D000B53094F8B4200133DBB29A4284F8B530EB
:10F2E00034D1002384F8B530636FB3B3D4F88C30D5
:10F2F000B4F898203BB104F17401244898470128E0
:10F3000012D0022823D0B4F89830B4F894209A424E
:10F310001DD90133A4F89830D4F888304BB91A4875
:10F32000BDE8384023F0DCBAD4F8A830C4F8A430E3
:10F33000F2E7BFF35B8F55E8003F5A1E45E8002116
:10F340000029F8D1012BBFF35B8FE8DC38BDD4F87E
:10F35000883013B10E4827F0ABF9D4F8A0305B68C1
:10F360001A684FF6FF73A4F8B630D36943F001036F
:10F37000D3610848BDE8384007F028BD00200240AE
:10F38000095C0408941B040800080024B014040855
:10F39000080800245808002473B5436805461C6813
:10F3A000204623F0E0FA6B681A68274B91680B40FF
:10F3B00043F0004393609368002BFCDB6B682348A9
:10F3C00099688368DB68002B37D12149214823F0F5
:10F3D00083FA019B1BB920491E4823F07DFA204681
:10F3E00023F0A4FA002826DB1C4B9C422AD01C4A9E
:10F3F00094420CBF082210221A4B00214FF48005C2
:10F4000003EB8203D4F8C82005FA01F01E6802F06D
:10F4100040423243C4F8C820A26822F4803202433A
:10F42000A260114AA668304201D1013AFAD10131F5
:10F4300004330629E6D102B070BD01AA984700281E
:10F44000C7DAC2E70022D7E7C0FFFE3F90120408E8
:10F45000825C0408941B04089C5C040800200240A1
:10F460000021024000ECF11F710008002DE9F74F68
:10F47000D0F8048006460769D8F80050DFF83CB29F
:10F48000584626F071FC48B96FF012048C498D483B
:10F4900023F022FA204603B0BDE8F08F4FF6FF7349
:10F4A000DBF808A0C7F8A060A7F8B630D6F804903B
:10F4B000DAF80030D9F80040D9F808104BB35846B4
:10F4C000984730BB804B9C423ED003F1C0537F49EC
:10F4D0007F4A03F586438C4208BF13469A68D9F8E1
:10F4E000101022F47C120A439A60D9F81030D9F82F
:10F4F000081023F40032B2F5803F03D0B3F5003F8B
:10F5000018BF0831DAF80C3003BB72496D4823F09C
:10F51000E3F901AA0021D8F8140023F08FFE041E9D
:10F5200008DB019B00221979186803F06DF8041EAE
:10F5300080F29F80A21C00F09C80674A2346012134
:10F5400060481DF06FF9A5E7614BC7E701AA5B486A
:10F5500098470028D9D1D9F81030B3F5A01F33D07F
:10F560001AD8B3F5802F53D00DD8B3F5003F4FD044
:10F5700004D833F4803304D1012326E0B3F5403FAF
:10F580004CD05649C2E7B3F5402F43D0B3F5801FA6
:10F5900042D0B3F5002FF3E7B3F5101F40D00AD8DF
:10F5A000B3F5E01F3ED0B3F5001F3DD0B3F5C01F4B
:10F5B000E7D10C2309E0B3F5201F37D0B3F5301F96
:10F5C000DFD14FF4807300E00A23454A116841F20D
:10F5D0000302B2EB114F2CBF012202225343019AC6
:10F5E000B2FBF3F33F4A0193934221D93E4A93423F
:10F5F00033D93E4A934233D93D4A934233D93D4AA7
:10F60000934233D93C4A02212E481DF00BF980E782
:10F610000223DAE70623D8E70823D6E70423D4E752
:10F620004023D2E71023D0E72023CEE78023CCE786
:10F6300000232B4A126802F04052B2F1805FA268A8
:10F6400015BF03F4407322F4807222F4407242EA40
:10F65000930318BF1343A3605BE74FF48073E8E79D
:10F660004FF40073E5E74FF4C063E2E74FF4E06363
:10F67000DFE7AB6823F0204323F03F03AB60AB68C8
:10F6800023F0104323F03F0343F08053AB602B681B
:10F69000DB04FCD5D8F8043003B198473046FFF7B7
:10F6A0007BFEEB6823F47E63EB60BB6C1BB907F158
:10F6B000400007F08BFB0024ECE600BF901204082A
:10F6C000B05C0408941B04080020024000210240A2
:10F6D00000230240CF5C04082F5D0408F15C04089D
:10F6E0000010005C105E5F0020BCBE00002D3101E8
:10F6F00040787D0180F0FA020F5D04082DE9F04F9B
:10F70000076987B006460D4607F1400303934FF0A3
:10F71000FF324FF0FF33039807F094FB73683469AE
:10F72000D3F80080AB68C4F8A4306F683846C4F8DA
:10F73000B070F2F771FB002384F8B40084F8B530A0
:10F7400027B9A949A94823F0C7F807E010280EDD1A
:10F750001023A74A0121A5481DF064F86FF0150495
:10F76000039807F033FB204607B0BDE8F08F7268BE
:10F770001068283292F903C0634502DB13D19D491A
:10F78000E0E752F8041F95F810E0BEEBD14F29D105
:10F790005FFA81F9C1F30427C1F3423BC1F3024A86
:10F7A000B9F1FF0F20D173684FF00009326904935B
:10F7B0001B68D2F8B00003F1300B68BB94F8B4209A
:10F7C0002B68520013B19B8903FB0222EB68934222
:10F7D0007AD20121009285486FF00B04864A1DF011
:10F7E0002BF8BDE70133C7E750F80930FB400BEABF
:10F7F00003039A45D7D023F0B6F873680BFA07FBDA
:10F800000AFA07FA196851F8093023EA0B0343EAA8
:10F810000A0341F80930C6E790FAA0F10122B1FAD3
:10F8200081F1092901EB410C02FA01F288BFACF128
:10F830001E0C059242EA8162049988BF42EA0C528A
:10F8400091F9291094BF42EA0C5242F0007201294A
:10F850002AD1C2F3130CC2F3846EBCF1000F29D17C
:10F8600001FA0EF2D9695FFA89FA1F271143634A38
:10F87000D96152F82A104FEA911C01F01F010CF0D7
:10F880000C0C8F400EFA01FE5D495BF80C2051F81C
:10F890002A1022EA070242EA0E024BF80C201A6BE9
:10F8A00022F00F020A431A63059A09F1010920EABE
:10F8B000020082E792FAA2F2B2FA82F2012102F089
:10F8C0001F0201FA02F2CDE771686A7C0868002A1B
:10F8D00055D1036923F4806323F003030361AB7CF8
:10F8E00013B13046FFF758FD404604F1740623F08B
:10F8F0001DF81023AC46C8F80030D8F8043043F0A7
:10F900000403C8F80430BCE80F000FC6DCF8003070
:10F910003360002626672B68002B60D004F1880531
:10F920000FCB85E80F006567A4F89860002856D0D3
:10F93000BFF35B8F54E8003F44E80062002AF9D12E
:10F94000BFF35B8FD4F8880064220023633046F154
:10F950000001F1F7D5FC00220023CDE9000104F1FC
:10F96000080008F055FB4FF0FF324FF0FF3304F171
:10F97000580007F067FA00B12067246FF0E60A2A02
:10F980002BD8036923F4806323F0030343F00103BE
:10F99000036191F92A30022BA1D11A4B4FF00109D2
:10F9A00053F822A009FA02F9174B0269134003F534
:10F9B0008033B9EB134F04D1036903F4F0739A4514
:10F9C0008DD022F0D0FF0269104B09F1FF391340AE
:10F9D00043EA0A0343EA094380E70D49B2E62046B9
:10F9E00022F07EFFBFE700BF4D5D0408941B0408B2
:10F9F000625D04088B5D04089E5D04089022040883
:10FA000050220408242204080000FF031FFE00FC0B
:10FA1000C35D04082DE9F04F5D881F469B8887B0C1
:10FA2000013588469246BDF844901D44FB881D442C
:10FA3000109B002B00F0C480B9F57A7F80F0C08065
:10FA4000836805A99B6A9847002840F0BC80B9F1FB
:10FA5000000F0AD15D4B109A9A4239D85C4B40F2A4
:10FA60006B399A4288BF4FF44879059B0093109BED
:10FA70005D43009BB3FBF5F5BAF808309D4238BFF3
:10FA80001D46109B03FB05FB6FF0004301933B8970
:10FA9000AB4220DA0198B8F80630B8F804205B08C9
:10FAA000934228BF1346A8F80030BAF800209342CA
:10FAB00003D93A889A4228BF1A466FF00043A8F843
:10FAC0000020984208BF6FF0850007B0BDE8F08FB6
:10FAD00040F2EE29C9E7009BB3FBFBF00BFB1033B0
:10FAE0003BBB4FF47A7600FB09F281B27B88B7F812
:10FAF00004E003930EEB0304BAF804C0BAF8023032
:10FB0000A4B2B2FBF6F28A1ABAF8066092B2029672
:10FB1000B24212D9FE88964228BF16464A1E921B50
:10FB200092B294420BD20E1BFA88013EB6B2B24298
:10FB300010D2109B01359B44A9E7029EEEE70CEB27
:10FB40000304A4B2944232D9091B029A01398EB23D
:10FB5000B242EED8B3EB540F4FEA540203D2039BE8
:10FB6000934228BF1346E21A92B2964521D2A4EBE3
:10FB70000E0372469BB24FF47A7104FB0114019993
:10FB8000B4FBF0F4A14534BFA4EB0900A9EB0400D9
:10FB90008842CED2A8F80230A8F80420A8F806605F
:10FBA000A8F8085000283FF476AF0190C1E714464A
:10FBB000D0E7944582BFA4EB0C0362469BB2DAE720
:10FBC0006FF0150081E76FF004007EE700350C0050
:10FBD00020A107002DE9F0478AB01E460546904651
:10FBE00002AFD0F808A00C463B6C31B362790968CB
:10FBF000D20706D5B1F1005F25D3274C1D2008237D
:10FC000005E0B1F5006F1ED3244C0B2003236D4695
:10FC10008CB002AAC2E907034FF40073204E516270
:10FC20001385204BC2E9056442F8103F00234FF4CE
:10FC300051511D48F4F78EFDAD466FF01500203789
:10FC4000BD46BDE8F087E3B907F104091946012272
:10FC5000484626F05BFA154BCDF8049042460093D7
:10FC60002146DAF814A033462846D0470028E6D1CA
:10FC70004FF0FF324FF0FF33484607F0E3F8F869E2
:10FC8000DDE77A6C21462846CDE900324246DAF8B3
:10FC900014903346C847D2E7EF5D0408F85D0408C6
:10FCA000015E040806000001AC1B04081B2A0308BF
:10FCB000F8B500AF856841B33BB31C7A1E6814F0F9
:10FCC000010F5C6825D0B6F1005F02D2B4F1005F8D
:10FCD00029D31D21154808236D468EB06A46C2E916
:10FCE0000713C2E909634FF40073DFF844C0D4621C
:10FCF0001386104BC2E905C042F8103F002344F2BE
:10FD000040410D48F4F726FDAD466FF01500BD46A5
:10FD1000F8BDB6F5006F02D2B4F5006F03D30B2126
:10FD200006480323D8E7AC69A047F0E7EF5D040875
:10FD30002E5E040808000001AC1B0408F85D0408EE
:10FD400073B514461E4682683032074D8368AC4254
:10FD500003F13A0305D8CDE90046FFF75BFE02B098
:10FD600070BD6FF01500FAE740420F0073B51446FE
:10FD70001E4682684832074D8368AC4203F1520345
:10FD800005D8CDE90046FFF745FE02B070BD6FF023
:10FD90001500FAE700127A0037B543680D469B69F3
:10FDA0001B689847044630B1044A2B460090012155
:10FDB00003481CF041FD204603B030BD7B5E0408C3
:10FDC000B41B040837B543680D469B695B689847C8
:10FDD000044630B1044A2B460090012103481CF030
:10FDE0002BFD204603B030BD9E5E0408B41B040802
:10FDF0002DE9F04F99B0054617469B4643684822C7
:10FE0000884606A80021D3F81C902EF0D7FE03AA3E
:10FE100039462846FFF7C0FFC0B9DFF834A1039E7A
:10FE2000730613D0C6F3052604AA0823284606EB5A
:10FE3000C60108EBC10189B2019122F01CFE0199B3
:10FE4000024630B14349444822F029FE19B0BDE8CA
:10FE5000F08F9DF81630C3F3030003F00F028DF806
:10FE60001C009DF81300840642BF9DF81D4044F01D
:10FE700002048DF81D409C0642BF9DF81D4044F0D1
:10FE800004048DF81D40DB0642BF9DF81D3043F091
:10FE900008038DF81D3004069DF8174048BF9DF8F3
:10FEA0001D3004F07F0444BF43F010038DF81D3073
:10FEB00043061FD5049BC3F31C0306939DF81D3016
:10FEC00043F001038DF81D301AF80230402B39D869
:10FED0009DF81D20900713D493B10333083108AA6D
:10FEE000284603F4FE7389B222F0C5FD024638B1FC
:10FEF0001A49A8E7BDF81230C3F38A030693E3E773
:10FF00009DF81D3022B2E400D9074CBFD9F8083063
:10FF1000D9F804301C4453F83230626813B106A992
:10FF200028469847324659462846FFF74BFF002897
:10FF30008CD103AA39462846FFF72EFF00283FF44C
:10FF40006EAF83E7064A0121034822F0A6FDE9E7E8
:10FF500047630408C25E0408B41B0408E95E040891
:10FF60000E5F04082DE9F341066905464FF0FF32A4
:10FF70004FF0FF331036304622F096FD01AA1821CB
:10FF80002846FFF709FF044648BB019A1821284676
:10FF900022F010020192FFF715FF0446F8B902F0B3
:10FFA000BBFE01AA074618212846FFF7F5FE0446C6
:10FFB000A8B9DFF84C80019B1B0710D502F0ACFEFE
:10FFC000C01B404512D9019A1821284642F0100260
:10FFD0000192FFF7F7FE041E08BF6FF00A043046D7
:10FFE00022F064FD204602B0BDE8F08101AA18218C
:10FFF0002846FFF7D1FE0028DDD00446EFE700BF1A
:020000040801F1
:10000000006CDC0270B5046905460E4623792BBBF3
:1000100010344FF0FF324FF0FF33204622F044FD02
:10002000F38832882846013B3189013A03F07F0387
:10003000013943EA4263B288013A120202F47F4274
:100040001343084A02EA01421C211A43FFF7BAFE91
:100050000546204622F02AFD284670BD6FF00F05A8
:10006000FAE700BF0000FF012DE9F74FD0F810803C
:100070000546D0F804A098F80430002B6CD1DAF8CB
:10008000000078B18368D8F800101B6898470446D0
:1000900040B102463249334822F001FD204603B008
:1000A000BDE8F08F2E694FF0FF324FF0FF3310366E
:1000B000304622F0F9FC01AA18212846FFF76CFE11
:1000C000044678B1304622F0F1FC26482246264903
:1000D00022F0E5FCDAF800000028DFD083685B68D6
:1000E0009847DBE7019A1821284622F00102019285
:1000F000FFF768FE04460028E4D126F085FA01AA3D
:100100000746894628461821FFF746FE0446002880
:10011000D8D140F2E93B019BDB0708D4304622F0FE
:10012000C5FC002CD1D1012388F80430B6E726F0B5
:100130006BFAC01B61EB0901584571F1000108DA47
:1001400001AA18212846FFF727FE0028E3D004461D
:10015000E4E76FF00A04E1E76FF077049EE700BF81
:100160001F5F0408B41B0408495F040807292DE930
:10017000F34180460D4606690AD96FF085040A46A8
:100180002A482B4922F08BFC204602B0BDE8F081C2
:100190003379002B47D106F110074FF0FF324FF0B3
:1001A000FF33384622F080FC6A4618214046FFF7AC
:1001B000F3FD0446002832D101AA10214046FFF782
:1001C000EBFD044658BB009BE807404649BF43F09F
:1001D000800323F080030093019B54BF009343F0FE
:1001E0001003009A48BF0193A9074FF018014CBFB4
:1001F00042F0200222F020026B074CBF42F4407212
:1002000022F440720092FFF7DDFD044638B9019AEE
:1002100010214046FFF7D6FD044600B93560384648
:1002200022F044FCB0E76FF00F04ADE7B41B040804
:100230006C5F04082DE9F341502101AA044645688A
:10024000FFF7AAFD002835D11C4F1D4EDFF8748042
:10025000019A12F099022DD050212046FFF7B2FDED
:1002600040BB019BD80705D5A823A422E98E2046D0
:10027000FFF7BEFD019BD90605D5B823B422298F0F
:100280002046FFF7B5FD019B1A0704D53A46012128
:10029000304622F002FC019B1B0604D54246012198
:1002A000304622F0FAFB01AA50212046FFF774FDE8
:1002B0000028CDD002B0BDE8F08100BF855F040802
:1002C000B41B04089B5F04082DE9F04F89B050214E
:1002D0000446076904AAFFF75FFD002840F09080FC
:1002E000644E049A324000F08B8050212046FFF784
:1002F00069FD002840F08480049B13F0607F36D0B5
:10030000D4F8108005AA63680DF10F012046D3F8D8
:100310001C90D8E902AB22F068FC40BB9DF80F505E
:10032000BAF1000F04D05B46059A29462046D04713
:10033000032D1CD14FF0FF32D4212046FFF742FDA0
:100340000546A0B9824608F1240899F80C309D4270
:1003500059D306AA18212046FFF71EFD38B9069A80
:100360001821204622F001020692FFF72BFD049B84
:10037000DD0421D5D4F80480D4F810A0D8F81C905E
:1003800005AAF4212046FFF707FDA8B9059DA80698
:1003900012D0B8F83C10C5F3042506AA082301EBD7
:1003A000C501204689B222F066FB0246002841D0F2
:1003B0003149324822F073FB049B190408D5304AB6
:1003C00001212E4822F069FB07F1240006F0FEFC13
:1003D000049B9A0004D52B4A0121284822F05DFB9A
:1003E000049B9B0304D5284A0121244822F055FB95
:1003F00004AA50212046FFF7CFFC00283FF471AF3C
:1004000009B0BDE8F08FD9F80030EA0053F835B0F4
:10041000BBF1000F0CD043F835A06FF07101D9F893
:100420000030204613445A68D847404606F0CEFCB8
:1004300001358AE72A46F82120469DF81FB0FFF7CC
:10044000C1FC05460028B7D1D9F800100FFA8BF08F
:1004500001EBCB0351F830B05A6841F830500192AB
:100460000AF1240006F0B2FC019A29462046D8473A
:1004700086E700BF0090823BB15F0408B41B04080C
:10048000D75F0408EC5F0408076004082DE9F04F0B
:1004900015460A790F46D0F804A00F2A11460646E1
:1004A000046928BF0F217C4889B0DAF81C9010F845
:1004B00001800021CDE9061179798801C1F3400C52
:1004C0000F2900F0400040EA4C10C1F3C00C8DF839
:1004D0001B0002F00F0060F07F0040EA0C10C1F337
:1004E000800C40EA4C108DF81E000AD90A466B4871
:1004F0006B4922F0D4FA6FF0850B584609B0BDE87D
:10050000F08F2068400708D411F00C0F05D0654A21
:100510000121624822F0C1FAEDE7B8F1400F0AD993
:100520004023614A01215D48009343461CF084F951
:100530006FF0150BE1E7490706D50F2A08D95B498B
:10054000564822F0ACFAF3E7082A01D95849F7E7F0
:1005500022790293002A00F0958005AA44213046B2
:10056000FFF71AFC83460028C7D1059A100600F150
:100570008C8004F1240303932A46029B04F1240097
:1005800006F060FC8346002840F082803C344FF047
:10059000FF334FF0FF32204622F086FA99F80C30F4
:1005A0005B452EDC4FF0FF357B7930463A68D90742
:1005B000BAF83E108DF81F504BBF069BBDF81A309D
:1005C00062F31C0362F38C0306AA4CBF0693ADF8DA
:1005D0001A3005EBC503DB009BB2194402930823D4
:1005E00089B222F04FFA8346A8B1024631492B481E
:1005F00022F055FA204622F059FA039806F0E6FB5D
:100600007BE7D9F800205D4652F83B20002ACBD08A
:100610000BF1010BC4E77B799B0716D4B8F1000FEF
:1006200013D0BAF83E2008F103030299304608328D
:1006300003F4FE73114407F1080289B222F022FA92
:10064000834610B102461C49D1E7D9F80030D021C9
:10065000129A304643F83520EA00D9F800301344A6
:10066000139A5A600122AA40FFF7ACFB834628B1D7
:10067000D9F80030002143F83510BBE7204622F0BE
:1006800015FA3AE76FF0720B37E76FF0710B34E74A
:100690006FF00A0B31E700BF47630408B41B04087E
:1006A000226004084560040870600408A060040823
:1006B000C2600408E46004080E6104082DE9F347F1
:1006C000884619685B6891462C4A0546C3F30A03BD
:1006D000066902EA0142D0F804A043F00043103654
:1006E000DAF81C700024134330464FF0FF320193B8
:1006F0004FF0FF3322F0D8F97B7BA3420ADC204A7B
:10070000022120486FF01B0522F0C7F9304622F085
:10071000CDF92EE07A6852F8342072B10134ECE75A
:100720003046254622F0C2F97B6843F834807B6866
:1007300003EBC403C3F804901BE004F001039DF82D
:1007400007202846013363F3C50204238DF80720F0
:100750000DEB0302BAF8321001EB840189B222F0EA
:1007600091F905460028DBD02A460749054822F0C2
:1007700096F9284602B0BDE8F08700BF0000FF07E9
:1007800062610408B41B0408366104082DE9F74FC0
:100790001C7A0546D0F804B08846012C91469C4648
:1007A000DBF81C600AD96FF08505224637493848C6
:1007B00022F075F9284603B0BDE8F08F002C3DD03B
:1007C00000241B680769CDF80340009A10378DF8A4
:1007D000074063F31C02DCF804303846009223F033
:1007E0006043019A43F0004302F0005213434FF07C
:1007F000FF3201934FF0FF3322F056F9B37B9C4256
:100800000ADB244A022122486FF01B0522F045F939
:10081000384622F04BF9CDE7B26852F8342092B155
:100820000134ECE73846254622F040F9B36843F836
:100830003480B3685344C3F8049023E003B0BDE8A8
:10084000F04FFFF73BBF04F001039DF80320BBF816
:100850003410284601334FEAC40A01EBC40163F3A4
:100860004712082389B28DF803206A4622F00AF95C
:1008700005460028D6D02A460749054822F00FF938
:10088000002D97DB737B1D4494E700BF8261040851
:10089000B41B0408A6610408366104082DE9F04180
:1008A0000C1ED0F8048005460769D8F81C6006DAEB
:1008B000224625492548BDE8F04122F0F0B810371E
:1008C0004FF0FF324FF0FF33384622F0EDF8727BE5
:1008D000944222DBA21AB37B934208DC1A491B48DC
:1008E00022F0DDF83846BDE8F04122F0DFB8B36809
:1008F0000021284643F83210B36803EBC203596065
:10090000B8F8341001EBC201082289B222F0C1F814
:1009100002460028E6D00E49E1E773680022284627
:1009200043F83420736803EBC4035A600422B8F818
:10093000321001EB840189B222F0ABF802460028A4
:10094000D0D00449CBE700BFC6610408B41B04083B
:10095000E16104080D6204082DE9F04707690646C5
:1009600044683B79D4F81C80002B41D04FF47A7254
:10097000002322F09DF8054648B16FF004051E4A99
:1009800001211E4822F089F82846BDE8F08720683A
:1009900058B183685B689847044630B102461849ED
:1009A0001648254622F07BF8EEE70024304622F078
:1009B00055F92437A14607F8204C98F80C309C4292
:1009C000E2D2D8F80030E20053F834A0BAF1000FB8
:1009D0000CD043F834906FF07201D8F800303046F4
:1009E00013445A68D047384606F0F0F90134E4E77A
:1009F0006FF07705C8E700BF39620408B41B04082C
:100A000053620408F8B504460F4616464568FFF7DA
:100A1000A9FA38B1424A4348012122F03EF86FF06A
:100A20000400F8BD4FF47A720023204622F040F80B
:100A300008B13D4AEFE72046F61B22F00FF96A8E17
:100A40006B8C4FF6FC77324484211B0420463A40DD
:100A500003F47F031A43FFF7B5F90028E1D1AA8E0A
:100A60008821AB8C204632441B043A4003F4FE0339
:100A70001A43FFF7A7F90028D3D1EA8EA021EB8C07
:100A8000204632441B043A4003F4FE031A43FFF7A6
:100A900099F90028C5D12A8FB0212B8D20463244E8
:100AA0001B043A4003F4FE031A43FFF78BF90028B6
:100AB000B7D16A8FAC21204632443A40FFF782F921
:100AC0000028AED1AA8FF021AB8D204632441B0402
:100AD0003A4003F47C131A43FFF774F90028A0D1BD
:100AE000EA8FC021EB8D204632441B063A4003F0CA
:100AF0007C531A4342F08042FFF764F9002890D1FA
:100B00000722C8212046FFF75DF9002889D1204639
:100B100040F27772BC21BDE8F840FFF753B900BF3F
:100B20007E620408B41B040839620408F0B500238F
:100B300089B0456804460669EF69ADF81030ADF834
:100B40001C30CDE90233CDE9053306F1100025F064
:100B5000E0F906F13C0025F0DCF93A7B114606F19C
:100B6000240025F0D3FA286850B125F0FDF838B9F3
:100B7000514A0121514821F090FF6FF012000AE024
:100B80002046FFF7EFF940B14D4A4C48012121F0D2
:100B900084FF6FF0040009B0F0BD4FF47A720023B7
:100BA000204621F085FF08B1464AEEE7204622F0B4
:100BB00055F801AA18212046FFF7EEF80028EAD1DF
:100BC000019A1821204622F469720192FFF7FAF87F
:100BD0000028E0D101AA10212046FFF7DDF8002807
:100BE000D9D1019A1021204622F010020192FFF77C
:100BF000E9F80028CFD101AA80212046FFF7CCF8E0
:100C00000028C8D1019A8021204642F02B0201928F
:100C1000FFF7D8F80028BED1EA682B8A02A920463F
:100C2000FFF78EF8163001D1274AAEE76A696B8A62
:100C300005A92046FFF79AF8163001D1234AA4E708
:100C400002A9204621F0EDFE024620B120491B48B2
:100C500021F025FF91E705A9204621F0F5FE024687
:100C600008B11C49F3E71C4A542120460192FFF7C2
:100C7000A9F800288FD19922582120460192FFF728
:100C8000A1F8002887D103225C2120460192FFF7BA
:100C900099F800287FF47FAF4FF0FF32E021204623
:100CA0000192FFF78FF800287FF475AF01462A6C98
:100CB000204621F0EEFE6EE798620408B41B04089B
:100CC0007E62040839620408B2620408D46204082F
:100CD000006304081E6304089990820303460748D2
:100CE0000A46816810B4CC681CB11946234610BC72
:100CF00018476FF0570010BC704700BF90120408EF
:100D000037B543680C465D6C194825F02DF840B99D
:100D100018480121184A1BF07CFD6FF0120003B047
:100D200030BDD5E9053001A9012B0CD90830FFF7FA
:100D3000D5FF00280DDA114A0E4801211BF069FD8C
:100D40006FF00400EBE7FFF7C9FF002801DA0C4A57
:100D5000F2E70C4B019A5B6803F47023B3F5803F14
:100D600002D200202260DAE7DB0BB2FBF3F2F8E7F5
:100D700090120408BC1B0408B05C040860630408FB
:100D80008C63040800A800402DE9F043436885B057
:100D9000054600215F6C03AA386922F04FFA041E51
:100DA00007DB039B00221979186801F02DFC04462B
:100DB00048B13A4A2346012139481BF033FD204609
:100DC00005B0BDE8F0836B685E6C4FF0FF330393B2
:100DD000DFF8D080404624F0C7FF38B9324A0121FD
:100DE0002F481BF016FD6FF01204E8E77369B16934
:100DF000012BD8F8089025D9D9F81830083153B10B
:100E0000224640469847041E08DA284A0121244811
:100E10001BF0FFFCD3E76FF05704F6E7B06903A9B6
:100E20000830FFF75BFF044608B1214AEEE7039B59
:100E3000204A934206D90121009219481E4A1BF00C
:100E4000FBFCD0E7D9F80030B1692BB115489847C1
:100E5000044620B1194AD9E76FF05704FAE7337F07
:100E600053B1284621F0FAFE337F154ADB0303F421
:100E7000702343F0400353602846D7E90112FFF77F
:100E8000C1FD044600289AD12846FFF74FFE0446CC
:100E9000002894D1FB68984791E700BFB863040825
:100EA000BC1B040890120408B05C0408D663040854
:100EB00000640408405973071B640408486404086C
:100EC00000A80040044B05489B6A03F00303022B73
:100ED00018BF0020704700BF0044025800127A007B
:100EE00008B5094B1B6903F03803102B08D0182BE9
:100EF00008D1FFF7E7FF782358434008400808BDB2
:100F00000248FBE70020F9E70044025800127A008B
:100F1000394B10B518680B88C3F30B030D2B2BD876
:100F200013B96FF0850026E0013B0C2BF9D801A026
:100F300050F823F0A50F0108690F0108AB0F010855
:100F4000E50F0108B10F0108230F0108230F010865
:100F5000B50F0108BF0F0108B50F0108CB0F01083D
:100F6000D30F0108CB0F0108002010600B68B3F508
:100F7000805F39D2002010BDD42B0FD003F6287328
:100F8000C3F30B031C2BCCD8012404FA03F31B4C32
:100F9000234205D140F211142342C2D04008E4E7B5
:100FA0008008E2E7FFF79CFFDFE74FF4FA40DCE759
:100FB0001348DAE7FFF786FF78235843EEE7FFF799
:100FC00081FF78235843C008CFE7FFF77BFF8008F5
:100FD000F2E7FFF777FF7823800858430323B0FB3D
:100FE000F3F0C2E70748C0E7C3F313330133B0FBA4
:100FF000F3F01060BEE700BF901300240010111141
:10100000006CDC0200127A004FF48013094A0A498E
:1010100010B5D2F88C0088420BD0581CF9D0013B97
:10102000F7D183F31188BFF36F8F0424204602DFCA
:10103000EFE710BD006402580003008010B50B8874
:101040000C4603F62C73C3F30B03202B13D8FFF7C6
:10105000DBFF238861680020C3F30B0303F1B04377
:1010600003F511331A6822EA01021A604FF4407244
:10107000024BDA6010BD6FF08500FBE70064025898
:1010800013B50B880C4603F62C73C3F30B03202B0C
:101090001DD8FFF7B9FF238861680020C3F30B0355
:1010A00003F1B04303F511331A680A431A604FF491
:1010B00040722388C3F30B0303F1B04303F51133EC
:1010C0001B680193019B034BDA6002B010BD6FF007
:1010D0008500FAE70064025813B5974CD4F8E03065
:1010E00043F00073C4F8E030D4F8E03003F000734C
:1010F0000193019BFFF788FF236843F4802323605B
:10110000236843F48033236023689B03FCD5636F1B
:1011100043F001036367884B5A6F9007FCD51A6848
:1011200042F480521A601A689104FCD51A6902F0E0
:101130003802182A17D11A68520707D41A6842F0E1
:1011400001021A607C4A13685B07FCD57A4B1A6966
:1011500022F007021A611A6912F0380FFBD19A695E
:1011600022F00F029A61744B1A6822F080721A60A2
:101170001A6822F080621A601A6822F080521A609F
:101180009A6A22F0030242F002029A629A6A22F4F8
:101190007C7242F010029A62DA6A22F00C0242F08B
:1011A0000802DA62DA6A22F00202DA621A6B22F4C8
:1011B000FF7222F0010242F077021A63DA6A22F02B
:1011C0000102DA621A6B22F47E4242F400721A6360
:1011D000DA6A42F48032DA621A6B22F4FE0242F4D6
:1011E000E0221A63DA6A42F40032DA621A6B22F001
:1011F000FE4242F080721A63DA6A42F48022DA62B6
:101200001A6842F080721A601A689401FCD59A6AD2
:1012100022F47C3242F480429A62DA6A22F0C002FE
:10122000DA62DA6A42F02002DA629A6B22F4FF7222
:1012300022F0010242F077029A63DA6A22F0100289
:10124000DA629A6B22F47E4242F400729A63DA6A9E
:1012500042F40022DA629A6B22F4FE0242F4003277
:101260009A63DA6A42F48012DA629A6B22F0FE42E2
:1012700042F080729A63DA6A42F40012DA621A6803
:1012800042F080621A602C4A13681801FCD52B4B7F
:101290009A6942F440429A619A699104FCD5FFF739
:1012A0001FFE04462648844201D205F03DF9224B38
:1012B0009A6922F470629A619A6922F00F0242F0F0
:1012C00008029A61DA6922F0700242F04002DA61A3
:1012D000DA6922F4E06242F48062DA619A6922F00B
:1012E000700242F040029A611A6A22F0700242F0E3
:1012F00040021A621A6922F0070242F003021A61E0
:101300001A6902F03802182AFAD10D48844201D332
:1013100005F00AF9094B9A6942F440429A619A69C8
:101320009204FCD5074B4FF440720020DA60064B64
:10133000064A1A6002B010BD004402580048025824
:10134000001C4E0E006402589013002400389C1CB0
:1013500010B508880C46C0F30B0021F0F1FC002802
:1013600026DB4B68FF2B22D0FFF74EFE626893B25C
:10137000C2F38450C2F3054203F1B04300FA02F213
:1013800003F51133196821EA02021A6061688BB211
:10139000CA0EC1F3054103F1B0438A4003F511338E
:1013A000186802431A604FF44072024BDA60002062
:1013B00010BD00BF0064025808B5074824F0D4FCF3
:1013C00038B10648F4F71AFA0448F2F785FD002010
:1013D00008BD6FF01200FBE790140408E113010848
:1013E0000A2838B50446074D04D1AB680D212846BC
:1013F0005B689847AB68E1B202485B689847204653
:1014000038BD00BF901404080349044BD1F8802074
:101410009A42FBD1704700BF00640258000300806D
:101420000A4810B50468FFF7EFFF236823F00403B0
:101430002360074B4068196883685B6803B198476D
:10144000044B4FF440721A6010BD00BF20120024FC
:101450008C1200240064025838B50E4D0E4BD5E9AD
:101460000040196883681B6803B19847236843F0FC
:1014700004032360236843F008032360FFF7C4FFDD
:101480002B681A6842F004021A601A6842F00802D7
:101490001A6038BD201200248C12002408B5EFF326
:1014A0001183102282F31288BFF36F8F60B90F4A45
:1014B000D2F880100E4A914206D083F31188BFF310
:1014C0006F8F6FF00A0008BD0A4A012092F8481099
:1014D00082F8480083F31188BFF36F8F21B9FFF7BB
:1014E000BBFF5020F3F7ECFE0020ECE7006402584D
:1014F0000003008020120024F8B51646837890F887
:1015000003C0EFF31182102484F31288BFF36F8FAE
:10151000077890F801E0DB1B3C4603EA0C039E428F
:1015200088BF9EB2BD190CEA0505057082F31188CB
:10153000BFF36F8F8A198A421AD177450CD1EFF326
:101540001182102181F31288BFF36F8F01784170EF
:1015500082F31188BFF36F8F02799B1B9A4205D3E8
:1015600024F0C9FE60B1084805F0D2FD3046F8BD50
:10157000051901346D7904EA0C0401F8015BDAE71E
:101580000120FFF78BFFF1E7581200242DE9F84303
:10159000134F0D46144607F1560807F1180914B900
:1015A0002046BDE8F8834FF0FF324FF0FF33384656
:1015B00005F048FC224629464046FFF79DFF0646B7
:1015C00030B94FF0FF324FF0FF33484605F03AFC98
:1015D000A41B3846354405F0F9FBA4B2DFE700BF91
:1015E0002812002438B5046945682148606024F059
:1015F000BBFBC8B36068296883681B6803B1984760
:10160000012204F10800114624F080FD012200218E
:1016100004F12000002524F079FD164904F138007A
:1016200024F0F6FD07232A46294684F86130042376
:10163000502084F85E5084F862300F2384F85F50A5
:1016400084F84C300C2384F8605084F84D3084F8D2
:10165000495084F84A5084F84B50F3F761FE01205A
:10166000FFF71CFF284638BD6FF01200FBE700BFF4
:10167000901204085F2D0308164B014610B51A6836
:10168000EFF31184102383F31288BFF36F8F536835
:101690005B0605D45368D80713D46FF00A000BE03B
:1016A0006FF0400353600C23013B9068FCD15368FA
:1016B0005B06EFD56FF0040084F31188BFF36F8FE2
:1016C00010BD506810F04000F4D193680B60002BFF
:1016D000F2D1E2E7201200242DE9F74FD8070F4698
:1016E000144605D43848FFF707FF03B0BDE8F08F74
:1016F000002A4FD0EFF31185102383F31288BFF334
:101700006F8F5020F3F7FEFD06465020F3F7E6FDFD
:1017100085F31188BFF36F8F2C4B1B6803F47F4355
:10172000B3F5407F22D0B6F1000818BF4FF0010892
:10173000DFF89C90FFF790FED9F800305A68510707
:1017400017D45B685A0614D4DFF888A04FF4803BA6
:101750002546CAF888B1D9F800305B68DB071BD48E
:10176000BFF34F8F20BF40BF20BFF4E74FF0010809
:10177000DEE7002401A8FFF77FFFB8F1000F05D1D5
:10178000FFF74EFE114B4FF440721A6016B1502015
:10179000F3F796FD2046A8E701A8FFF76DFF0028A4
:1017A000CAF888B1D7DB6A1E291F019B17FA82F29B
:1017B00089B2013D02F801391B0AADB2002DDCD01F
:1017C0008D42F6D10193C6E76912002400640258E5
:1017D0002012002400E100E02DE9F74301A8FFF703
:1017E0004BFF002848DB2A4C0021019A042794F87B
:1017F0004B30884694F84CC0084694F84AE0A3EB76
:101800000E055FFA82F93CEA050522D194F86000E2
:1018100094F85F6094F86150861B35EA06062ED175
:1018200009B184F84B30B8F1000F00D0019250207C
:10183000F3F754FDFFF7F4FD164B4FF440721A60B6
:10184000002384F84830144803B0BDE8F04305F0A5
:10185000BDBAE118013381F84E900CEA030301216F
:10186000013F4FEA12224FF00108C8D109B184F8B4
:101870004B3001920028E6D103B0BDE8F083261872
:101880000130054086F86390012084F86050E7E756
:1018900020120024006402584012002400487047BF
:1018A000F01404080146044883681B6803B1184714
:1018B0006FF05700704700BF901204082DE9F04FF9
:1018C000054685B0D0F810804FF47A7600274FF0A7
:1018D000FF324FF0FF3308F1D00005F0B3FA0028D3
:1018E000F5D1DFF8AC902C69002303A904F10C00BA
:1018F000039323F058FF01460028E8D1039B03BB64
:1019000020681A46CDE90067F9F7DEFA0446E0B927
:101910002049214821F040FA0024039B00229BBB70
:10192000002CD4D02146A0691BF0A9FD031EDADAF1
:101930001A4A012118481AF075FF20461EF012F8C5
:10194000D1E79A881B681144D9E7DDF80CA04FF461
:10195000BF6B134BBAF1000FDFD0AAEB0901BAF845
:1019600004202046C9100BFB01311EF057FA0C4B26
:1019700038B10C49084821F00FFA20461DF0F2FF5B
:10198000CAE7DAF800A0E5E79A711B68C7E700BF6D
:10199000D8540024BC640408CC1B040892640408D6
:1019A000E0180430D764040808B5094B00201A4633
:1019B000197B31B1013010330428F9D105F00CFF47
:1019C000F3E702EB0012012380B2137308BD00BFDE
:1019D000985400247FB506694568284824F0C4F966
:1019E00040B96FF012042649264821F0D5F9204667
:1019F00004B070BD281DFFF755FF044605F1140023
:101A0000FFF750FF044305F10C00FFF74BFF0443C1
:101A100006D01D496FF004041A4821F0BDF9E6E72D
:101A2000E86901AA214621F009FC051E07DB019B9C
:101A300022461979186800F0E7FD051E05DA1349FA
:101A40002C46104821F0A8F9D1E780233471737136
:101A5000E123B3710C2101A800F082FD0C2101A843
:101A60001AF06FF800909DF80230BDF800207372F4
:101A7000331DA6F807203361B9E700BF90120408B0
:101A8000B05C0408CC1B0408046504082465040841
:101A90002DE9F04304468DB0002800F0A6800368CD
:101AA000002B00F0A2801F683E69B04658F80C3B3E
:101AB000002B46D14FF00109306003230622311D6F
:101AC00020461CF044F92046F5F7B6FE3D694A4B26
:101AD00005F10C00AB61494BEB614FF4BF632B6226
:101AE00004F0B8FB032803462ED14549454821F0B0
:101AF00053F905F1BC0024F00CFA4FF0FF3200213D
:101B000005F1D00024F002FB4FF0FF32002105F177
:101B1000E80024F0FBFA3C4B3422002118462DF05B
:101B20004DF82122394B40F8042C394A03F5BF61A6
:101B3000136003F53F631161136203F5BF63136321
:101B400009E04FF00009B8E70028D2D0314A01215E
:101B50002C481AF067FE08A9404624F0ADF84FF46F
:101B6000807308A94046ADF8243000238DF8223058
:101B700004F0ACFC00210A2024F07AFC20461CF082
:101B80003EFD254C204624F0EFF848B3A3689B683F
:101B90001BB13A46214920469847B9F1000F27D09A
:101BA0007B6806F5E8641B6898470022002306F569
:101BB000807120460097CDE9062300236FF00D02C7
:101BC000CDE90133CDE90323154B4FF4C06205F095
:101BD000E1FB144920460DB0BDE8F04324F091BB71
:101BE0001149084821F0D8F8D7E700231B69FFDE28
:101BF0000DB0BDE8F08300BF000004306000043089
:101C000046650408CC1B0408445400240001043039
:101C1000985400245D650408F01404082D1C010884
:101C2000BD1801088A65040875650408F0B51769D0
:101C30000E469BB0144607F10C0023F03DFD73786F
:101C4000002B34D025696422002101A80C352CF02A
:101C5000B5FF01A9284623F037FF327801A92846AD
:101C600012F0EA0F14BF0123002312F00C0F4FEA09
:101C70004333079314BF012300239B03069324F0EF
:101C80000FF8034620B10D4A01210D481AF0CAFD94
:101C900020690C3023F0C2FC18B10A49084821F031
:101CA0007BF838681BB0BDE8F0401BF075B93868A8
:101CB0001BB0BDE8F0401BF086B900BF9265040878
:101CC000CC1B0408B365040800230C4A10B512F8B5
:101CD0003310DC0069B90A4A42F83310224491807B
:101CE000012191714FF4BF61064A01FB0323036098
:101CF00010BD0133042BEAD10023F8E7DE540024A1
:101D0000D8540024E018043010B5084C121B084CBD
:101D1000D2106243074C04EBC2029380036813B9EC
:101D200002600A6010BD0B681A60FAE7E018043020
:101D30003F6F93EED85400248288054B03EB0213C7
:101D400000221A739B68002BFBD18371704700BF80
:101D5000985400242DE9F04F83B00C464FF0000951
:101D600000AF05698B686BB9B9F5BF5F0ED96FF02D
:101D700004057649764821F00FF828460C37BD4611
:101D8000BDE8F08F1A8A5B689144ECE705F1BC036B
:101D90007B60704E4FF0FF324FF0FF3305F1BC0017
:101DA00004F01AFF0023DA003A6016F83320002A04
:101DB00047D16949DA00694ECA4601EB020B01229C
:101DC00041F833408BF80620FFF7EEFD06EB0018D4
:101DD000ABF80400BAF5BF6FD8F8001037D85246F8
:101DE00020461DF0BBFE002840F0AD805A4B05F1A7
:101DF0000C04E835C8E901A0D7F80080DFF860A13D
:101E00009844CAF80490B8F80430CAF834B006EB25
:101E10000316CAF80860284605F03AF851462046ED
:101E200023F095FC064638B36FF004054D49484849
:101E300020F0B2FF5846FFF77FFF786804F044FFB8
:101E40009BE70133042BAED105F0C6FCAAE74FF4A3
:101E5000BF6220461DF082FE002874D1FFF7A4FD6A
:101E60004FF4BF6306EB0010AAF5BF6AC8F8043050
:101E7000C8F808008046ADE7C8222846002304F0D1
:101E8000E1FF054600285AD03749314820F084FF49
:101E9000204623F04DFFE02817D120466D4623F061
:101EA0004AFF8AB06A46314B5361314BC2E9063072
:101EB0004FF4007313842F4B42F8103F4FF411512D
:101EC00033462348F2F746FCAD46204623F036FF62
:101ED000B8B120466D4623F031FF8AB06A46264BE2
:101EE0005361234BC2E906304FF400731384214B36
:101EF00042F8103F00234FF411511548F2F72AFC25
:101F0000AD46204623F01DFFB8B120466D4623F0B4
:101F100018FF8AB06A46194B5361154BC2E9063067
:101F20004FF400731384134B42F8103F00234FF417
:101F300011510748F2F70EFCAD466FF0040520463C
:101F400023F0BCFC79E76FF0680573E7CD65040802
:101F5000CC1B04087E540024785400249854002498
:101F600040540024D9650408F36504081E6604087B
:101F700081660408040000014366040862660408E0
:101F80002DE9F04385B00646A0F1480400AF50F8B3
:101F9000585C00220023204604F054FF48B14FF45F
:101FA0007A720023304605F051F91437BD46BDE87A
:101FB000F083D5F81080D5F8049098F88930F8802F
:101FC00038817881B881F8811BB1204604F0FEFE8B
:101FD0008AE007F108020121484620F021FF00288D
:101FE000F3DB07F108020121686820F019FF0028DF
:101FF000EBDB3B8999060AD4D8F88C305A1EC8F816
:102000008C20002BE1D0204604F0E0FEC7E7BA1D8B
:102010000421686820F004FF0028D6DB07F10A02DB
:102020000521686820F0FCFE0028CEDB98F8883097
:10203000DBB107F10C020921686820F0F1FE0028ED
:10204000C3DB07F10E020A21686820F0E9FE0028D0
:10205000BBDBFB8998F888209B08FB812AB1BA89F1
:1020600013409A0546D4D80546D47A89FB88134094
:10207000D90543D41A0643D413F0400F14BF0223EA
:1020800001233A8913F0300F88F80C30C2F3800234
:1020900088F80D2099F8000034D113F00C0F1A4A7B
:1020A0001A4908BF114613F02A0F194AE8468AB0A8
:1020B000184B18BF13466A46C2E90713164BDFF8E0
:1020C0005CC05362164BC2E905C042F8103F0023C2
:1020D0004FF443511348F2F73DFBC546204604F048
:1020E00075FE284620F082FF41F288320023A6F1D7
:1020F000300058E72023C4E71023C2E70823C0E7D5
:102100000423BEE70849CEE7F15A04089F66040895
:10211000A3660408A866040801030204AD66040867
:10212000050000021C1C0408816704082DE9F34126
:10213000044650F8287CA0F1180500220023284608
:1021400004F080FE20B14FF47A720023204659E05B
:10215000D7F804800DF10602ADF804000121ADF8B6
:10216000060040463E6920F05BFE002814DBBDF807
:102170000630717B03F00402C3F38003994202D15D
:1021800096F8891041B1737362B101AA0021786891
:1021900020F046FE002818DA284604F017FE41F227
:1021A0008832D2E7327398F80030194A032119486F
:1021B0001AF038FB96F88930002BE6D1284604F057
:1021C00005FE384620F012FFE9E7BDF804200021A3
:1021D000786822F4806242F4905292B2ADF8042002
:1021E00020F000FE0028D7DB002386F88930282362
:1021F000C6F88C30284604F0E9FD4FF47A720023CB
:1022000004F1300002B0BDE8F04105F01FB800BF96
:10221000D26604081C1C0408F0B500234568066952
:10222000044685B07373E86883681B6803B19847F8
:102230006978D1B94FF40042606820F0D3FD0028DE
:1022400013DB0D27013F10D000214FF4FA7024F06A
:102250000FF90DF10E020021606820F0E1FD002869
:1022600003DBBDF90E30002BECDB0DF10E02022179
:10227000606820F0D5FD002820DB0DF10E0203215F
:102280006068BDF80E7020F0CBFD00284FEA0747CC
:1022900014DBBDF80E203A43531C2B7808D121489B
:1022A0000121214A1AF0BEFA6FF0150005B0F0BD09
:1022B000032100921B481D4A1AF0BEFA03AA01210D
:1022C000606820F0ADFD002816DA012306F128072A
:1022D00086F888301649384623F0DBFF154906F1A9
:1022E000580023F0D6FF297A204620F0B3FD384667
:1022F000FFF71CFF0020D9E7BDF80C3013F4807302
:10230000E4D00DF10E020F21606820F089FD002855
:10231000DBDBBDF80E3003F44053003B18BF012354
:10232000D4E700BF1C1C0408E3660408FE6604082A
:102330002D210108811F01082DE9F843D0F8048000
:102340001746D0F810900D46D8F808001E4620F029
:10235000ACFAB7F5001F044616D1D8F80840284655
:10236000FCF710FF84420CD1294620F09EFA044667
:1023700020F09EFA2046FCF7CBFE00212046FCF719
:1023800073FE0020BDE8F883B7F5800F20D0B6F1CA
:10239000806F19D0B6F1C06F18D0B6F1007F1AD196
:1023A00002264A460F492046FCF792FEB0B9D8F8FB
:1023B00008102846FCF7BEFE20463146FCF754FEC6
:1023C0002046FCF739FEDCE70126EAE70326E8E7CA
:1023D0006FF08500D6E76FF01500D3E76FF00F00C0
:1023E000D0E700BF673103084FF48013094A0A4958
:1023F00010B5D2F8A00088420BD0581CF9D0013B90
:10240000F7D183F31188BFF36F8F0424204602DFD6
:10241000EFE710BD006402580003008038B5436840
:102420000C465D68FFF7E0FF4FF4407200206B69D7
:1024300063406B61014B1A6238BD00BF00640258F3
:1024400070B543680D4614465E68FFF7CDFF4FF444
:102450004072002073695C402C405C40014B746109
:102460001A6270BD006402582DE9F84316464568AB
:102470000124884602F0300799468C40FFF7B4FFEC
:102480006A68C6F38013C6F3C111C6F3412622EA77
:10249000040203FA08F3202F43EA020304FA08F2C5
:1024A0006B6002EB4200D5F808C002FB01F102FBB1
:1024B00006F66FEA00032CEA000C41EA0C01A96061
:1024C000E96821EA000146EA0106EE600FD1B8F1A1
:1024D000070F18D802FA08F1286A01FA08F1C1EBCF
:1024E000011401FB09F120EA040001432962296873
:1024F0003F090B4057434FF440721F43094B2F6075
:102500001A62BDE8F883240A696A64436443C4EB31
:10251000041004FB09F921EA000141EA090169629A
:10252000E5E700BF0064025838B503690446586007
:102530000A4D284623F018FC60B1AB6861681B683F
:102540000C3123B12846984700EAE07038BD6FF09F
:102550005700F9E76FF01200F8E700BF9012040887
:102560001FB50C4B0C29D3F8082828BF0C2112BA30
:102570000C460192D3F8042812BA02920A46D3F804
:10258000003801A91BBA03932CF0F0FA204604B0DE
:1025900010BD00BF00E0F11F73B54668056917481C
:1025A000311D83681B685BB19847041E0BDA144A1F
:1025B0002346012113481AF035F9204602B070BDB8
:1025C0006FF05704F3E701AA0021306820F036FECF
:1025D000041EF2DB019B00221979186800F014F840
:1025E000041EEADB05F1180003F000FE0122284674
:1025F0000024114623F08AFDDFE700BF9012040893
:10260000BE670408F41B04082DE9F047044600EBFC
:10261000C10600251C4FB44201D1002014E02068FF
:10262000C30600F01F0911D4656845F02005C0F30A
:10263000481AC0F34420102823D857F82080B8F156
:10264000000F0DD16FF01200BDE8F087B9F1100F47
:1026500004D0B9F1110FEAD16568E8E73025E6E763
:10266000404623F081FB0028ECD04B462A460AF076
:102670000F01404620F08DFD002804F10804CADA5D
:10268000E2E76FF01500DFE720250408012912D0EA
:10269000022907D089B90068094BC01A18BF012068
:1026A000000370470068064B984214BF4FF4405037
:1026B0004FF400507047002070474FF400507047AF
:1026C000000C005870B51D460026094B6C0833F805
:1026D00012203346EEF714FE2A460902334641EA39
:1026E00010610002201841F10001EEF709FE70BDF3
:1026F000484E04082DE9F04383B006460C460269B3
:10270000436800AF10681D68D9688368DB6843B907
:10271000334A012133481AF07CF80C37BD46BDE836
:10272000F0833A1D98470028F2DB2F4B9D4248D199
:10273000D7F804800025DFF8B4902346AAB24046BB
:102740000021FFF7BFFFA0F54070484518D90135BB
:102750000C2DF2D16D468AB033686A462449D461A3
:10276000C2E905134FF400731384224B42F8103F63
:1027700000234FF411511B48F1F7ECFFAD46CCE7B5
:10278000194EF36A23F00F032B43F362002CC4D0DD
:10279000194B404633F8152000231946EEF7B0FDDB
:1027A00022460902630841EA10610002C0184FF096
:1027B000000341F10001EEF7A3FDC0F31300F06048
:1027C000ABE72B6823F400432B607B68002CA4D07C
:1027D00003EB5403B3FBF4F39BB2EB609DE700BF44
:1027E00018680408641C0408000C0058FFFC0F0063
:1027F0004668040804000001484E04082DE9F84327
:1028000006460A7940680D463369012A04685F6804
:1028100063D0931ED3F1000848EB03084FEA8828E1
:102820006979FFF733FF95F806900346B9F1020F77
:1028300056D0B9F1040F57D0002A5FD0033A012ACD
:1028400054D94FF48050B3F5805F59D0B3F5405F51
:1028500058D0002B0CBF01230323994246D1414697
:1028600020F038FD814541D1EB791BB3012B4BD1D1
:10287000274B9C421ED0A3F54C439C421AD003F533
:1028800080639C4216D003F580639C4212D003F50E
:1028900080639C420ED003F544439C420AD0A3F5CA
:1028A0001C439C4206D003F580639C4202D0194B26
:1028B0009C421BD123682946304623F00103236044
:1028C00020F0BFFD236843F00103236095E8030077
:1028D00087E803000020BDE8F8834FF4C0689FE755
:1028E0003AB94FF08050AEE7002AAAD06FF08500C9
:1028F000F1E7033A012AF9D90020A4E71046A2E73C
:102900000023AAE70223A8E7032BB1D0EEE700BF1C
:1029100000100140000C00582DE9F04182B006463D
:102920004568046900AF6C48206023F01DFA38B98F
:102930006A4A01216A486FF0120419F06AFF0BE03D
:102940002068E96883681B685BB96FF05704654AC3
:102950000121634819F05DFF20460837BD46BDE8F8
:10296000F08198470446E8B93A1D0021286A20F012
:1029700065FC041EF0DB7B68002219791868FFF7FC
:1029800043FE041EE8DB756833692C68D3F80480C5
:10299000236823F001032360686823F0E5F948B950
:1029A000514AC6E74F4A01214D4819F032FF002C29
:1029B000D2DBD9E7D5E901018368DB6803B1984729
:1029C00054E8003F43F00C0344E80032002AF7D1FA
:1029D0004146304620F035FD2B7D1BB1A36843F006
:1029E0000803A3606B7D1BB1636843F4004363601D
:1029F000AB7D1BB1636843F480336360EB7D1BB137
:102A0000636843F4003363602B7E002B52D0374B56
:102A10009C4235D0A3F54C439C4231D003F58063F2
:102A20009C422DD003F580639C4229D003F580633E
:102A30009C4225D003F544439C4221D0A3F51C437E
:102A40009C421DD003F580639C4219D0284B9C42C8
:102A500016D06C4688B033686A462649C2E9051329
:102A60004FF400739383244B42F8103F00234FF43C
:102A7000E2511B48F1F76EFEA5466FF015046BE7B7
:102A800073681A68936843F48043936023686A7E8E
:102A900023F0787343EA425323602368AA7E23F429
:102AA000F81343EA02432360EB7E1BB1A36843F4AF
:102AB0000043A3602B7F1BB1236843F000532360C6
:102AC000236843F001032360E3699A02FCD5E369BC
:102AD0005B02FCD500243FE790120408B05C0408B8
:102AE000641C04085D6804087D6804080010014047
:102AF000000C005898680408030000014FF0E02320
:102B00000F4910B59C691A6908689B6902F4803204
:102B10000C4934B993B903464AB90A681044C01A3B
:102B200010BD002B08BF03460AB9A342F5D90A68B5
:102B300002440A604FF0E0221269EEE70446F3E730
:102B4000D8550024D45500240A4B1022002083F8C5
:102B500023204BF68032084B1A604BF67F32074B2E
:102B600018604FF0E0235A6198611A6942F0070239
:102B70001A61704700ED00E0D8550024D4550024B8
:102B8000684620F007018D4619B5FFF7B7FF1149D8
:102B9000114B0868D3E90042001942F10002C3E971
:102BA00000020E4A00230B604BF68033D2E900414D
:102BB000001BB0FBF3F043431B1941F10001C2E9D4
:102BC000003105F025F9F2F7B9F8BDE8194085465E
:102BD000704700BFD4550024E0360024D8360024C6
:102BE0002DE9F041DFF8E08099B1421C0BD14FF0A4
:102BF000E022136923F0010313614FF07F43C8F80B
:102C00000030BDE8F081D8F80060012807DC00271B
:102C10000BE0431CD8F80060F7D14FF4AE7040F2DF
:102C20005D139842A8BF1846471EEFF31185102385
:102C300083F31288BFF36F8FFFF760FF234C4FF0D1
:102C4000E0239969D4E9002380184FF0000243F192
:102C50000003C4E900031E4B1A601E4B1A68831A56
:102C60002ED44BF6803C0CFB073303F53B437F33FC
:102C7000B3FBFCF7131A40F6B8320CFB0733934250
:102C800038BF1346144A934228BF1346C8F8003091
:102C90004FF0E022013B9069536100238142936130
:102CA000A1EB0003D4E9001238BF9B195B1842F175
:102CB0000002C4E9003285F31188BFF36F8FA0E7EB
:102CC00040F6B833E2E700BFD8550024E0360024D0
:102CD000D4550024D836002400E2FE0038B5EFF3C6
:102CE0001185102383F31288BFF36F8F084B1C6884
:102CF000084B1B68E41AFFF701FF85F31188BFF347
:102D00006F8F4BF680332044B0FBF3F038BD00BF2B
:102D1000E0360024D836002438B5EFF311851023AF
:102D200083F31288BFF36F8F044B1C68FFF7E6FE36
:102D300085F31188BFF36F8F204438BDE03600243F
:102D400010B5EFF31184102383F31288BFF36F8F54
:102D5000FFF7D4FE054AD2E90031C01841F1000165
:102D600084F31188BFF36F8F10BD00BFE0360024DD
:102D70002DE9F843D0E90143054689469C4207D036
:102D80000CB10B7823706B6801336B60BDE8F8837E
:102D9000104A012120F09AFC2F68804620F0FEFBAB
:102DA000E41B0646E0421CBF99F800300355002C96
:102DB00003DD224639462BF0E7FE0134A968384688
:102DC0003444C91B20F0DEFBC5E900644644AE6014
:102DD000DCE700BFE56804082DE9F843D0E90143CA
:102DE000054689469C4207D00CB10B7823706B686E
:102DF00001336B60BDE8F883104A012120F066FCC6
:102E00002F68804620F0CAFBE41B0646E0421CBF48
:102E100099F800300355002C03DD224639462BF08B
:102E2000B3FE0134A96838463444C91B20F0AAFB1C
:102E3000C5E900644644AE60DCE700BFE56804080D
:102E40002DE9F3410568A2EB0108836804460E46AC
:102E500017465B1B98451AD9B8F1000F02DA1B48D8
:102E600010F060F8404620F099FB394605460246CE
:102E7000304618F050FD2068A168091A20F082FB46
:102E800025604544C4E9015502B0BDE8F0814168C0
:102E9000491B884509D82A463946304618F03BFD7B
:102EA00063689842F0D06060EEE701A8019620F0D8
:102EB00026FCDDF804802A463046414618F02BFDFA
:102EC00062683946404618F026FDECE7A24F040838
:102ED0002DE9F74F9A46036804460D4652451646BB
:102EE000A1EB03091FD0AAEB0207D0E90183A3EBF2
:102EF00008039F4234D8A8EB010B5F4518D2A8EB1A
:102F0000070B42464146584620F08FFC6368424614
:102F100059463B442846636020F038FB2A46514618
:102F2000304618F0F8FC2068484403B0BDE8F08F44
:102F300002EB0B0351464246A7EB0B0718460193E1
:102F400018F0E9FC6268414628463A44626020F085
:102F50006CFC6268019B5A44194662602A46DFE7AE
:102F60003946104A20F0B2FB804620F017FB294674
:102F700007460246206820F058FC5146024630467B
:102F800018F0C9FC61680246284620F04EFCA16892
:102F900005462068091A20F0F5FAC4E9007547448F
:102FA000A760C0E7FF68040800232DE9F047C0E9E7
:102FB0000033836086B091F8283004460D46002B1C
:102FC000D1E9042614BF0C230023B61A10361E4480
:102FD000002E02DA7E480FF0A5FF16D0304620F012
:102FE000DDFA0746D4E90082A2EB0802002A02DDDE
:102FF00041462BF0C9FDA1684046A1EB080120F035
:10300000C1FAC4E900773744A760298820466B8855
:1030100043EA01421B0643EA1123110A120201F49A
:103020007F4102F47F020B43616813436A460093B9
:1030300001ABFFF74DFF6B6801AA61681BBA204620
:10304000019302ABFFF744FF29896B89204643EACD
:1030500001421B0643EA1123110A120201F47F41C7
:1030600002F47F020B436168134302AA029303AB8D
:10307000FFF72EFF05F10C012046FFF779FE05F161
:103080000D012046FFF774FEAB7B03A920468DF8A7
:103090000C30FFF7A1FEEB7B03A920468DF80C3026
:1030A000FFF79AFE95F828302BB305F11C0103A811
:1030B00020F0E7FCDDE90389C14517D06768A9EB7B
:1030C0000806A368DB1B9E423CD83A464946404668
:1030D00018F021FC6268394638463244626020F0BC
:1030E000A4FB3A464146404618F015FC0398059962
:1030F000091A20F047FAD5E90478B8451ED0666869
:10310000A8EB0705A3689B1B9D423ED8002103A89E
:10311000039720F0F4FADDF80C9032464146484619
:1031200018F0F9FB6268314630462A44626020F0AC
:103130007CFB32464946384618F0EDFB204606B087
:10314000BDE8F0873146234A204620F0BFFA824688
:1031500020F024FA394606460246206820F065FB36
:1031600049460246404618F0D6FB6168024638469A
:1031700020F05BFBA16807462068091A20F002FADC
:10318000C4E900675644A660B0E72946114A2046C4
:1031900020F09CFA814620F001FA314605460246AD
:1031A000206820F042FB41460246384618F0B3FB47
:1031B00061680246304620F038FBA1680646206868
:1031C000091A20F0DFF9C4E900564D44A560B5E7BF
:1031D00017690408FF68040810B5054C20460CF078
:1031E00043FA2046034A0449BDE8104019F0EEBBFB
:1031F000DF6000242C460024B9F701082DE9F843CC
:103200004E680C46721E262A02D90020BDE8F883BB
:103210000D682E44AE4238D100223C4920462AF0A7
:103220003BFC0546681C3AD123681A783A2AECD050
:103230006268134413F8013C3A2BE6D0002234496B
:1032400020462AF029FC0130DFD14FF0000805F1BB
:103250000109464647463A21324620462AF02AFCD2
:10326000411C08BF6068831B37D0042BCDD80137C1
:103270006368984202D0461C9E42ECD9013540D08A
:10328000072FCCBF00200120C0E715F8017B38468E
:103290002BF09CFC0028BDD13A2FBBD0B5E7AA1C6F
:1032A0001A4920462AF0F8FB0130AED123681A787B
:1032B0003A2A01D1002DA8D161680B4413F8013CD2
:1032C0003A2BBBD10129A0D9104B0222023920464A
:1032D00014F048FA0028B1D097E76A1C0BD0B8F177
:1032E000000F06D1B54201D0B14504D14FF001081D
:1032F000BEE7B145BCD0002EBAD063688342B7D9CF
:1033000083E7A7F10803584258417FE7286904087A
:103310002769040813B5064901AA0446EFF712F914
:1033200047F21A73204623830023A37602B010BD10
:103330002B690408F0B5B5B007463D4D0E4612A8FE
:1033400000240FF005FF3B4B2E9421461293AB68EF
:10335000ADF8BC400093EA68CDE93044CDE9324491
:1033600053F80C3CD0336B4443F8D02C009B0194B1
:1033700053F80C0C684427F092F92B696A692146CE
:10338000029353F80C3CD0336B4443F8C82C029B97
:1033900053F80C0C02AB184427F081F96B68AA694A
:1033A0000AA8009353F80C3CD0336B4443F8D02C5C
:1033B000214B099403F128020093143312920293D3
:1033C0001E4BCDE90544CDE90334CDE907440CF0AB
:1033D000CBFD1B4B03A912A8039318238DF838408B
:1033E0000B930EABCDE90C3427F059F9B37E012BCA
:1033F0001AD0022B1AD01BB9124902A829F070FD6D
:10340000314602A82AF0A3FB0F4929F069FD318B50
:1034100029F082FD03A9384629F018FE68462AF0F3
:103420002BF8384635B0F0BD0849E6E70849E4E72F
:10343000B048040834430408E44804082449040854
:10344000EC47040835690408296904083C69040844
:10345000436904082DE9F04188B0244C244947F21F
:103460001A7701AA02A8EFF76DF802A92046214EAB
:1034700020F0FAF9204D022302A8DFF88080A3761D
:1034800027832AF0D3F83246294620461C4C19F0EF
:103490009DFA01AA414602A8EFF754F802A9204676
:1034A00020F0E2F9002302A82783A3762AF0BEF8D1
:1034B000324629462046134C19F088FA01AA4146A3
:1034C00002A8EFF73FF802A9204620F0CDF901232A
:1034D00002A82783A3762AF0A9F832462946204677
:1034E00008B0BDE8F04119F071BA00BF14560024CD
:1034F000506904082C4600245D3803082B69040831
:10350000F8550024DC5500242DE9F84F17460546F0
:103510000E4698469F42026820D0A3EB0709D0E9E7
:1035200001431B1B994531D8A4EB010AD14517D2A1
:10353000A4EB090A22462146504620F076F96B6832
:10354000BAEB06024B446B6003D03146A01A2BF055
:103550001BFB32464146384618F0DDF9BDE8F88FCE
:1035600007EB0A0B22464146A9EB0A09584618F018
:10357000D2F96A68214630464A446A6020F055F91B
:103580006B683246594653446B60E4E7A41A6FF007
:1035900000431A1B914502D917480FF0C3FCA145FF
:1035A00038BFA14614EB090422D21CB39C4228BFA9
:1035B0001C4620460BF0E6FF814631464A46286805
:1035C00020F033F941460246384618F0A4F96968FC
:1035D0000246304620F029F90646286818B1A96845
:1035E000091A23F02EFA4C44C5E90096AC60B5E701
:1035F0001C46DEE7A146E0E7FF68040810B5054C6D
:1036000020460CF031F82046034A0449BDE810403A
:1036100019F0DCB9E06000242C460024B9F7010859
:1036200010B5054C20460CF01FF82046034A04490B
:10363000BDE8104019F0CAB9E16000242C4600240E
:10364000B9F701082DE9F3413B4B06461546044600
:1036500046F8043B304620F030F92B78AA6804F194
:103660003000696884F82030AB7BC4E9091284F823
:103670002E3004F13803AA892363A285D5E90473A7
:103680000F2B07EB0308019306D9002201A913F0C1
:1036900037FF019B2063A36342463946206B2AF023
:1036A00024F80023019A2020216B62638B54AA6ABC
:1036B000A264EA6A84F85430E2644FF0FF32236671
:1036C0002265C4E91633C4E91A33C4E91C33C4E9DA
:1036D0001E33C4E92033082363660BF053FF656E85
:1036E00007462066013D6D0800EB85084FF4007029
:1036F0000BF048FF00F5007347F82500C4F874800C
:10370000E0662367C4F88480A066A067C4E91F034D
:1037100004F1880022F0FDFB04F19C0022F0E7FD9B
:1037200004F1A40022F0F5FB304620F052F92046C7
:1037300002B0BDE8F08100BF102604082DE9F04179
:10374000044686B0A4300D461746039020F079F861
:10375000236D01332ED004AE3A46DFF85C8021465B
:10376000164F304620F038FB206DD5E90012521A72
:103770000823CDE900630023F2F7CAFB002811DA21
:10378000B8F1000F01D0AFF300802BF017FD3B58CC
:10379000042BE9D0012403A820F059F8204606B0F4
:1037A000BDE8F081D5E90034E41A844214BF312425
:1037B0000024F0E70224EEE7000000000C00000007
:1037C0002DE9F0471D468CB0082304460F4690466D
:1037D00002930023DFF884902B60206DD7E900125C
:1037E000521A02AB0DF10C0A01930023CDF800A090
:1037F000F2F7C4FB061E1EDAB9F1000F01D0AFF3D9
:103800000080174E2BF0DAFC3358042BE5D0B9F1C9
:10381000000F01D0AFF300802BF0D0FC3358092B00
:1038200018D094F82020BAB90B2B14BF0120052022
:103830000CB0BDE8F0875246214605A820F0D9FA21
:1038400005A9404620F044F805A829F0EFFE002025
:103850002E60EDE70220EBE70120E9E70000000021
:103860000C0000002DE9F047054600268CB0894683
:1038700005F500570021924690222BF09FF9102069
:10388000C7F80061A7F804610BF07CFE0446D8B1CC
:103890000DF1240899E80300C4E9006688E80300F4
:1038A000C4E902660C20DAF800900BF06BFE0346C8
:1038B00028B1C3F8089098E8030083E80300236068
:1038C0000F4BE3600F4BA360C7F8004100220023B9
:1038D00005F1C00128460094CDE906230023072204
:1038E000CDE90133CDE90323074B4FF4005203F038
:1038F00051FD0123284687F804310CB0BDE8F0875C
:10390000133C0308CF3B03086B3B030830B5036847
:1039100085B00446DB6A984790BB204620F0F0F95A
:10392000054650B9204620F08BFA054640B1206D7F
:1039300020F07EF94FF0FF332365284605B030BDF7
:103940000123BFF35B8F402184F85430BFF35B8FBA
:103950000C4B0094CDE902304FF405500BF030FED3
:10396000054618B16A4602A9FFF77CFF0023A06D47
:10397000A565019308B120F05DF901A820F052FB84
:103980000025DAE79D3A01082DE9F8430446426A2A
:1039900088464169A668571AD0E90630BD10181A42
:1039A000131E18BF0123C3EBA7039B0103EBE00326
:1039B0002069801B03EBE0036FF07040834202D16B
:1039C00035480FF0AFFAD4E90006131AA6EBA303AB
:1039D000012B1DD80235B6EB450F35D9761B131DCB
:1039E00076085A1A00EB8605A94227D9994202D0D7
:1039F00028462BF0C9F865612B68E36003F5007376
:103A00002361EB196362EB59E36103F500732362F1
:103A1000656A4FF400700BF0B5FD6860A06910B1E5
:103A2000414620F064F9636A1A1D62625B6803F51F
:103A30000072E361A3612262BDE8F8839942DAD0A3
:103A4000381D801A2844D4E75EB101367600B6F1FD
:103A5000005F07D3B6F1804F01D30FF013FA0FF0D8
:103A600001FA0326B000751B0BF08CFD626A6169D8
:103A70006D080432814600EB8505914203D0521A4D
:103A800028462BF081F861682068890022F0D9FF70
:103A9000C4E90096AFE700BF5F6904082DE9F04F65
:103AA000456A91B00446002D02DA5B480FF03AFAFD
:103AB0004FF000062846CDE90366059610D00BF0BE
:103AC00061FD471903460390059700B10670012D6B
:103AD00003F1010004D06A1E19782BF06FF8384604
:103AE0004FF00A084FF000090490BFF35B8F94F881
:103AF0005430BFF35B8F002B00F0878009A8FFF7DD
:103B000009FC6B4609AA03A92046FFF759FE0546A2
:103B100000285BD1DDF800B0BBF1000F65D001A833
:103B200002F018F8BBF1000FDDF80CA0019F08951A
:103B3000CDE90655B9DB58460BF024FD06465A463A
:103B400051465E44069008962BF01EF82A4606A9B8
:103B5000384607961FF0D7FD054606A817F06DFEFC
:103B60003DB304F1880006901FF06BFED4F880305E
:103B7000A06F083B984223D010B101A920F0B7F8FC
:103B8000A36F0833A36706A81FF061FE04F19C0031
:103B900003F062FBE56D65B12B6801A906A89E687C
:103BA00020F0A5F8284609AA06A9B04707A820F0E2
:103BB00041FA02A820F03EFA09A829F037FD94E75F
:103BC00001A904F16000FFF7DFFEDCE7022819D04D
:103BD00005280AD194F820303BB90A220023CDE908
:103BE000062306A820F07DFAE6E7E06D18B1036829
:103BF00029465B69984794F82030002BDCD1CDE949
:103C00000689EEE709A829F011FD03A817F015FEB3
:103C100011B0BDE8F08F00BFA24F04082DE9F84FA6
:103C2000224B0446036020F023F8A66ED4F884905B
:103C3000D4E91CB8D4E91E7A08F10405A94524D8B2
:103C4000C14529D05946304620F098FA39465046A9
:103C500020F094FA236E53B1D4F88430656F1E1DA2
:103C6000AE421CD8616E206E890022F0EAFE04F19B
:103C7000580020F0D7F904F1300029F0D7FC201DBE
:103C800029F0D4FC2046BDE8F88F55F8040B00F568
:103C9000007120F073FAD1E739463046D8E74FF487
:103CA000007155F8040B22F0CCFED9E71026040869
:103CB00010B5054C20460BF0D7FC2046034A0449BA
:103CC000BDE8104018F082BEE26000242C460024BB
:103CD000B9F7010810B5054C20460BF0C5FC20468D
:103CE000034A0449BDE8104018F070BEE3600024A8
:103CF0002C460024B9F70108044B10B5044640F8DF
:103D0000083B29F093FC204610BD00BFA8260408FC
:103D1000F8B504460E4620F02BFB15460746002852
:103D200048D013680968E08872681844521A9042B3
:103D300042D8CA18CB5C50781B06D17843EA0043BE
:103D400092780B4343EA0223E3602B6804332B6031
:103D5000E368013B03331AD91849194829F0C0F820
:103D6000E17B29F0D9F8174929F0BAF8A17B29F0AD
:103D7000D3F8144929F0B4F8617B29F0CDF8114942
:103D800029F0AEF8217B29F0C7F828F0F0FF2A6867
:103D9000931C2B60336813445B7823722A68336862
:103DA000995C13445B7843EA01235BBA23822B6856
:103DB00002332B603846F8BD0027FBE78F69040803
:103DC000305800247A530408F8B504460F4620F012
:103DD000CFFA15460646002840D013680968E088E7
:103DE0007A681844521A90423AD8CA18CB5C507874
:103DF0001B06D17843EA004392780B4343EA02233F
:103E0000A3602B6805332B60A368013B03331AD9E9
:103E10001449154829F064F8E17A29F07DF813492E
:103E200029F05EF8A17A29F077F8104929F058F8BE
:103E3000617A29F071F80D4929F052F8217A29F0B8
:103E40006BF828F094FF2A683B68995C13445B7810
:103E500043EA0123A3812B6802332B603046F8BD6F
:103E60000026FBE7C0690408305800247A53040890
:103E70002DE9F843D0E90163044689469E4207D004
:103E80000EB10B783370636801336360BDE8F8836B
:103E9000124A01211FF01AFC2768804620F0C0F961
:103EA000F61B0546F04218BF99F8003006F10109EB
:103EB00018BF8355002E814409DD324639462AF069
:103EC00063FEA1683846C91B22F0BBFD01E0002F4C
:103ED000F7D1C4E900594544A560D7E7E56804086F
:103EE0002DE9F84FD0E9007A91466FF06043AAEBD4
:103EF000070280468B46B3EBA20F4FEAA20502D120
:103F000029480FF00FF8BA4514BF2A460122CE1BEC
:103F1000AD183CD20DBB3EB12C46D9F80030336011
:103F20000023C9F8003021E0B9423E46A9462C469C
:103F300025D104344FF0000BB2452AD12FB1D8F867
:103F400008103846C91B22F07CFD09EB8505C8E93D
:103F50000094C8F80850BDE8F88F9D4228BF1D4660
:103F6000A8000BF00FFB86190446D6D1BB45A1462D
:103F70003E46DED01CB133682360002333603046F8
:103F8000043620F089FA0434B345F4D1D1E71D4654
:103F9000E6E733683046043644F8043B46F804BC90
:103FA00020F07AFAC8E700BFE56804082DE9F84F69
:103FB000D0E9007A91466FF06043AAEB0702804691
:103FC0008B46B3EBA20F4FEAA20502D129480EF0AF
:103FD000A9FFBA4514BF2A460122CE1BAD183CD218
:103FE0000DBB3EB12C46D9F8003033600023C9F830
:103FF000003021E0B9423E46A9462C4625D1043482
:104000004FF0000BB2452AD12FB1D8F8081038462E
:10401000C91B22F016FD09EB8505C8E90094C8F814
:104020000850BDE8F88F9D4228BF1D46A8000BF040
:10403000A9FA86190446D6D1BB45A1463E46DED034
:104040001CB133682360002333603046043620F00F
:104050002CFA0434B345F4D1D1E71D46E6E73368C2
:104060003046043644F8043B46F804BC20F01DFA00
:10407000C8E700BFE56804082DE9F74FD1E9002340
:1040800007460C469B1A0B2B67D901230093137824
:1040900003700A68937851781B02D27843EA01438F
:1040A000134308224360216800924B681EBA1644ED
:1040B0006268521A964250D813F0706FC3F30365CA
:1040C0004BD1DFF88881DFF88891009B216803F1EC
:1040D0001002964208D262681E1D521A96423ED9BC
:1040E000012003B0BDE8F08FCB5C0195012B1ED8F9
:1040F00018200BF047FA014630B145600572C0F850
:1041000000908582C0E9035501A820F093FB019837
:104110006A4621460368DB689847D8B107F1080072
:1041200001A920F05BFB01A820F0B6F9CDE7063B22
:10413000012B0FD818200BF025FA01460028E3D0F8
:1041400006230572C0F80080436085828575C0E94A
:104150000355D9E701A820F09FF90020C1E7C8184E
:10416000CB5C45781B06C17843EA05430B43817855
:10417000009643EA01231E449642EED8DFF8D4802D
:10418000DFF8D490DFF8D4A0009B9E42A8D9181D78
:10419000D4E90021891A8842DFD8D118002591F886
:1041A00002B00195BBF1010F1CD120200BF0EAF900
:1041B000014648B1034680F804B0C58043F808AB17
:1041C00008330574C0E9023501A820F03BFB0198D3
:1041D0006A4621460368DB68984780BB01A820F047
:1041E00064F9BAE7BBF1040F0ED114200BF0CAF941
:1041F00001460028E8D080F804B0C580C0F80090DF
:104200000572C5600582DFE7BBF1140F0DD11020E8
:104210000BF0B8F901460028D6D080F804B0C5806C
:10422000C0F8008085608581CEE7D25C4B7843EA98
:1042300002230344009301A820F037F9A4E701A961
:1042400007F1140020F0E0FAF5E700BF602604084B
:10425000482604089026040878260408A82604089E
:104260002DE9F74F9A46036804460D465245164617
:10427000A1EB030922D0AAEB0207D0E90183A3EB4B
:1042800008039F4237D8A8EB010B5F451BD2A8EB70
:10429000070B4246414658461FF0C7FA6368BBEB1E
:1042A00005023B44636004D02946A8EB02002AF0D3
:1042B0006BFC2A465146304617F02DFB20684844D7
:1042C00003B0BDE8F08F02EB0B0351464246A7EB6B
:1042D0000B071846019317F01EFB626841462846FB
:1042E0003A4462601FF0A1FA6268019B5A44194681
:1042F00062602A46DFE73946104A1FF0E7F9804638
:104300001FF08EFF29460246074620681FF08DFAEF
:1043100051460246304617F0FEFA616802462846CA
:104320001FF083FA0546206818B1A168091A22F027
:1043300088FBC4E900754744A760BFE7FF6804082D
:104340002DE9F3470025012304460F4685600DF152
:1043500007018DF80730C0E90055FFF789FD0DF121
:10436000070120468DF80750FFF782FD0DF1070188
:1043700020468DF80750FFF77BFD0DF10701204621
:104380008DF80750FFF774FDD7E9028508EB050AA1
:10439000C24515D0D4E901639B1B9D421BD8324610
:1043A0005146404617F074FB6268314630462A4455
:1043B00062601FF03AFA32464146404617F068FB09
:1043C000FB6820462268C3F3072191702268D370EE
:1043D00002B0BDE8F0872946114A20461FF076F961
:1043E00081461FF01DFF31460246054620681FF03A
:1043F0001CFA51460246404617F04AFB61680246E5
:1044000030461FF012FA0646206818B1A168091A52
:1044100022F017FBC4E900564D44A560D0E700BF69
:10442000FF68040810B5054C20460BF01DF9204626
:10443000034A0449BDE8104018F0C8BAE4600024FB
:104440002C460024B9F70108054B994210B50446E3
:10445000084602D012F0B4FF08B104F10C0010BD00
:1044600000260408564B2DE9F0410D469AB004464B
:1044700040F8083B20F0FEFA05F11C082B8B04F1F4
:104480002400414600272384012620F0F3FAAB8E56
:10449000414612A8A3878DF846708DF850708DF8AC
:1044A00038608DF8446018968DF84560D5E90E2384
:1044B000C4E91023D5E91023C4E91223D5E9122356
:1044C000C4E9142395F8503084F85830D5E9162300
:1044D000C4E91823D5E91823C4E91A23AB6E23676E
:1044E0004FF48033CDE90F3314ABCDE912374FF4DD
:1044F000AF63199329F003F9324A03A8D11F019041
:1045000029F0F8F8072301A907A80293019BDF719E
:104510003B462A8B1FF0C7F9A767C4200BF032F87F
:10452000051E05F10C0708D0274B0EAA07A938462F
:104530002B60C5E90166FFF785F807A80126C4E9E5
:104540001E7529F073F801A829F070F812A829F057
:104550006DF8002504F198034FF07E57C4F88C5095
:10456000C4F88030C4F89070C4E92165C4E92555C9
:1045700004F19C0021F0CDFCC4F8B850C4E92C55DE
:1045800004F1BC0021F0C5FC04F1E803C4F8E070BC
:10459000C4E93436C4E93655C4E9395504F1EC00B0
:1045A00021F0B7FCA06FC4F80061214684F80451E3
:1045B00003681B6A984720461AB0BDE8F08100BF27
:1045C000C02604088E500408E026040838B50446C6
:1045D00018200D460AF0D6FF58B12B78064A037111
:1045E000002302604371C380037283828375C0E934
:1045F00003332060204638BD60260408F8B506461F
:104600001D4B044646F8D03B20F063FBD4F8D8504D
:104610003DBBD4F8D4202946D4F8D00092002AF02B
:10462000CDFA3046C4E9365504F1800520F097FBF9
:1046300004F1B00020F0DEFA284620F02EFB2846D8
:1046400020F083FB04F1080504F17C001FF0F2FC6C
:1046500004F1240028F0EAFF284628F0E7FF20466E
:10466000F8BD284650F8147B17F0A3F828463821E7
:104670003D4622F0E6F9CBE7C02604082DE9F041DB
:104680000646A2B000F58270884617461D461FF008
:1046900094FD044600287DD0062314A903A88DF8B4
:1046A0005030FFF793FF0398012314A983754FF44B
:1046B000616385820025C360A0F810804782149052
:1046C0000CA88DF8305013950395CDE90D55CDE923
:1046D0000F55CDE9115520F094F814A81FF0DCFE19
:1046E00014200AF04FFF044638B10423C580057238
:1046F00003712A4BC56003600582204606F1240140
:104700001FF09DFEB16F14A80B68DB699847BDF8D8
:10471000683014A8238228F089FF112314A90CA85B
:104720002372149420F083F814A800241FF0BDFE17
:104730000E9B01221A491B6814A85C71DA7122468B
:1047400002230094CDE904141EF0A5FF0CA905A8CE
:1047500020F080F805A914A820F016FB05A817F092
:104760006CF82346328C06F1080105A81FF09BF86F
:10477000B06F05AA14A903689B689847B0FA80F443
:1047800005A828F053FF18A817F057F80CA86409DB
:1047900020F058FA204622B0BDE8F08178260408BF
:1047A000FFFF00812DE9F84FD0E90068214B054655
:1047B000A8EB06040F469146E4105C431E4B9C4256
:1047C00002D11E480EF0AEFBB04514BF22460122B6
:1047D000A1EB060BA41828D24CB39C4228BF1C4660
:1047E000282060430AF0CEFE82461AEB0B0002D06E
:1047F000494620F097F939465246304620F059F99B
:10480000414600F12802384620F053F9074626B108
:10481000A9683046891B22F014F9282303FB04A35E
:10482000C5E900A7AB60BDE8F88F1C46D8E7A246F3
:10483000DBE700BFCDCCCCCC33333303E5680408D1
:10484000F0B59BB0002305460C690AA84F79CE79D4
:104850008DF81D308DF82830ADF838300694CDE94C
:10486000080311208DF83A00087D8DF81C00C868F7
:104870000F90D9B28E421DD9FC18D2E90501091A50
:10488000B4EBA10F16D250F824400133217904294A
:10489000EFD1214610A81FF0E0FD10A908A820F0D4
:1048A000BAF810A828F0C2FE238AADF83830237A6F
:1048B0008DF83A3005F1BC0010901EF0C2FF784A26
:1048C000D5E92C10431ADB105343069A9B10002B9A
:1048D0000C4636DC431A502B69D0782B63D0282B3A
:1048E00002D123689A4233D006A905F1B00020F026
:1048F0006CFA10A81EF0ABFF05F19C0001901EF0B1
:10490000A0FF06A905F1800020F072FA28B1036922
:104910001BB106A9083020F0B7F905F1EC000290B0
:104920001EF08FFFD5F8D840002C45D102A81EF00C
:104930008EFF01A81EF08BFF08A828F077FE1BB0A1
:10494000F0BD0968914203D0A16A8A421DD1283482
:10495000A042C9D0BDF8183008A904F1080023808E
:10496000BDF81A3063809DF81C3023719DF81D300E
:10497000637128F0C4FEBDF8383023849DF83A30C6
:1049800084F822300F9B6362B3E7216D8A4201D124
:104990005034DDE7A66F04F1A001B24201D17834B2
:1049A000D6E7013B93E70B689A42D1D028342368BD
:1049B0009A42CDD0283494E7228ABDF818309A4222
:1049C0006CD1E36913B306A910A820F0ABF800235B
:1049D00028200593CDE903330AF0D4FD00F1280621
:1049E0000390059610B110A920F09CF812A8049627
:1049F00028F01CFEE36904F114000BB90EF0E8FA8C
:104A0000236A03A9984703A820F0F4F8D5F8D42026
:104A1000A368D5F8D070B3FBF2F102FB113357F85D
:104A2000230001460E4609688C42FBD1B042216842
:104A300028D141B18868B0FBF2FC02FB1C02934212
:104A40000FD047F82260D5F8D07005F1D80257F89A
:104A5000230090424FF0000208BFC5F8D81047F875
:104A60002320204650F8147B376016F0A2FE382130
:104A7000204621F0E6FFD5F8DC30013BC5F8DC30FC
:104A80003C4651E70029ECD08968B1FBF2F002FB0B
:104A90001012934218BF47F82260E2E72768EFE759
:104AA000CDCCCCCC2DE9F04F09684FF6FF7397B011
:104AB00006460A889A4211D10023103104A88DF8C5
:104AC00010300B93CDE90533CDE90733CDE9093338
:104AD000FFF7D2FA28B904A820F0B4F817B0BDE85F
:104AE000F08F079B0DF14009069F4FF0110ADFF888
:104AF00064B10193019BBB42EDD057F8041B0B79C5
:104B0000012BF7D1CB68002B40F09E80088A4A8A9F
:104B1000ADF8300006F1BC000F938DF84030ADF8D1
:104B20005030159303908DF852A0ADF83220CDE9A6
:104B30000D391EF086FE0C98D6E92C58A8EB05031B
:104B4000DB100BFB03F39B10002B2C4633DCA8EB94
:104B50000503502B50D0782B4AD0282B02D1236844
:104B600098422FD0D6F8B450454509D0444604F1B8
:104B70000800283428F05AFDA542F8D1C6F8B480C0
:104B800003A81EF064FE06F19C0003901EF059FE7F
:104B90000CA906F1800020F02BF928B1036A1BB1A3
:104BA0000CA9183020F070F803A81EF050FE0EA8D3
:104BB00028F03CFD9EE72968814203D0A16A884223
:104BC00008D12834A045CDD004F12805A84518D136
:104BD000A046C7E7216D884201D15034F2E7A16FAA
:104BE00004F1A005884201D17834EBE7013BABE743
:104BF0002B689842E6D0283423689842E2D02834C3
:104C0000ADE729680C9B99421CD02B8804F1080061
:104C100005F10801283424F8283C6B8824F8263C48
:104C20002B7904F8243C6B7904F8233C1FF0F3FE45
:104C30002B8C24F8083C95F8223004F8063C6B6A6B
:104C400044F8043C2835C1E704AA3046FFF7F8FDD4
:104C500050E700BFCDCCCCCC2DE9F047B0B0054635
:104C600000F582700F469046DDE938A91FF0A5FADD
:104C70000646002800F09F8018200AF083FC28B127
:104C80000022514942600272016042754FF6FF7284
:104C9000002422A907824282027503222290C26068
:104CA00010A88DF840401794CDE91144CDE9134484
:104CB000CDE915441FF0A5FD22A81FF0EDFB4349E7
:104CC0000223224622A80094099118941EF0E3FCC6
:104CD00010A918A81FF0BEFD18A922A820F054F8AA
:104CE00018A816F0AAFD23462A8C05F1080109A888
:104CF0001EF0D9FDA86F09AA22A903689B689847EE
:104D000000285FD105F58073BFF35B8F53E8002F58
:104D1000511C43E800100028F8D105F1EC00BFF366
:104D20005B8F039204901EF08CFD414619A8ADF8EC
:104D300060701FF073FF1EA822F0A9F95AEA090358
:104D40003DD141F288320023CDE9202303A905F1AA
:104D5000D00020F0E9F8BDF860300546044619A9F6
:104D600005A825F8043B1FF059FF294605A81EF0A9
:104D7000D4FE079BE26805A8E360089B07922269BE
:104D80002361089216F015FD19A8DDE91E23C4E978
:104D90000623DDE92023C4E9082316F00AFD04A850
:104DA0001EF055FD09A828F041FC26A816F045FD87
:104DB00010A81FF047FF304630B0BDE8F087CDE9BE
:104DC00020A9C3E72646EDE748260408FFFF008137
:104DD0002DE9F7431F4D06460F4690460DB1AFF340
:104DE00000801D4C2AF0EAF954F800900DB1AFF3A1
:104DF000008000232AF0E2F9424601A92350304600
:104E000015F098FB019B80469E4202D113480EF09C
:104E100071F80DB1AFF300802AF0D0F92358222B9E
:104E200002D10E480EF096F817B1019B9B1B3B6018
:104E30000DB1AFF300802AF0C1F9235833B90DB199
:104E4000AFF300802AF0BAF944F80090404603B06E
:104E5000BDE8F083000000000C000000F2690408C7
:104E60002DE9F04380469BB0B8200D460AF08AFB3E
:104E70000446002800F08880464B294605F11C09AD
:104E8000002640F8083B012720F0EBF82B8B494621
:104E900004F12400238420F0E4F8AB8E494612A8E4
:104EA000A3878DF846608DF850608DF838708DF8C6
:104EB000447018978DF84570D5E90E23C4E9102386
:104EC000D5E91023C4E91223D5E91223C4E9142338
:104ED00095F8503084F85830D5E91623C4E91823E2
:104EE000D5E91823C4E91A23AB6E23674FF4803346
:104EF000CDE90F3314ABCDE912364FF4AF631993FC
:104F000028F0FDFB244A03A8D11F019028F0F2FBF2
:104F1000072301A907A80293019BDE7133462A8B60
:104F20001EF0C1FCA667C4200AF02CFB061E06F189
:104F30000C0908D0194B0EAA07A948463360C6E9E8
:104F40000177FEF77FFB07A8C4E91E9628F06EFBE9
:104F5000002601A828F06AFB12A828F067FBC4F815
:104F60008860C4E9206604F18C0020F0D2FFA06FB5
:104F7000C4F8A060214684F8B060D5E90E23C4E9E6
:104F80002A2303681B6A98474046C8F800401BB0B4
:104F9000BDE8F083FC2604088E500408E0260408CF
:104FA00070B50546D0F8A0008AB018B11FF0FBF824
:104FB00000283ED140214FF405500AF001FB044681
:104FC00058B39022002129F0F9FD04F50056002382
:104FD0001020C6F80031A6F804310AF0D3FA20B147
:104FE000154B0560C360154B8360C6F800010022B5
:104FF0000023009004F1C0012046CDE906230023E0
:105000000722CDE90133CDE903230D4B4FF40052C4
:1050100002F0C0F9012386F804310023D5F8A0007E
:10502000C5F8A040099308B120F055F809A81EF072
:10503000F9FF0AB070BD00BF67530308E14F0308D2
:105040006B3B030838B5044618200D460AF09AFA5F
:1050500050B12B78064A0371002302604371C3806C
:1050600003728382C0E903332060204638BD00BF4D
:105070004826040810B5044614200AF083FA40B10B
:105080000423054A037100230260C3800372C360D6
:1050900003822060204610BD782604082DE9F041E7
:1050A00001F16003456880460F469D4209D0ED1A24
:1050B000214B01F108066D115D43002D06F16004DE
:1050C00009DCD8F804006038C8F8040020F01FF8A4
:1050D0003846BDE8F08134F8083C30462146013DB1
:1050E00024F8683C34F8063C24F8663C14F8043C88
:1050F00004F8643C14F8033C04F8633C1FF082FF9E
:10510000238B06F1800106F1200024F8483CA37EA1
:1051100004F8463CE36944F8443C1FF073FF06F191
:10512000980106F1380026461FF06CFFD4E91423DD
:1051300044E90423C1E700BFABAAAAAA2DE9F043C2
:10514000ABB005461820894617461E46DDF8C880D4
:105150000AF018FA044628B10723436000230372BB
:10516000504B03600123A4F81090678214A8A37524
:105170009DF8CC30A682002B0CBF00234FF4616356
:10518000E3601FF0D3FF1CA914A81C941FF039FB87
:105190001CA81FF081F910200AF0F4F9044638B178
:1051A0001423414A037100230260C380836083811A
:1051B000A96801201CAA17F0FFFC01281CA914A84B
:1051C0000CBF1C9B4FF0FF331C940027A3602B8C5B
:1051D0005BBAA3811FF02BFB1CA81FF066F9169B7E
:1051E00001223A211B684046DA713A465F7128F085
:1051F00061FC0446414607A81FF033FF631CAE8FD5
:105200001CD023463A4641461CA812F0EFFA1CA9CE
:1052100007A81FF0F7FE1CA828F008FA4FF0FF338C
:10522000621C41461CA812F0E1FA0A2239461C9879
:10523000FFF7CEFD86B21CA828F0F8F9324607A980
:1052400000230DA81EF02FFB002218490223009214
:105250001CA8CDE903121EF01EFA14A904A81FF021
:10526000F9FA04A91CA81FF08FFD04A816F0E5FAAE
:10527000A86F0DAA1CA903689B689847044620A83C
:1052800016F0DBFA0DA828F0D1F907A828F0CEF91E
:1052900014A81FF0D7FCB4FA84F040092BB0BDE885
:1052A000F08300BF6026040890260408FFFF0081F9
:1052B0002DE9F0479AB017460D460646194602A852
:1052C0001C461FF0CEFE6979248BD7E905239B1A73
:1052D000B1EBA30F10D252F821703B79042B0BD104
:1052E000394614A81FF0B9F814A902A81FF08AFEC5
:1052F00014A828F09BF93C8A02A908A82F8AB5F8BF
:105300001280B5F814901FF0ACFE099A444BD342BA
:1053100002D144480DF006FE0122434908A828F0B6
:10532000EBFA092C39D9632C39D9B4F57A7F38D303
:1053300042F20F75AC428CBF052504250DF1400AE1
:1053400029462D220EA8CDF838A028F0B4F90E9BDE
:10535000642236491D44632C25D8092C89BF334A61
:10536000303402EB440112F8144094BFE4B249789F
:105370001C7014AC88BF59700F9A099B089913448C
:105380000AAA91421FD10F2B02D90E9A524520D161
:105390000EA908A828F0D2FA23E00125CEE70225BD
:1053A000CCE70325CAE7B4FBF2FC02FB1C406446D1
:1053B00001EB400C11F810009CF801C005F801CC7D
:1053C00005F8020DC7E70A9A9342E1D90E9A5245B1
:1053D00023D0109A9342DBD808AA00210EA828F007
:1053E00071FA014620461FF05BFE01234246394612
:1053F0003046CDE900434B46FFF7A0FE204628F09B
:1054000015F90EA828F012F908A828F00FF902A83B
:1054100028F00CF91AB0BDE8F0870F22DAE700BFD8
:10542000010000C0F7690408296904080C6A04082F
:1054300070B5A2B00D460123044614A903A88DF847
:105440005030FFF7FFFD039E0CA82B8833826B883A
:1054500073822B7900253375F5601FF067FE14A960
:105460000CA814961FF0CDF914A81FF015F81649D2
:105470002A46022314A80095CDE904151EF00BF965
:105480000CA905A81FF0E6F905A914A81FF07CFCDB
:1054900005A816F0D2F92B46228C04F1080105A8C4
:1054A0001EF001FAA06F05AA14A903689B6898472B
:1054B00005A828F0BBF818A816F0BFF90CA81FF033
:1054C000C1FB22B070BD00BFFFFF008170B5154B5E
:1054D0000546044645F8A03B1FF06AFE28461EF02C
:1054E000A1FDD4E92056AE4216D1D4F8800020B1F7
:1054F000D4F88810091A21F0A4FA04F17C0004F110
:1055000008051EF097FD04F1240028F08FF82846C6
:1055100028F08CF8204670BD284660351FF0F7FD56
:10552000E1E700BFFC2604082DE9F041A2B00C46DB
:105530000123074614A903A816468DF85030FFF73B
:1055400081FD2388039D0CA84FF0000828342B828E
:1055500034F8263C6B8214F8243C2B7554F8043C38
:10556000EB601FF0E3FD9DF8303014A90CA843F068
:1055700040031495CDF80C808DF830301FF041F9C0
:1055800014A81EF089FF04A8FFF774FD42463A21D3
:10559000204628F08FFA431C05461FD003462146BB
:1055A000424606A812F022F94FF0FF336A1C21464A
:1055B00014A812F01BF9049C06A920461EF03FFF18
:1055C0000A2241461498FFF703FC1123208214A8F5
:1055D000237228F02BF806A828F028F8049B14A9B9
:1055E0000CA814931FF023F914A81EF05EFF0E9B65
:1055F000012100221B6814A8D97111495A71022394
:105600000092CDE905121EF046F80CA906A81FF07D
:1056100021F906A914A81FF0B7FB06A816F00DF98A
:10562000B86F324614A903689B68984718A816F00B
:1056300004F90CA81FF006FB22B0BDE8F08100BF02
:10564000FFFF0081F0B5A3B00C460123054614A965
:1056500002A88DF85030FFF7F5FC23880027029E42
:105660000CA82834338234F8263C738214F8243C86
:10567000337554F8043CF3601FF058FD14A90CA8CE
:10568000149602971FF0BDF814A81EF005FF03A89A
:10569000FFF7F0FC3A463A21204628F00BFA431C6B
:1056A00006461FD0034621463A4605A812F09EF84A
:1056B0004FF0FF33721C214614A812F097F8039C98
:1056C00005A920461EF0BBFE0A2239461498FFF7B2
:1056D0007FFB1123208214A8237227F0A7FF05A8BF
:1056E00027F0A4FF039B14A90CA8002414931FF017
:1056F0009EF814A81EF0D9FE0E9B012217491B68C4
:1057000014A85C71DA71224602230094CDE90414D6
:105710001DF0C1FF0CA905A81FF09CF805A914A84D
:105720001FF032FB05A816F088F823462A8C05F1F5
:10573000080105A81EF0B7F8A86F05AA14A9036808
:105740009B68984705A827F071FF18A816F075F810
:105750000CA81FF077FA23B0F0BD00BFFFFF008157
:105760002DE9F04F074685B03A4C00253868B03037
:105770001EF023FD10B905B0BDE8F08F3B68D3E9FA
:105780002A69012E79F100031CDB4FF00A0BB6F1F8
:10579000004FB046CA4679F10003A4BF6FF000483D
:1057A0004FF0000AA8FB0B010BFB0A1120F060FE72
:1057B000B6EB0808464669EB0A0A012ED1467AF193
:1057C0000003E4DA3868B0301EF0F7FC0028D2D0CD
:1057D000D7F8008008F18C0003901EF032F868467C
:1057E00021F055FCDDE9009AD8E9206BB3451AD1C8
:1057F00003A81EF02CF83A68D2E92A3ED2E91460D8
:10580000B3427EEB0001B1DA92F858C0ACFB033131
:105810000CFB0E119E4270EB010CBCBF33460146DF
:10582000C2E92A31A2E7D6E9160122462B46B9EB96
:1058300000006AEB0101EBF713FDD8E91823904251
:10584000994105DB31464046FFF7FCFEC6E9169A52
:105850006036CBE740420F002DE9F84FD0E90068F1
:10586000294B0546A8EB06040F46914664115C439C
:10587000264B9C4202D126480DF054FBB04514BF84
:1058800022460122A1EB060BA41823D224B39C428A
:1058900028BF1C466020604309F074FE82464946DA
:1058A0000AEB0B001FF07AFDB14650464F4500F160
:1058B000600B13D1C1451BD126B1A9683046891BA5
:1058C00021F0BFF8602303FB04A3C5E900ABAB6084
:1058D000BDE8F88F1C46DDE7A246E0E749461FF029
:1058E0005DFD48461FF013FC09F160095846DDE7ED
:1058F000494658461FF052FD48460BF1600B09F12E
:1059000060091FF004FCD5E7ABAAAAAA55555501BA
:10591000E56804082DE9F04304469DB08C300D463F
:105920009846164603901DF08CFF584BD4E9201C76
:10593000ACEB01008946401158434FEAA00EBEF17E
:10594000000F4B4671DCACEB0902C02A00F09280DC
:10595000B2F5907F00F08880602A03D11F682A6822
:1059600097426BD0236F04F18007834204D88C45A3
:1059700002D03846FFF792FB08AB112205F108016F
:1059800006A8069300238DF8322010AA07938DF8FD
:105990002030ADF830300D938DF840308DF8583010
:1059A000CDE90E2316AACDE9142300220023CDE968
:1059B0001A232B680493AB88ADF8143027F09FFEB0
:1059C0002B8C31460EA8ADF8303095F822308DF88A
:1059D00032306B6A0D9327F092FE414614A827F0EF
:1059E0008EFE684621F053FBDDE90023CDE91A2342
:1059F000D4E92103984243D004A91FF0CFFCD4F886
:105A000084306033C4F88430D4F8841020460124F4
:105A10006039FFF717FE04A81FF079FB03A81DF0FB
:105A200016FF20461DB0BDE8F0832F68D9F800208E
:105A3000BA4203D01A6E974204D160339C4591D08C
:105A40000024EBE7D3F8C020974201D1C033F5E73B
:105A5000D3F8202103F5C079974202D103F5907362
:105A6000ECE70EF1FF3E6AE7D9F800702A6897422A
:105A7000E4D060331F682A689742DFD060336DE757
:105A8000014604AA3846FFF7E7FEBDE7ABAAAAAA7B
:105A90002DE9F84FD0E900896FF000470646A9EBE1
:105AA00008038A461446BB4202D125480DF03AFA53
:105AB00083B3B3EB430F4FEA430202D8974228BFA8
:105AC0001746AAEB080B38461FF084FCA9EB0A091D
:105AD00010EB0B0F054618BF23780BF1010418BF1C
:105AE00000F80B30BBF1000F16DD5A46414629F095
:105AF0004BF82819B9F1000F00EB090403DD4A4601
:105B0000514629F033F8B1684046A1EB080120F076
:105B100098FF0EE00122D1E7B9F1000F044404DD43
:105B20004A465146204629F021F84C44B8F1000F6E
:105B3000E9D1C6E900543D44B560BDE8F88F00BF27
:105B4000E568040808B5024820F0E3F9002008BD24
:105B50003056002437B51D4D04462B789BB94FF0C5
:105B6000FF334FF0FF321A4801F036F82B783BB97B
:105B7000102338221749184820F064F901232B70AC
:105B8000134801F0A1F800250022002301A91248C2
:105B9000019500F02FFF20B1C4E90055204603B065
:105BA00030BD019D15B128461DF003FD00231020D6
:105BB0002560636009F0E6FC28B10123C560C0E9F7
:105BC0000133064B03606060E8E700BFE560002436
:105BD00030560024E8360024445600241C270408CC
:105BE00010B5044658B1006918B1A169091A20F02E
:105BF00028FF21460248BDE8104020F032B910BD10
:105C000044560024034A536823F46003034353605B
:105C1000704700BF000400582DE9F0414D4C236946
:105C200003F03803102B00F09080182B0DD0002BC0
:105C300040F08D802368484813F0200F03D023687C
:105C4000C3F3C103D840BDE8F081A76AA36AD4F8C2
:105C50002C8013F47C7FC3F30510666BF3D0EBF755
:105C60009BF8C6F3CC06054608F0010007F00307D1
:105C70007043EBF791F84FF06451EBF7E5F8012F23
:105C8000064652D0022F40D0002F4ED123689B06EB
:105C900029D523683048C3F3C103276BD840EBF7FD
:105CA0007BF82946EBF784F90446C7F30800EBF7C5
:105CB00073F83146EAF7C0FF4FF07E51EAF7BCFFB8
:105CC00001462046EBF7C0F8224B0446186BC0F3A0
:105CD00046200130EBF760F801462046EBF768F903
:105CE000EBF79EFAAFE7206BC0F30800EBF754F830
:105CF0003146EAF7A1FF4FF07E51EAF79DFF2946B2
:105D000004461648EBF754F9DAE7206BC0F30800B5
:105D1000EBF742F83146EAF78FFF4FF07E51EAF792
:105D20008BFF294604460E48ECE7206BC0F30800C1
:105D3000EBF732F83146EAF77FFF4FF07E51EAF792
:105D40007BFF294604460748DCE707487BE707480E
:105D500079E700BF004402580090D0030024744C3F
:105D60000024F44A0024744A00127A0000093D001D
:105D700008B5FFF751FF0B4A0B4993699269C3F3CA
:105D8000032302F00F02CB5C03F01F0320FA03F39E
:105D9000885C064A00F01F0023FA00F01060044AF5
:105DA000136008BD00440258D56A04088C1300240F
:105DB00090130024044B1B68C3F30313072B14BF79
:105DC00001200320704700BF00ED00E030B50268FD
:105DD0000C6802F58052136823F4F04323F00203A9
:105DE0002343136004680B7B04F580540D79DB03B7
:105DF000626843EA05338D6822F450422B4322F057
:105E000001021343636002684C7B0B6A02F5805207
:105E100043EA0443D2F80051134C2C402343C2F808
:105E200000314B7F0C7D02681B0302F5805243EA70
:105E300004130C69D2F8045123430C4C2C40234327
:105E4000C2F8043100680C7F00F580508B69D0F8EF
:105E5000082143EAC47322F0004222F47C12134367
:105E6000C0F8083130BD00BF00C0FEFFEFEFC0FF3B
:105E70002DE9F74F846A019200EB84068F68B369BD
:105E8000DA68002A62DBF26A002A5FD10A685207E8
:105E90002BD5DD684A6A2D0C2D041543DD60DA68C8
:105EA00042F48032DA6005682A6E42F480122A6673
:105EB0000A68150719D59A68CD6A92B242EA054276
:105EC0009A60DA6842F40032DA60DA680D6B22F424
:105ED00040222A43DA6005686A6E42F480126A66DC
:105EE00005682A6D42F080622A650A68D2060BD5E1
:105EF0009D688A6925F47F5525F03F0515439D600F
:105F0000DA6842F08062DA600A6812F0140921D07F
:105F1000DA6842F08042DA60BFF35F8F04F1010873
:105F2000DA68B8F1030F42F0004288BFA4F1030819
:105F3000DA6000EB88039B69DA68002A7EDAB269CE
:105F4000BFF35F8FD36823F00043D360022003B018
:105F5000BDE8F08FA0463A681A609D687A6825F41B
:105F60007F5525F03F0515439D60BA68844D002A92
:105F700067D017685F609F682F40556847EA0547FC
:105F80009F600D68DF68ED0661D50D6A27F4F007A4
:105F900047EAC545DD60DF68CD69BF0CBF042F430C
:105FA000DF60DD6845F48025DD600D686F0705D58D
:105FB0009F688D6A27F440473D439D60DD6845F04A
:105FC0000055DD60DD6825F08045DD60BFF35F8F43
:105FD000DD6845F00045DD600D68AD0705D5DF687B
:105FE000CD6827F060773D43DD600025DFF890E164
:105FF000DFF890B1DFF890A19768002F40D1019AA7
:10600000002A00F0B9809A6842F000429A60DA688B
:1060100042F08052DA6000EB8803C26BDA62C0F8AB
:106020002880EFF31082012383F31088036C01337F
:106030002B44036482F31088002088E74FF00109A5
:1060400089E75A609A682A409A603A4699E727F4A5
:10605000FF474D6827F07F072F43DF600D68EF078C
:1060600005D5DF684D6927F440373D43DD600D6895
:10607000AD069AD5DF680D6927F040673D4393E789
:1060800008F1010CDF68BCF1030F27F0805788BFCF
:10609000A8F1030CDF6000EB8C08D8F81830DF683B
:1060A00027F00057DF60DF68002F17DA09F10102DF
:1060B00000212A44B56991423FF448AFBFF35F8F96
:1060C000EB68013123F00043EB60631C032B88BFB6
:1060D000E31E00EB8304A5691C46ECE7D8F82C709E
:1060E000002FE3D197683A681A609A6822F47F58C3
:1060F0007A6828F03F0848EA02029A60BA6822B338
:1061000017685F609F6807EA0E08576848EA074704
:106110009F600F6817F0100FDF681DD007EA0A08AC
:10612000CF6948EA0707DF60DF6847F48027DF6050
:106130000135BFF35F8FDF68E04647F00047DF605F
:10614000DF6827F08047DF6056E75A609A6802EA06
:106150000E029A603A46DCE707EA0B084F6848EA05
:106160000707DF600F68FF07E2D5DF6827F44038D4
:106170004F6948EA0707DAE79A6822F0004245E7E4
:10618000FFFF00C00080FFFF0000FCFF38B50546A0
:106190000068D0F80042E40701D5012038BDD0F8EE
:1061A00000429BB224F0787444EA415121F4F81182
:1061B00041EA02420C4922F00C02C1F8043242F0DA
:1061C0000502C1F8002216F081FA04462B68D3F8C4
:1061D000000210F00100E1D016F078FA001BB0F5D3
:1061E0007A7FF3D9D9E700BF0080024038B5036851
:1061F0000546D3F80042FFF7BBFD114B24F4706451
:10620000984205D844F400742B68C3F8004238BDA6
:106210000C4B984202D244F44074F5E70A4B984282
:10622000F2D90A4B984202D844F48074ECE7084B48
:10623000984294BF44F4806444F4A064E4E700BF4F
:10624000BF0E160200879303FFE0F5057FD1F0082B
:106250007FB2E60E70B50446A4B0002800F0B0800E
:10626000D0F8843023B92023C0F884301FF0D5F94A
:10627000914BD3F8F42042F00202C3F8F420D3F893
:10628000F430207A03F002030193019B002840F0D0
:106290008780FFF7B7FC894B5B68236803F5805361
:1062A0001A6842F001021A6016F010FA06462368D6
:1062B00003F580531D6815F0010574D120460126B1
:1062C000FFF794FFFFF754FD7D4A23684FF48041A8
:1062D00014958DF854508DF864501A951D958DF8CD
:1062E0006C508DF88E501F95ADF880508DF882500F
:1062F0001695ADF85C500D958DF83E501C958DF8B7
:1063000030608DF84C60ADF88C608DF85E608DF873
:106310007860B0FBF2F00138C3F8DC004FF4C363DF
:10632000022018934FF040530B934FF40053CDE9E4
:1063300010134FF480330BA912932023CDE92103CE
:10634000604B20460E9340F20113ADF83C301FF035
:106350005CF84FF4001302A92046029506930893B7
:106360004FF40673ADF814508DF81C50ADF824505E
:106370000A938DF80C600496FFF728FD226802F559
:106380008052D2F8003123F4E01343F40023C2F822
:106390000031656915F0030215D0C4F888600CE07F
:1063A0004FF4000075E716F091F9801BB0F5FA7F05
:1063B0007FF67DAF0423C4F88830E023C4F884302E
:1063C000012024B070BD204650F8141B01F5805107
:1063D000D1F8083123F4FF4323F07E0343EA450359
:1063E000C1F8083111461346E66875187350183124
:1063F0006B606029AB60EB6040F8045FF4D1A3628E
:106400000321236804F1440003F58053C3F82C11E1
:106410002368E16803F58053C3F814112368E16829
:1064200003F58053C3F8201100232569A918AB5048
:1064300018324B60602A8B60CB60C1E9043340F8AE
:10644000041FF2D122680321A36502F58052C4E93A
:106450001733C4E91A33C2F830112268216902F5F2
:106460008052C2F81C112268216902F5805248311D
:10647000C2F82811626891882268C2F80013626825
:1064800011682268C2F8041321680F4AD1F80C077A
:1064900002430020C1F80C272168D1F8102742F0F0
:1064A000426242F44042C1F81027C4F888301023F9
:1064B000C4F8843085E700BF004402580004005847
:1064C00040420F00000001016000020C41B302686D
:1064D000144B90680340C868034308780343C878A6
:1064E00043EA4003087943EA8003087A43EAC00399
:1064F000487943EA0013C87943EA0023887943EADC
:106500004023887843EA80234878497A43EAC07375
:10651000481E41424141002043EA411393607047C5
:106520000120704700F8FF7F002854D02B4A936960
:1065300003F44043B3F5404F1FD1294B294A03448C
:10654000934242D9284B294A034493423FD9284BCE
:10655000984240D80020274A136823F00F030343D2
:106560001360136803F00F03984232D0136803F0EE
:106570000F03C01A18BF01207047936903F440430A
:10658000B3F5004F0ED11C4A1C4B02449A421AD953
:106590001B4A02449A4218D91A4A02449A4216D90E
:1065A0000133D5E7184A194B02449A4209D9184ACF
:1065B00002449A4207D9174A02449A4205D9164A18
:1065C000EBE70420C7E70320C5E70220C3E701206B
:1065D000C1E70346CDE70120704700BF00480258DD
:1065E000FFC4A7F7FFE0F5057FE2D3FB7F1D2C0476
:1065F000801D2C0400200052BF4C2AF6BF3B4703ED
:106600007F8871F93FC4B8FCFF6A45F53FA5AE022B
:106610003F10F4F77FB5A2FABF5A51FD10B50446FA
:10662000EDF7C8FF03480121034A16F0F2F82046AF
:106630001FF0A5FB141C0408E56A04082DE9F843C3
:10664000044600AF0D46EFF31188102383F3128840
:10665000BFF36F8F0428294AE9468AB098BF284BB8
:106660009668117C6A4694BF53F82030254BC2E9E6
:10667000073140F2013324489384244BC2E90504D6
:1066800042F8103F00234FF431512148EEF762F8F1
:10669000CD4645B1EB69C3F3080323B11D4A01217F
:1066A0001B4816F0B6F82EB130461FF02DFE08B18B
:1066B000037803B91848E9468AB06A46174BD06197
:1066C000C2E9053640F201331384154B42F8103FFE
:1066D00000234FF411510E48EEF73CF829462046AE
:1066E000CD46FFF79BFF88F31188BFF36F8F3046CD
:1066F000EEF78CFDBD46BDE8F88300BF645600246C
:1067000030270408F46A04080A6B04080500000135
:10671000141C0408326B0408026B0408536B040851
:106720000400000138B50A4B53F82040013053F8FB
:106730002050A54200D838BD606830B1037FDB0728
:1067400001D41FF024FB0834F3E723689847FAE7E5
:106750004427040870B52F4B01222F4C86B02F4DD3
:1067600003201A70FFF7DEFF01F06AFDAC4219D179
:106770002B4C04202B4DFFF7D5FF26463034AE427C
:1067800016D3274C00F0D8FF274EAC422CD300F094
:10679000E7FFECF7F9FA254A137B23F001031373A3
:1067A00006B070BD54F8043B002BE1D09847DDE7FC
:1067B00054F80C3C059354F8103C049354F8143CE2
:1067C000039354F8183C029354F81C3C019354F87A
:1067D000203C009354E90A2354E90C0100F088FDA1
:1067E00054F8303C5E65C8E7D4E90A23B3F1FF3FB3
:1067F00008BFB2F1FF3F05D052EA0301206803D180
:1068000001F06AF83034C0E73146183001F070FA10
:10681000F8E700BFE6600024141B0408541B0408BA
:10682000001A0408001A040807640308F83A002450
:1068300009480021094A08B5121A1FF0BFFA084892
:10684000084A0021121A1FF0B9FA0748074A002126
:10685000121A1FF0B3FA08BD501700241461002467
:1068600000000020000000200000002400000024A0
:1068700070B59023154E86B0012203FB00660023FD
:10688000134D044601931349CDE904230F22CDE9AA
:10689000023214234FF4A07203FB00554FF4C07072
:1068A0000D4B00FB04113046009500F021FD737B79
:1068B0000A4A23F00403EE602C7473734FF40463EC
:1068C00004FB033313446B6006B070BD683A0024C8
:1068D0006456002400CC0024D35E0308C0C3002407
:1068E000BFB50020FFF71EFF284B83F30888284D13
:1068F0000024F023274F85F82230EC772C766C7635
:10690000AC7685F820406B6A43F4E0236B62EEF7C7
:106910004DFCEEF793FD4FF0FF33AB62EB62EEF709
:1069200067FE1D4DEEF7AEFDEDF7A6FD1B4800F02E
:106930005DFD1FF018FAEDF74DFC0120FFF7F2FEA8
:106940000220FFF7EFFE00F03FFF154B15494FF413
:1069500000525D612846144B009405930123CDE954
:106960000144CDE903433B4600F0C2FC6A7B064686
:10697000284622F004026A731FF002FD2046FFF74A
:1069800077FF3A4631462846EEF738FD00CC002422
:1069900000ED00E055670108F83A0024883B002428
:1069A0006456002480CD0024B56B040838B5064C2D
:1069B000064DAC4201D3002038BDD4E90112204677
:1069C00018341FF0FFF9F4E7041500241C15002407
:1069D00038B50020054C064DAC4200D338BD2046EA
:1069E0001FF016FA0028F9DB2034F5E7A414002480
:1069F0000415002473B50C46EFF31181102585F3BF
:106A00001288BFF36F8F05695DB125602B68036144
:106A1000C3690133C361002081F31188BFF36F8F15
:106A200011E052EA030603D16FF00B002560F3E793
:106A3000CDE900230246083000F0C4FD18B9034B2D
:106A40009B681B69236002B070BD00BF64560024C0
:106A50002DE9F34104460E4600F10808EFF31187D3
:106A6000102181F31288BFF36F8F406A2169884239
:106A700038D22568AC4218D0BDB128461FF034FA90
:106A800005F118001FF078FDE2683146286928F00A
:106A90006DF800232846C5F88C301FF071FC404685
:106AA000394600F023FE002029E0E2683146206AE2
:106AB00028F05CF8236AE268102104F128001344EE
:106AC000A2699342236204BF63692362636A01334C
:106AD00063621FF00CFF0028E1D187F31188BFF338
:106AE0006F8F0CE052EA03010CD0084940468968D8
:106AF0000E613946CDE90023224600F063FD02B065
:106B0000BDE8F0816FF02200E7E700BF6456002483
:106B1000F7B50446084604F10807EFF31186102183
:106B200081F31288BFF36F8F616A00293AD0E2685F
:106B3000E16928F01BF8E369E26825681344A2695B
:106B40009342E36104BF6369E361AC42636A03F1AA
:106B5000FF33636234D02846002D32D01FF0C4F9D1
:106B600005F118001FF008FDE2682969206A27F086
:106B7000FDFF236AE26828461344A2699342236218
:106B800004BF63692362636A013363620024C5F84A
:106B90008C401FF0F5FB3846314600F0A7FD20463B
:106BA00003B0F0BD52EA030110D00A4989680861B8
:106BB00031463846CDE90023224600F003FDEFE7D9
:106BC000002086F31188BFF36F8FE9E76FF0220092
:106BD000F7E700BF645600242DE9F3410446174649
:106BE0001E46EFF31188102383F31288BFF36F8FD3
:106BF000C368334A7BB180689168884219D057EAEC
:106C0000060318D188F31188BFF36F8F6FF00F0060
:106C100002B0BDE8F081916891F90E100133216155
:106C2000E3609368A36088F31188BFF36F8F00203F
:106C3000EEE72169F2E791F90E106FF07E0290F90C
:106C40000E309942A8BF19469142B8BF11468B42F7
:106C50002DDD1FF056F90546224641461948CDE97B
:106C6000007600F0AFFC0028E1D0EFF3118610238E
:106C700083F31288BFF36F8FA068D0B123682169B6
:106C80009C420AD04BB193F90E309942A8BF1946E5
:106C90006FF07E039942B8BF19461FF032F940B138
:106CA0003146084800F022FD6FF00A00B0E70025E9
:106CB000D2E7002DF4D186F31188BFF36F8FF3E78D
:106CC00064560024E7600024F8B583680546002B6D
:106CD00040D0234A926893423FD1C368012B03D925
:106CE000013BC3600020F8BDEFF31187102383F34D
:106CF0001288BFF36F8F016980681FF002F92C685A
:106D0000AC4207D10023C5E9023387F31188BFF3F2
:106D10006F8FE7E7002CF5D0002604F11800D4E9C6
:106D2000003213605A60637BA66023F00203C4E95B
:106D3000006663731FF020FCAC6094F90E302046AF
:106D40002B61C4F88C601FF01BFB3946054800F02E
:106D5000CDFCC7E76FF01500C5E74FF0FF30C2E785
:106D600064560024E760002437B5EFF31185102145
:106D700081F31288BFF36F8F04689CB123680121EF
:106D8000426823F003039442036008BF4360204637
:106D90001FF042F9044685F31188BFF36F8F204638
:106DA00003B030BD52EA0301F5D02946CDE90023F6
:106DB00000F10C02083000F005FC0028EFD1024B76
:106DC0009B681C69EBE700BF6456002470B5EFF3C5
:106DD0001186102383F31288BFF36F8F0468A042DB
:106DE0001BD0D4B1002504F11800D4E9003213609F
:106DF0005A60637BA56023F00203C4E90055637306
:106E00001FF0BAFB2046C4F88C501FF0B9FA314687
:106E10000B48BDE8704000F069BCD0E902320221A5
:106E200010309A4218BF013340F8083C1FF05FFD54
:106E30000028ECD186F31188BFF36F8F70BD00BFBF
:106E4000E860002413B5EFF31181102484F3128855
:106E5000BFF36F8F846844B1013C846081F3118873
:106E6000BFF36F8F002002B010BD52EA030406D1B9
:106E700081F31188BFF36F8F6FF00F00F3E7CDE957
:106E800000230246014800F09DFBECE7E860002487
:106E90002DE9F8430546EFF31188102383F3128898
:106EA000BFF36F8F00266FF00A0937462C68A542A2
:106EB00016D0ACB104F118000126D4E900321360F9
:106EC0005A60637BA76023F00203C4E90077637311
:106ED0001FF052FB2046C4F88C901FF051FAE5E7F2
:106EE0000023022105F11000AB601FF000FD30B956
:106EF0002EB988F31188BFF36F8FBDE8F883414640
:106F00000248BDE8F84300F0F1BB00BFE860002490
:106F10002DE9FF41044610274E4EEFF3118887F309
:106F20001288BFF36F8FD4F89450F5B9022104F1A1
:106F3000AC001FF0FBF8002868D004F1A405002283
:106F4000012128461FF0BCFA0028F8D100234FF099
:106F5000FF324146404802934FF0FF33CDE9002312
:106F600004F19C0200F0B4FDD7E7D4F898202B6818
:106F70009542C4F8943008BFC4F89830D4F8AC30C7
:106F800043F00203C4F8AC30EB6823F0040343F091
:106F90000103EB606B6888F31188BFF36F8F28469D
:106FA0009847EFF3118887F31288BFF36F8FEB6870
:106FB000D80623F0010236D4EA60EB689A0716D5AA
:106FC00023F002033068EB6088B10368002170B1E0
:106FD0004268954235D1036869BB7268336082426A
:106FE00000D17360002340F8083BFFF7EFFED4F8B0
:106FF000AC3023F00203C4F8AC3088F31188BFF33F
:107000006F8FDB0589D400F0E7FB86E7D4F8AC305E
:10701000D9069BD5C4F8AC0088F31188BFF36F8FF5
:1070200004B0BDE8F08123F01103EB6005F110001E
:10703000FFF7CCFEC1E70B607368834208BF716045
:10704000D0E723B11A68014618461346BFE71A462F
:10705000F9E700BF84560024E9600024F8B5C3684E
:1070600004460F469A07C3F340062DD45B071BD492
:107070000B680BB983680B60E368DD0745BFA36845
:10708000022601263B603D68002D3CD01F4B9A68CC
:10709000D5F890309A420AD0D5F8AC30D807C3F36F
:1070A000800214D46FF0120600233B6025E01FF02D
:1070B00022F9D5F8AC300028F0D1D907C3F3C002CB
:1070C000F0D552B15B0708D46FF00F06ECE7002A49
:1070D000FAD1C3F3C003002BF6D100232360D5F807
:1070E000983063B9C5E9254428461FF039F8E368AC
:1070F00043F00403E3603B68A3603046F8BD1C60C6
:10710000C5F89840F0E76FF01506CDE76456002407
:10711000014601481FF0A7B8383C0024F0B50446EA
:10712000002089B0C4E9250004F19C000E9DC4E94B
:10713000270004F1A400C4E9290055B328790028E8
:1071400040F2011008BF0120C4F8AC0000204FF04D
:10715000FF364FF0FF370094CDE90330CDE9010051
:107160000D4B2046CDE9066700F014F955B12968AA
:1071700011B120461FF0C5F86B791BB1237B43F09A
:1071800001032373204600F0A7FBC4F8904009B028
:10719000F0BD0120D8E700BF116F010837B501909D
:1071A0000846EFF31184102181F31288BFF36F8F2B
:1071B000C16811F01E0F17D153EA020508D101A9C9
:1071C000FFF74CFF84F31188BFF36F8F03B030BD1E
:1071D00041F00801103040F8041C01998161034915
:1071E00000F086FD0120EDE70020EBE7D561030804
:1071F000F7B50C4616461D460190EFF31187102394
:1072000083F31288BFF36F8F08461EF09AFF55EA8A
:10721000060309D101A92046FFF720FF87F3118853
:10722000BFF36F8F03B0F0BDE3683246064904F147
:10723000100043F00803E360019BA3622B4600F0BB
:1072400057FD0120EAE700BFD56103080146014868
:10725000FFF7CEBF383C002438B5EFF3118510237B
:1072600083F31288BFF36F8F0468A04213D094B1E8
:1072700020461FF02FF804F118001FF07DF90023BD
:107280002046C4F88C301FF07BF82946044800F0F3
:107290002DFA002038BD85F31188BFF36F8FF8E712
:1072A000EA6000242DE9F34105460C4617461E46C8
:1072B000EFF31188102383F31288BFF36F8F084612
:1072C000FFF702FD2A4641460848CDE9007600F066
:1072D00079F905464FF0FF324FF0FF332046FFF7B4
:1072E0007BFC284602B0BDE8F08100BFEA600024C4
:1072F00007322DE9F04322F0070285B00E461F4603
:10730000109900F158037F3204460173042122F0E2
:107310003F0206F1400941733F2AA2F14008C0E94B
:1073200016334FF0000383600F98E373A073C4E932
:10733000063305D883F31188BFF36F8F084602DF49
:10734000B51820462946EDF7D9FC07300E9B31468B
:1073500020F00700C4E91D98E0672D1A029320462B
:107360000D9B2A4601930C9B00933B46EEF718F8C1
:107370000023636584F87030054B9B680BB1D3F82C
:1073800080302846C4F8803005B0BDE8F08300BFE7
:1073900064560024F0B5002587B004460595109D7D
:1073A00004950F9D03950E9D02950D9D01950C9DD5
:1073B000DDE912760095FFF79BFFB6F1FF3F08BFAE
:1073C000B7F1FF3F05D056EA070305D1204600F08C
:1073D00083FA204607B0F0BD3A46334604F1180060
:1073E000014900F085FCF4E70764030840F201134B
:1073F0008381002310B5C0E91D33044600F012FF5D
:10740000014B9C6010BD00BF645600240A4A6FF017
:107410000A019368C3F88C100849C3F888004B68C8
:1074200043F080534B60002383F31188BFF36F8FC9
:107430009368D3F88C0070476456002400ED00E098
:1074400070B590F90D20437B002A36DBD90634D184
:107450001B4C63F07F0322464373E16952F8183FE7
:10746000934207D1C0E900210860E06111E0994230
:10747000F8D01B68002BF5D090F90E5093F90E60F0
:10748000B542F4D0AE42F2DD5968C0E9003108607F
:107490005860A569954200D005B9E568A3685A7B94
:1074A000D20604D1DA897F2A01D9AA6932B1AB4266
:1074B00002D0284600F04CFB656170BD6361FCE7BB
:1074C0006456002438B590F90D200146437B002A0C
:1074D00004DA03F07F0343731EF018FF0D4D2A46B4
:1074E000AB6852F8184F944200D004B9EC688B4254
:1074F00007D05A7BD20604D1DA897F2A01D9A26942
:107500002AB1A34202D0204600F022FB23466B6141
:1075100038BD00BF64560024B3F1FF3F08BFB2F18D
:10752000FF3F03D00249183000F0E2BB704700BFB4
:107530000764030870B590F90D200146437B002ACB
:1075400004DA03F07F0343731EF0E0FE4B7B1C4C18
:1075500063F07F0322464B7352F8183FE069934271
:1075600007D1C1E900200160E16111E09842F8D043
:107570001B68002BF5D091F90E5093F90E60B542BF
:10758000F4D0AE42F2DD5868C1E9003001605960C4
:10759000A569A368954200D005B9E5688B4207D07C
:1075A0005A7BD20604D1DA897F2A01D9AA692AB185
:1075B000AB4202D0284600F0CBFA2B46636170BD87
:1075C00064560024F8B50E4B0C4611460D4A9868D7
:1075D000DDE906671060EFF31182102282F3128852
:1075E000BFF36F8F9D6828461EF0A2FE28463246E4
:1075F0003B46FFF791FF2046BDE8F840FFF706BF86
:10760000645600248C560024F8B50446EFF3118725
:10761000102383F31288BFF36F8F437B49B203F0CB
:107620001F02002A0CBF0126002639D103F07F0378
:107630002D4D43731EF06AFE437B2A46817363F02F
:107640007F03437352F8183F934227D1E869C4E996
:1076500000200460EC610FE09842F8D01B68002B1A
:10766000F5D093F90EC06145F6D08C45F4DD59682C
:10767000C4E900310C605C60AC69944200D004B98C
:10768000EC68AB689C4202D0204600F061FA6C6165
:1076900087F31188BFF36F8F3046F8BDE869DEE7E6
:1076A0009B071ED585681EF031FE81732B689D42B5
:1076B00009D16B68C4E900531C606C60E8E76A6834
:1076C0009342F6D01B68002BF3D093F90E20914221
:1076D000F5D08A42F3DD5A68C4E9003214605C6078
:1076E000D6E78173D4E700BF6456002449B9EFF3AD
:1076F000058030B9054B5A699B689A4201D0FFF763
:1077000085BE81F31188BFF36F8F704764560024E4
:10771000034648B9EFF3058232B9064A51699268C7
:10772000914201D0FFF772BE83F31188BFF36F8FD0
:10773000704700BF64560024EFF31181102383F3D8
:107740001288BFF36F8F054B9A68D37B013BD373CD
:1077500081F31188BFF36F8F704700BF6456002418
:1077600070B5EFF31186102383F31288BFF36F8F88
:10777000144DAB68DA7B0132DA732A4652F8184F9F
:10778000944200D004B9EC685A7BD20604D1DA895D
:107790007F2A01D9A2692AB1A34202D0204600F073
:1077A000D7F923466B6186F31188BFF36F8FEFF330
:1077B0001180102383F31288BFF36F8FBDE87040F0
:1077C000FFF7A6BF64560024024B03F11802C3E979
:1077D000062270476456002470B5EFF3118610231B
:1077E00083F31288BFF36F8F1B4CA168E0690B68AD
:1077F000814214BF1A46002249680B605960A36891
:10780000E1692AB9154AC3E900210B60E3610CE084
:1078100093F90E0092F90E50A84218D0854216DD59
:107820005168C3E900210B605360A5690B4B9D4271
:1078300000D005B9E568A3689D4202D0284600F053
:1078400087F930466561BDE87040FFF7DFBD8A42C9
:10785000D8D01268D5E700BF645600247C560024B7
:10786000F8B550EA010306460C4603D1FFF7B4FF12
:107870000020F8BDEFF31187102383F31288BFF3C4
:107880006F8F124D124BA8681860FFF71BFEA86897
:10789000234632460F49183000F02AFAAA680446F7
:1078A0003846537B43F004035373FFF7AFFDAB68D7
:1078B000D3E90A23B3F1004F08BF002AD8D11EF044
:1078C0009FFE201A20EAE070D3E700BF6456002430
:1078D0008C5600240764030838B50446EFF311857D
:1078E000102383F31288BFF36F8F437B5B070FD5A1
:1078F00018301EF041FE637B204623F004036373BF
:10790000FFF79EFD29460548BDE83840FFF7EEBE6B
:1079100085F31188BFF36F8F38BD00BFEB60002483
:10792000014B9868704700BF645600242DE9F84366
:107930000446077BEFF31185102383F31288BFF30E
:107940006F8F437B190705D585F31188BFF36F8FC0
:10795000BDE8F883D90943F008025AD14273A368FD
:1079600013B120461EF0DAFC04F1180004F15808A7
:107970001EF002FEA66DB04511D04FF0000976B1A1
:1079800030461EF0CBFC06F118001EF0F5FD304627
:10799000C6F88C90FFF754FDA66DB045EFD1DFF827
:1079A000B880D8F808309C423BD1EFF30589B9F193
:1079B000000918BF4FF00109D8F81860274A96420D
:1079C00000D00EB9D8F80C60B34202D0304600F0B7
:1079D000BFF8C8F81460B9F1000F02D02048FFF7D3
:1079E00005FDD8F808309C4231D1EFF3058373BB15
:1079F000227BD20718D42846FFF708FDFB07A7D53E
:107A0000002383F31188BFF36F8F0423184602DF2E
:107A10009EE703F07F0343F0080343731EF076FCF8
:107A20009DE74FF00009C7E785F31188BFF36F8F1B
:107A300083F31188BFF36F8F0423184602DFEFF33F
:107A40001180102383F31288BFF36F8FD4E785F37F
:107A50001188BFF36F8FD1E7645600247C56002451
:107A6000883B0024F8B5014615461C46EFF3118605
:107A7000102383F31288BFF36F8F437B1B0718D447
:107A800052EA04031BD0114FB86888421AD000F1A3
:107A900058038A689A4215D058311EF049FCB868DC
:107AA0002A462346FFF738FD3046BDE8F840FFF789
:107AB000ADBC002086F31188BFF36F8FF8BD6FF067
:107AC0000F00F7E76FF02C00F4E700BF64560024C6
:107AD000D3B5DDE90667089CCDE90067FFF772FDC5
:107AE0001CB1034B9B681B69236002B0D0BD00BF73
:107AF00064560024044B0122C01A044BC0105843A2
:107B0000034B1A54704700BF183C0024ABAAAAAA22
:107B1000EC600024C3897F2B12D80A4B1B6863B129
:107B2000094B90F90E201B689A4209DB437BDB0668
:107B300006D1064BC31A18BF012303F0010070479A
:107B40000023FAE79413002490560024683A002496
:107B50000E4B70B51E7C05460D4C06EB460304EB40
:107B6000C30420461EF008FD0A4B002228469A5501
:107B7000FFF7D0FF48B1084B204608491A68013A80
:107B8000BDE87040D31700F0B3B870BD6456002450
:107B9000183C0024EC60002494130024F57A0108BA
:107BA00038B5EFF31185102383F31288BFF36F8F7D
:107BB000104B114A9C681068A04206D1FFF7C8FF1D
:107BC00085F31188BFF36F8F38BD00211B7C1160D6
:107BD0000A4AD35C002BF3D02046FFF79BFF002816
:107BE000EED0637BDB0602D12046FFF7A3FC2046E4
:107BF000E4E700BF645600248C560024EC600024A7
:107C00000C480D4A0D49121A08B51EF0D9F80C4857
:107C10000C4A0D49121A1EF0D3F80C4A0C490D48B3
:107C20001EF0CEF80C480D4A0D49121ABDE8084066
:107C30001EF0C6B80000002450170024688704080E
:107C400000000024000000246887040800000000F1
:107C500068870408000000240000002000000020C5
:107C6000B89E0408024B1868984208BF002070476D
:107C700098130024034B1B680BB9FBF72FB80020A7
:107C8000704700BF9456002430B570B10B4B5B6851
:107C900098420AD0036843B1D3E90421D0E90445EE
:107CA000121941EB0501C3E90421D0E90032136048
:107CB0005A600023C0E9003330BD00BF9813002490
:107CC00070B50A490246FFF7CDFF034600204D6814
:107CD000014603B970BDD3E90446001941EB060122
:107CE0009342F7D09D42F5D01B68F2E79813002429
:107CF000B3F1FF3F08BFB2F1FF3F2DE9F84F044653
:107D0000994615461F467AD08160EFF311881023FB
:107D100083F31288BFF36F8FB9F1000FDFF8E4A08F
:107D200020DBFFF7A7FF0135064649F100092D18B2
:107D3000DAE9002749EBE0734FF00109C4E9045385
:107D4000AD1843EB0707FFF78DFFDFF8BCE00346F4
:107D5000DEF804A0EBB9C4E900EACAF80040CEF8A6
:107D6000044028E0DAE900126FF001035B1A4FF0DB
:107D7000FF3161EB02025B1B62EB0902012B4FF04A
:107D8000000972F10001BCBF01230022C0E90432E6
:107D9000D9E7D3E9041CD4E904208A4270EB0C0B28
:107DA00024DA891A5A686CEB0000C3E90410C4E9AC
:107DB000003214605C60FFF755FF84420ED1134B14
:107DC0001B685BB9B9F1000F02D1FFF753FF0646FC
:107DD00030461EF0BAFB0021FAF702FF88F3118843
:107DE000BFF36F8F28463946BDE8F88F521A60EB13
:107DF0000C009A45C4E90420ADD01B68AAE7002511
:107E00002F46EFE7303C00249813002494560024BA
:107E10002DE9F047EFF31185102383F31288BFF3A8
:107E20006F8FDFF8A4900026DFF8A0800027C9F844
:107E30000000FFF717FFD9F80030D8E900ECD91798
:107E400050B1D0E90442A34271EB020A1CDAE41AF1
:107E500062EB0102C0E9044213EB0E034FF0000491
:107E60004CEB01012046C9F80040C8E900311EF082
:107E70006CFB2146FAF7B4FE85F31188BFF36F8FD0
:107E8000BDE8F047FFF78CBE14EB0E024CEBE47339
:107E9000C0E90467C8E90023FFF7F6FE85F31188FF
:107EA000BFF36F8F83689847EFF31185102383F337
:107EB0001288BFF36F8FD9F800301B1BC9F8003050
:107EC000FFF7D0FEB7E700BF94560024303C0024F3
:107ED00010B5EFF31184102383F31288BFF36F8F73
:107EE000FFF7C8FE054A0346D2E90001181841EB26
:107EF000E37184F31188BFF36F8F10BD303C002411
:107F0000F8B50546EFF31187102383F31288BFF30A
:107F10006F8F036823B187F31188BFF36F8FF8BDAC
:107F2000D0E90A46611C46F10002022972F1000202
:107F300036D3012C76F10002BCBF01241E46013C61
:107F400046F1FF361EF060FB013041F100010019DF
:107F500046EB0101012871F1000130DB1EF054FBFA
:107F600001306FF0020341F10001001946EB0101FD
:107F700083426FF000438B4126DB1EF045FB01304E
:107F80006FF0010241F10001001946EB0103121AE2
:107F90004FF0FF3161EB03031C492846FFF7A8FEB1
:107FA0002B6B01332B632B6A93B93C462B4653F85A
:107FB000185F9D4200D0D5B984F31188ADE76FF00A
:107FC00001024FF0FF33E7E700224FF00043E3E701
:107FD00087F31188BFF36F8F2B6A28469847EFF31A
:107FE0001184102383F31288BFF36F8FDEE72846D6
:107FF0001EF0D5F90023C5F88C3084F31188BFF347
:108000006F8F2846BDE8F8401EF0BAB9017F01081D
:108010002DE9F04105461C4690461F46EFF31186B8
:10802000102383F31288BFF36F8FB4F1FF3F08BFB3
:10803000B2F1FF3F05D186F31188BFF36F8FBDE822
:10804000F081002C09DB012A74F10003BCBF01227E
:10805000002412F1FF3844F1FF3728461EF08CFA55
:10806000002342462B633B46DDE90601C5E90A01D0
:1080700028460249FFF73CFEDDE700BF017F01080B
:108080001423F0B503FB01000024144E102701B99E
:10809000F0BD10F8073CA0F1140C40F80C4C03F0B4
:1080A0003F03102B0CD826FA03F3DB0708D550F852
:1080B000143C2BB150F8105C2B605D6040E9054426
:1080C00082F31188BFF36F8FEFF3118287F3128869
:1080D000BFF36F8F01396046D9E700BF1601010079
:1080E0002DE9F74F1D46274B164680469F68012312
:1080F00087F8603087F8613052EA050307F16002C3
:108100000CBF012300231EF019FB8146EFF3118BF6
:108110004FF0100A8AF31288BFF36F8F97F8604010
:108120004CB901465A464046FFF7AAFF8BF3118827
:10813000BFF36F8F0BE0002387F8603056EA05032A
:1081400009D18BF31188BFF36F8F6FF00A042046BB
:1081500003B0BDE8F08F0C4A59460C48CDE90065E4
:10816000FFF730FA0446EFF311858AF31288BFF364
:108170006F8F2A4649464046FFF782FF85F31188F4
:10818000D6E700BF64560024A0130024ED6000244D
:108190002DE9F743002600F10C080096EFF3118952
:1081A000102484F31288BFF36F8F8568694005EA55
:1081B00002070A400C4955406A46856001951EF049
:1081C000A2F9009C44B12046C4F88C60A566002149
:1081D000646E1EF0F5F8F5E740464946FFF786FA6B
:1081E000384603B0BDE8F083AF6903082DE9F041DC
:1081F00005460E4617461EF07EF830B9074B9B68C1
:10820000D3F8804014B9BDE8F081054C3B463246B6
:1082100029462046BDE8F0411EF0F1BB645600241B
:1082200004150024014BC0F8803070470415002469
:108230000146024A0020FFF7D9BF00BF1FBF020856
:10824000014813F09EBF00BFBD6B0408074B07B584
:108250004FF48052009306494FF0FF330548FEF774
:108260005DFF002003B05DF804FB00BF5C2704083D
:10827000C0ED0024383C0024F0B5D0E9012383B0E0
:108280009B1AB1EBE30F03D30026304603B0F0BDD9
:1082900004460D4652F83100CF001DF065FD06463C
:1082A0000028F1D063681F4453F835003C79056914
:1082B000836801A95B6898470028E6D1019A0123E9
:1082C0002968A3404A401A4214BF012600263046BE
:1082D00003B0F0BD2DE9F0410D46D0E901135B1A62
:1082E000B5EBE30F01D3BDE8F0810446164651F823
:1082F0003500EF001DF038FD0028F4D0636801213F
:108300001F4453F835003B79994003691B681942B3
:1083100018BF86F0010626B18368BDE8F041DB682E
:1083200018478368BDE8F0411B691847154A0023C8
:1083300070B5026004460E46D1E90025C0E901335C
:10834000AD1AC36019D0104B9D4218D8284607F0CB
:1083500019F903461D446360A360E560D6E9001087
:108360008142A0EB010504D018462A4626F00CFCF9
:1083700003462B442046A36070BD2B46EAE70AF073
:1083800081FD00BFD0270408F8FFFF7F2DE9F843E7
:10839000D0E901239A4240D00546002401262BE073
:1083A0006A68D31952F834001979DA8812F0010F8B
:1083B00082F4D013D0F810C006FA01F808BF42F4D6
:1083C000B013D0F80890DCF800E013F0010F23F4AC
:1083D00080122EEA080318BF48EA0E03CCF80030DA
:1083E000D9F80030984700286A6819DBAB68013477
:1083F0009B1AB4EBE30F10D252F83400E7001DF0E3
:10840000B3FC0028CCD16B68214609483B441A795B
:1084100013F0B7FE0020BDE8F8830120BDE8F88323
:108420003A44034621460348127913F0AAFEF1E7C5
:10843000682704089427040830B595B00C46054613
:10844000422200210DF10E0026F0B8FB22792068AF
:10845000611D082A8DF80C20029004A894BF002307
:1084600001239B008DF80D3026F080FB6868002406
:1084700000234FF47A7202A9CDE90044F7F7AAFB72
:10848000031E02DB012015B030BD044A012104485F
:1084900014F0C8F9204615B030BD00BFE02704082D
:1084A000A41B04081369FBB1104B30B593B00D4603
:1084B0001B78144600213F220DF106008DF805308F
:1084C00026F07CFB2A792B6805F108010DF10500E7
:1084D0008DF80420009326F049FB6369694604F196
:1084E0000800984713B030BD704700BFC427040888
:1084F000F0B587B00023044602AD0293D1E90267CC
:108500006B6026B18B60CB6003C985E8030095E8FA
:1085100003006A4604F1080382E8030093E80300BD
:1085200085E8030092E8030083E803002369626999
:1085300026610493676105921BB1032229462846F0
:1085400098470023A16999420293C5E9013303DBEF
:1085500060688368DB6998472B4622460849606853
:10856000F7F7A6FB0028A06101DB07B0F0BD054AC4
:1085700003460121044814F055F907B0F0BD00BFCF
:10858000A5840108F4270408A41B0408002210B4E1
:10859000C0E90112044C4FF0FF31046010BCC0E987
:1085A0000322C0E9052170476828040870B5044615
:1085B0000E4640681DF0D8FB78B1054660688368B8
:1085C0003146DB689847031E0FDB606883685B6891
:1085D0009847031E0FDB284670BD0A4A01210A484E
:1085E00014F017F90025284670BD084A01210648F5
:1085F00014F018F9F6E7064A0121034814F012F9BD
:10860000F0E700BF14280408A41B04082C28040861
:108610004828040801F10C00FEF77ABD836913B104
:10862000C36910301847704770B586B00024024601
:1086300002AB0294D1E902565C6025B18C60CC603B
:1086400003C983E8030093E80300EE4602F1280C17
:108650008EE803009CE8030083E803009EE8030023
:108660008CE80300146B516B1563049456630591F9
:108670001CB1032219461846A04706B070BD00BFC2
:1086800010B4034600228446064C03C94CF8044B40
:108690008CE803009A6218465A63C3E90B2210BCA7
:1086A000704700BF2C290408F8B5044640681DF047
:1086B0005BFB00284ED005462E4904F118001DF042
:1086C000A7FD63896068217A43F4803EDB078768F1
:1086D00006693AD44FF0010C33680CFA01FC23EA26
:1086E0000C03336072463B689847011E3EDB6068AE
:1086F000217A836802699E69002E31D00127D2F861
:1087000000C04FF0A07207FA01F313EA0C0F14BF78
:108710004FF000734FF08063B047011E22DB164B11
:1087200004F10C06217A2361606807FA01F36361A2
:108730008368DB691BB131463A469847217A6289E2
:108740000E4813F01EFD2846F8BD012332688B4009
:108750001343C6E70A4813F014FD00252846F8BD68
:108760006FF05701074813F00CFDF6E7064813F0C9
:1087700008FDF2E71D86010815860108F82804089F
:1087800084280408CC280408A42804082DE9F0470C
:10879000CC6882B08046002C3AD001F10807D2E9BB
:1087A000009A3E46D4E9040555452A4628BF52465C
:1087B0001AB1494626F01CFA08B9A5EB0A000028B0
:1087C000D4E9023220DB26461C46002CEAD1B7420F
:1087D0001ED0D6E9041555452A4628BF52461AB17F
:1087E000484626F005FA08B9AAEB050000280FDB79
:1087F000FF2388F8183096F84030042B75D8DFE84E
:1088000003F0201C0E4525001446002CCAD1DEE7DB
:108810000023404688F81C3002B0BDE8F087B36AF8
:10882000C8F8003096F840200123404688F8182008
:1088300088F81C3002B0BDE8F087B36AC8F8003091
:10884000F0E796F8283088F80030EBE7D6E90A35EB
:10885000ED1A00239D42C8F80030C8F80430C8F86B
:10886000083004D03FDB284606F08CFE0446254441
:10887000C8F80040C8F80440C8F80850D6E90A1300
:108880005D1A28D12C44C8F80440CBE708F1080051
:10889000C8F80000D6E90A540F2C019409D8012C1D
:1088A0001ED12B7888F808300023C8F804400355FF
:1088B000B8E7002201A940460EF022FE019BC8F84D
:1088C0000000C8F808302246294626F04FF9019CDE
:1088D000D8F80000E8E72A46204626F055F9D1E707
:1088E000002CE1D0EFE70AF0BDFA00BF2DE9F0411E
:1088F0000B7E88B00C460568042B5FD8DFE803F0D8
:10890000564E46035E002B7E032B00F0A6804E6879
:1089100003AF0DF104080C680F2ECDE9006700F2DB
:108920002981012E40F0218123783A468DF80C30C0
:1089300000230296935503238DF81C302B7E032BC6
:1089400000F0EE80022B00F2308105F10800FF23D9
:108950002860019A2B76BA4200F01E812A60DDE978
:108960000231A96003216B600022019729769DF8EE
:108970001C300292022B8DF80C201CD98B421AD08D
:1089800003993846C91B1EF05CF814E02B7E022BBD
:1089900038D10B682B6008B0BDE8F0812B7E012B2D
:1089A0003AD10B682B6008B0BDE8F0812B7E002B1C
:1089B00059D10B782B7008B0BDE8F0812B7E042BC9
:1089C00034D0D1E90026B61A002E00F0E280C0F2C1
:1089D0003981304606F0D6FD07460644D4E9001436
:1089E000641A02D0224626F0CFF82B7E3C44042B9A
:1089F00070D0022B00F2E2800423AE60C5E900745F
:108A00002B76D8E7042B00F24081DFE813F03C001E
:108A10003C003E0133007900042B00F23681DFE890
:108A200013F042003401420039006700A942C2D06D
:108A30002868AB68D1E900721B1AD61B9E4200F26F
:108A4000D580D5F804C0ACEB00039E4200F2C18093
:108A5000002E40F00B816860ADE7284608B0BDE805
:108A6000F04124F04CBE013B032B51D8DFE803F06A
:108A70002B2B22502B4653F8080B984203D0A968A1
:108A800001311DF0DEFFFF2302222B7623682A76B8
:108A90002B6090E72B4653F8080B984203D0A96847
:108AA00001311DF0CEFFFF2301222B7623682A76A9
:108AB0002B6080E72B4653F8080B984203D0A96837
:108AC00001311DF0BEFFFF2300222B7623782A768A
:108AD0002B7070E72868A9686C602F60AE60002872
:108AE0003FF469AF091A08B0BDE8F0411DF0A9BF15
:108AF00028680028D7D0A968091A1DF0A2FFD2E77C
:108B000028680028BFD0A968091A1DF09AFFBAE7A3
:108B100028680028D7D0A968091A1DF092FFD2E76B
:108B2000019B2868BB427DD005F108022B60904272
:108B300000F08A80029AAB686A60039AAA600028F3
:108B400000F08680019003930023029303709DF848
:108B50001C30022B7FF62FAF032B01985AD00399BC
:108B600000283FF428AF091A0DE7002E40F08B8053
:108B70003A46DDE60022694640460EF0C1FC009B05
:108B8000019003933246214625F0F0FFDDE90062B3
:108B9000CEE6374634462CE7029B5A1C3FF4E2AE41
:108BA000394625F0E3FF029BDCE6286800283FF405
:108BB000CCAEA968091A1DF044FFC6E62B4653F84F
:108BC000080B98423FF418AFA96801311DF039FF36
:108BD00012E7002B3FD1F918521A01D130443AE77D
:108BE000604625F0D1FF2868304434E7002E29DBA9
:108BF000304606F0C7FC39463246044625F0B6FF3B
:108C0000286818B1A968091A1DF01BFFA0192C606B
:108C1000A86020E7B8423FF4CEAE039901311DF0C1
:108C200010FFC8E6454514D0029A32B1012A24D07B
:108C3000394625F09BFF029A286800236A60835416
:108C4000019881E70AF00EF9029B6B60039BAB6011
:108C50000197384678E71A46394625F095FFD5E959
:108C6000000CD4E90072ACEB0003B4E7324639469D
:108C700025F08AFF28683044EDE69DF80C3003703B
:108C8000029A2868D9E738467CE700BF2DE9F04F03
:108C9000D0E900A993466FF07843A9EB0A0283B0AC
:108CA000B3EB221F00F09D8017110D460C46804645
:108CB000CA4514BF39460121A5EB0A027F1876D2B6
:108CC000002F40F0898010233E4616EB020C14D092
:108CD0000021B150DBF80C20CCF80C20DBF8082088
:108CE000CCE901114AB1CBF80810CBF80C10CCF844
:108CF00008209BE803008CE80300554565D0DAF8AE
:108D00000830002E5ED11BB10322514650469847D1
:108D100052463346103203F1100CAA4213D0936826
:108D20000021D068CCE90011CCE902102BB1CCF8BD
:108D3000083092E803008CE8030010326346AA4230
:108D400003F1100CEBD14A4503F1200320D0A9EB2D
:108D5000050500221D44D4E902C1C3E90022C3E98C
:108D60000221BCF1000F05D0C3F808C094E803004D
:108D700083E8030010331034AB42ECD1BAF1000F9A
:108D800007D1C8F80870C8E9006503B0BDE8F08FE6
:108D90001D46D8F808105046A1EB0A011DF051FEFF
:108DA000C8F80870C8E9006503B0BDE8F08F0E4F41
:108DB0003846019206F0E6FB019A0646074400F1A8
:108DC000100382E7B4465246AAE7CA45BFD11D4602
:108DD000BAF1000FD5D0DCE7BB4228BF3B461F01EC
:108DE000E6E702480AF09EF8F0FFFF7F3829040802
:108DF0002DE9F04F83B08C688B4681460192A4B375
:108E0000019BD3E9008A00E014466669554627694C
:108E10004046B245394628BF35462A4615B125F0A9
:108E2000E7FE08B9AAEB06000028D4E90221B2BF88
:108E300001210A460021002AE6D1B9B9A3468DB125
:108E40002A464146384625F0D3FE58B100284FF057
:108E500000034846B4BFC9E9003BC9E9004303B079
:108E6000BDE8F08FA6EB0A00F0E70C1DDBF80C3034
:108E70009C420ED02046A3461DF0CAFF019B04462B
:108E8000D0E90476D3E9008AB245554628BF354675
:108E9000D5E700234846C9E9003403B0BDE8F08FA8
:108EA0002DE9F04F1E4689B0074644200D4606F0D6
:108EB00069FB336800F1180800F110020446C0F89D
:108EC00010800192D3E900960F2E069600F2998049
:108ED000012E4DD199F800304246037607F104097E
:108EE00000236661A945935523642E4684F84030DB
:108EF000C4E90A33C4E90C33C4E90E3384F82830DA
:108F000000F08E80D4F814A06B692269D3469A458C
:108F1000019228BF9B462A690292BBF1000F2CD018
:108F20005A460393DDE9010125F062FE0028039B08
:108F300002D1AAEB0302002AC0F287805A460393AB
:108F4000DDE9011025F054FE039BD0B10028039306
:108F50001CDB0198804503D0A16901311DF071FD32
:108F6000204644211DF06DFD304609B0BDE8F08F6C
:108F7000002E40F0B1804246B0E7AAEB0302002A7F
:108F800063DBA3EB0A0003930028E2DA3A69AA4202
:108F900000F0A08028461DF037FF42690169524564
:108FA0000492039B28BF5246059022B1019825F0F8
:108FB0001FFE039B10B9049AAAEB02000028C0F21E
:108FC000838004F11002394606A8FFF711FFDDE99E
:108FD0000656002E5AD0281E18BF0120B14508BFE2
:108FE00040F00100002855D04B4632462146264627
:108FF0001DF010FF7B69304601337B6109B0BDE88D
:10900000F08F002206A910300EF07AFA069B20613C
:10901000A3613246494625F0A9FD069E22695DE717
:109020007B69002BCDD03E696569D6F814A0AA45AE
:10903000524628BF2A4632B32169306925F0D8FD4F
:1090400008B30028BDDA0020C8E7FB68AB42C2D0F5
:1090500028461DF0DDFE83465246D0E904039A45BA
:1090600028BF1A462AB10199029325F0C1FD029B3F
:1090700008B9A3EB0A000028A3DADBF80C30002BB8
:10908000A9D15E46DFE7AAEB0500DAE723692E46A1
:1090900001935EE72369D4F814A00193D346D6E97F
:1090A00004239A45029228BF9B46BBF1000F07D0CC
:1090B0005A460393DDE9010125F09AFD039B08B9A7
:1090C000AAEB0300C00F8FE7EA68002AEDD0059EE7
:1090D000012089E700257EE740469AE72DE9F04F19
:1090E000031D87B0C46881460E46174600F1080587
:1090F0000393A4B3AB460F460295D1E900A84646B8
:1091000090466569B5422A4628BF324622B151468B
:10911000206925F06DFD00B9A81B0028D4E90221C3
:1091200070DBA3461446002CEBD1029D4346B046AB
:109130003E465D451F4613D0DBF8144044452246A9
:1091400028BF42462AB15046DBF8101025F050FDEA
:1091500008B9A8EB0400002802DB05AC0BE0AB4625
:1091600004AB05AC59460398009323462B4A059659
:10917000FFF796FE83460BF128032046394609F196
:1091800020090593FFF7B2FBD9F80440B4B3C846F1
:10919000D6E900ABD4E904055D452A4628BF5A4606
:1091A0001AB1514625F024FD08B9A5EB0B000028A3
:1091B000D4E902322BDBA0461C46002CEAD1C14583
:1091C0001CD0D8E904145C45224628BF5A461AB17F
:1091D000504625F00DFD08B9ABEB040000280DDB6F
:1091E000D8E90A45A54209D0A368A3B1E36820469F
:1091F00010343A4631469847A542F5D1012007B0D0
:10920000BDE8F08F0C46002C7FF47BAF8DE7144651
:10921000002CBFD1D3E709F0DBFE00BF70290408A2
:109220002DE9F04F83B08C688B4681460192A4B340
:10923000019BD3E9008A00E0144666695546276918
:109240004046B245394628BF35462A4615B125F075
:10925000CFFC08B9AAEB06000028D4E90221B2BF6E
:1092600001210A460021002AE6D1B9B9A3468DB1F1
:109270002A464146384625F0BBFC58B100284FF03D
:1092800000034846B4BFC9E9003BC9E9004303B045
:10929000BDE8F08FA6EB0A00F0E70C1DDBF80C3000
:1092A0009C420ED02046A3461DF0B2FD019B044611
:1092B000D0E90476D3E9008AB245554628BF354641
:1092C000D5E700234846C9E9003403B0BDE8F08F74
:1092D0002DE9F04F1E4689B0074634200D4606F0B2
:1092E00051F9336800F1180800F110020446C0F883
:1092F00010800192D3E900960F2E069600F290801E
:10930000012E45D199F800300376424607F1040951
:1093100000236661A94593552E46A362E362236349
:1093200000F08D80D4F814A06B692269D3469A4569
:10933000019228BF9B462A690292BBF1000F2BD0F5
:109340005A460393DDE9010125F052FC0028039BF6
:1093500002D1AAEB0302002AC0F286805A46039388
:10936000DDE9011025F044FC039BC8B100280393FC
:109370001BDB0198804503D0A16901311DF061FB21
:10938000204634211DF05DFB304609B0BDE8F08F6A
:10939000002EBAD040464BE0AAEB0302002A63DB62
:1093A000A3EB0A0003930028E3DA3A69AA4200F02B
:1093B000A08028461DF028FD4269016952450492AB
:1093C000039B28BF5246059022B1019825F010FC5E
:1093D000039B10B9049AAAEB02000028C0F2838014
:1093E00004F11002394606A8FFF71AFFDDE9065618
:1093F000002E5AD0281E18BF0120B14508BF40F0EA
:109400000100002855D04B463246214626461DF025
:1094100001FD7B69304601337B6109B0BDE8F08F07
:10942000002206A910300EF06BF8069B2061A361A4
:109430003246494625F09AFB069E226966E77B691B
:10944000002BCDD03E696569D6F814A0AA455246D6
:1094500028BF2A4632B32169306925F0C9FB08B319
:109460000028BDDA0020C8E7FB68AB42C2D028461E
:109470001DF0CEFC83465246D0E904039A4528BF2E
:109480001A462AB10199029325F0B2FB029B08B952
:10949000A3EB0A000028A3DADBF80C30002BA9D1DB
:1094A0005E46DFE7AAEB0500DAE723692E46019363
:1094B0005FE72369D4F814A00193D6E90423534548
:1094C0009B46029228BFD346BBF1000F07D05A46F5
:1094D0000393DDE9010125F08BFB039B08B9AAEB9F
:1094E0000300C00F8FE7EA68002AEDD0059E012037
:1094F00089E700257EE700BF2DE9F04F00F120034A
:1095000087B0446A80468A4691460393002C49D02E
:109510009B46D1E9007665693946B5422A4628BF9F
:1095200032461AB1206925F063FB00B9A81B002858
:10953000D4E9022151DBA3461446002CEBD1039B56
:109540005B4531D0DBF81440B442224628BF324696
:109550002AB13846DBF8101025F04AFB00B9301B61
:10956000002821DBDBE90B4294422DD0A4B100227C
:10957000D9F80C10C4E90221D9F80810C4E9002276
:1095800041B1A160C9F80820C9F80C2099E803008E
:1095900084E80300DBF82C401034CBF82C4007B0F3
:1095A000BDE8F08FDDF80CB004AA594608F11C00A4
:1095B00005AB00920B4ACDF814A0FFF789FE834655
:1095C000DBE90B429442D1D14A4621460BF12800F7
:1095D000FFF75CFB07B0BDE8F08F0C46002C9AD17A
:1095E000ADE700BF70290408406B10B190F8583007
:1095F00003B970473830FDF78BBD00BF836953B1A5
:1096000010B50446C3691030984794F821300BB95F
:1096100084F8203010BD7047072909D801EB4101BB
:1096200070B500EB41164C0196F860300BB970BD77
:10963000704700F1080528191DF03AF80022B36DB3
:1096400086F86020002BF2D004F14801032229445F
:109650000846984704F15001002200236818C0E929
:10966000002370BD2DE9F04F84460E4689B00024DA
:10967000054611469CF860300CF1600C4BB101348A
:10968000082CF7D1334812F07CFD204609B0BDE824
:10969000F08F04EB440705F1080901200DF1100CCF
:1096A0007F01069304FA00F807F1580207F1480E0B
:1096B00029F80200CE44CA68D1F808A00792CDE983
:1096C0000433BAF1000F04D0C1E9023303C98CE8B6
:1096D000030008EB04030DF1080B05EB43139CE8B2
:1096E000030050338BE8030093E803008CE8030089
:1096F0009BE8030083E80300DEF80830DEF80C1076
:10970000CEF808A00693CEF80C2007911BB10322D7
:1097100061466046984707F138004F440E49A0441F
:1097200048441CF075FD384600220C491CF0B4FF7B
:109730000A2305EB48150020A6FB03230021EF6355
:10974000CDE900013846FEF763FC204609B0BDE8CC
:10975000F08F00BF74290408FD950108E995010800
:109760002DE9F04F84460E4689B000240546114687
:109770009CF860300CF1600C4BB10134082CF7D12F
:10978000324812F0FEFC204609B0BDE8F08F04EB31
:10979000440705F1080940F201100DF1100C7F019A
:1097A00006934FEA440807F1580207F1480E29F8DA
:1097B0000200CE44CA68D1F808A00792CDE904336C
:1097C000BAF1000F04D0C1E9023303C98CE80300E9
:1097D00008EB04030DF1080B05EB43139CE80300B1
:1097E00050338BE8030093E803008CE803009BE808
:1097F000030083E80300DEF80830DEF80C10CEF832
:1098000008A00693CEF80C2007911BB103226146F5
:109810006046984707F138004F440D49A04448443A
:109820001CF0F6FC00220B4938461CF035FF0A23D9
:1098300005EB4815A6FB0323EF633846CDE900236B
:10984000FEF7E6FB204609B0BDE8F08F7429040856
:10985000FD950108E9950108037C0BB3837B8B42DE
:109860001ED10122002110B5022486B002FA03F3B2
:1098700090F80FC00DEB04024068ADF8021003929F
:10988000CDE90441CDE901138DF814C0836801A925
:109890005B689847011E05DBBDF9020006B010BDEC
:1098A00000207047024812F06CFC0020F6E700BF71
:1098B000B0290408002210B4C0E90112044C4FF48E
:1098C000406182810460027410BCC181704700BF96
:1098D000302A0408F8B504460E46174640681CF0C6
:1098E00043FAF8B1114B0546A673A360237B606869
:1098F00066F30403E7732373836804F108011B68AC
:109900009847011E08DB01233A4631460848237474
:1099100012F037FC2846F8BD064812F032FC00254C
:109920002846F8BD044812F02CFCF8E709042BC3C4
:10993000002A0408E0290408C8290408014812F094
:1099400020BC00BF3C2A0408012A02D1016000208B
:109950007047022A05D0032AF9D0002AF7D1026005
:10996000F5E70B680360F2E7814228D0F8B50446BA
:1099700000680D46A368D1E900721B1AD61B9E42EF
:1099800008D8D4F804C0ACEB00039E4218D8F6B94E
:109990006060F8BD002E32DB304605F0F3FD39463D
:1099A0003246054625F0E2F8206818B1A168091A88
:1099B0001DF047F8A8192560A0606060F8BD7047E9
:1099C00093B9F918521A09D130446060F8BD324693
:1099D000394625F0D9F820683044D9E7604625F0AB
:1099E000D3F820683044F0E71A46394625F0CCF821
:1099F000D4E9000CD5E90072ACEB0003E1E709F013
:109A000031FA00BF014812F0BCBB00BF3C2A040879
:109A1000A0B138B50446E0682546FFF7F9FFE369D1
:109A20000322A46805F114010BB1084698472421CC
:109A300028461DF006F8002CEDD138BD704700BF58
:109A400000B587B06846F9F775FC0748009912F031
:109A500098FB009802AB984203D0029901311CF0A8
:109A6000F0FF07B05DF804FB5C2A040800B587B07E
:109A70006846F9F75FFC0748009912F082FB0098EE
:109A800002AB984203D0029901311CF0DAFF07B013
:109A90005DF804FB5C2A04082DE9F04F83B00090C8
:109AA000002800F0C680009BD3F80C90B9F1000F9D
:109AB00000F0C280D9F80CA0BAF1000F00F0A58028
:109AC000DAF80CB0BBF1000F00F08B80DBF80C4033
:109AD000002C5ED0E568002D38D0EE68002E46D010
:109AE000F768002F69D0D7F80C80B8F1000F19D0B3
:109AF000D8F80C00CDF80480FFF7CEFF019AD8F813
:109B00000880106902F11801884204D0916901317E
:109B10001CF097FF019A2C2110461CF092FFB8F11F
:109B2000000FE5D1386907F11802D7F80880904294
:109B300003D0B96901311CF084FF2C2138461CF098
:109B400080FFB8F1000F38D04746CCE7206904F118
:109B50001803A568984203D0A16901311CF071FF78
:109B60002C2120461CF06DFF9DB12C46B2E72869E0
:109B700005F11803AE68984203D0A96901311CF0C1
:109B800060FF2C2128461CF05CFF002EDED03546FD
:109B9000A3E7DBF810000BF11803DBF8084098424C
:109BA00004D0DBF8181001311CF04BFF2C21584673
:109BB0001CF047FFACB1A34688E7306906F11803F3
:109BC000D6F80880984203D0B16901311CF039FF02
:109BD0002C2130461CF035FFB8F1000FC7D04646A7
:109BE0007EE7DAF810000AF11803DAF80840984224
:109BF00004D0DAF8181001311CF023FF2C21504654
:109C00001CF01FFF0CB1A2465AE7D9F8100009F169
:109C10001803D9F80840984204D0D9F81810013137
:109C20001CF00FFF2C2148461CF00BFF24B1A1466D
:109C300040E703B0BDE8F08F009A106902F1180305
:109C40009468984203D0916901311CF0FAFE2C21EE
:109C500000981CF0F6FE002CEBD0009423E700BF28
:109C6000D0F8B43073B3F0B590F8543093B00446E4
:109C70000BB913B0F0BD0D4604A86B7AD1E9001200
:109C800000932B7ACDE9021219F005FD05F10C01C4
:109C900008A8FFF769FE04A819F0F0FC94F8F0306A
:109CA0008BB9D4F8B40004F1D40204A903689B680A
:109CB000984708980028DCD00A99091A1CF0C1FEC0
:109CC00013B0F0BD704704F158074FF0FF324FF06A
:109CD000FF33384604F1C006FCF77EFFD4F8C850C5
:109CE000B5420DD0D4F8B40005F1100204A9036800
:109CF0009B68984728461DF089F886420546F1D1B1
:109D00003846FCF7E1FFD4E7A0F10800FFF7A8BF51
:109D10002DE9F043C56A95B0044600F11007002D07
:109D20000CBF0123002380F8F0305FD1028D2B4659
:109D3000394601A819F0B7FDC42005F023FC0646FA
:109D4000002800F0DC80012308950B950EAF4360DE
:109D500001A9836008AA8DF820308DF82C30129369
:109D60004FF4AF630D958DF8385005461393654B4E
:109D70000C9745F80C3B4FF48033284609930A931F
:109D8000F9F760FC0C98B84203D00E9901311CF031
:109D900058FED4F8B870C4E92D562FB17B68013B4A
:109DA0007B60002B00F09A80019803AB984203D0AF
:109DB000039901311CF045FED4F8B40004F10C0104
:109DC00003681B6A984794F8F0104F4A4F4B50486D
:109DD00000290CBF11461946238D22690FF0D2FFCE
:109DE000204615B0BDE8F04302F07AB9494A002395
:109DF0000DF128088DF82F30CDF8208092E803006F
:109E00000722ADF82C10090C0A9001A88DF82E102D
:109E100008A909921A4619F046FD0898404503D052
:109E20000A9901311CF00DFEC42005F0ABFB05467C
:109E3000002862D001230646324A0DF138094360FA
:109E400001A9836046F80C2B002212933046089239
:109E50000B928DF820308DF82C304FF480330D921A
:109E600009930A934FF4AF638DF8382008AACDF810
:109E700030901393F9F7E6FB0C98484503D00E9900
:109E800001311CF0DEFDC4F8B460D4F8B860C4F849
:109E9000B8507EB17368013B73605BB9336830467C
:109EA0009B689847B368013BB3601BB93368304681
:109EB000DB68984700233946228D08A819F0F3FC87
:109EC00008A904F1D40019F003FD089840453FF4B7
:109ED0006BAF0A9901311CF0B4FD65E73B68384669
:109EE0009B689847BB68013BBB60002B7FF45CAF6D
:109EF0003B683846DB68984756E70C26C3E70C25D5
:109F000047E700BFE02604088C2A0408842A0408D6
:109F1000A02A0408982A0408464B0022F0B50446FB
:109F200003F1480083B00E46A06004F11800C4E9B4
:109F300000326833C4E903304D680F680F2D019576
:109F40005AD8012D52D13B782376002265614255C3
:109F500004F13C00338B2385F369E36296F82030EB
:109F6000606384F8303004F13403B76A756A0F2FE8
:109F7000019751D8012F3CD12B7884F83C30002533
:109F8000A763C555B28F336CA4F84C20A4F8545085
:109F9000236504F158001BF0BCFF04F1700204F1CA
:109FA000C00304F1D40084F8705084F8C050C4E9B0
:109FB0001D52C4E91F25C4E92155C4E92355C4E94C
:109FC0002555C4E92755C4E92955C4E92B55C4E9E9
:109FD0002D55C4E93153C4E93335F9F79BF92046CF
:109FE00084F8F050C4E93D5503B0F0BD002DACD06D
:109FF0000BE0002FC3D016E004F11001084601A9C0
:10A000000DF07EFA019B2061A3612A46394624F0B7
:10A01000ADFD019D206998E7184601A90DF070FA81
:10A02000019B6063E3633A46294624F09FFD019F4C
:10A03000606BA4E79C2E040890F83030002B00F0F1
:10A04000B0820F23BD4ABE492DE9F04FD7B08046FC
:10A05000BC4F00243B9302230DF1F00C0DF5867EDE
:10A060008DF838316423CDF8E8C047F21A7654935E
:10A0700000230925CDE94C23CDE952236422002396
:10A08000CDE948234FF4FA620023CDE94A2347F291
:10A0900030520023CDE950230FC9ACE8070097E800
:10A0A00007002CF8023B1B0C8CF80030CDF804E1C3
:10A0B000ADF8006142958DF8FF40AEE8030008F16D
:10A0C00034013AA88EF800208DF81541ADF81C41F6
:10A0D00023F015FBB8F84C3041A808F11001ADF899
:10A0E000003123F00CFBD8F85020042098F8F03011
:10A0F00051945092002B00F0068205F043FA04467A
:10A1000010B13AA9FAF7ACFED8F8F450C8F8F44008
:10A1100045B128461BF014F8042128461CF091FC98
:10A12000D8F8F44020461BF014F8002800F0B08264
:10A130002AABD8F81440002210AD289311230F2C1D
:10A14000D8F810608DF8BA307F4B299226934FF0E3
:10A1500001038DF8A820ADF89C304FF03C03ADF81A
:10A16000B8202F930E95309400F21E82012C40F0FF
:10A17000A88233788DF840302A4600230F94135577
:10A180006FF040430F9A9A4200F0D18201226F494A
:10A190000EA823F0B1FBB8F82840092C40F2D58274
:10A1A000632C40F27982B4F57A7FC0F0BD8242F22E
:10A1B0000F739C428BBF042603260521042116AB96
:10A1C0000DF1500B2D2242F20F77CBF8003058469C
:10A1D000029323F070FA721EDBF800305C4E4FF0F1
:10A1E000640C1A44DFF86CE1AEFB04102146400910
:10A1F000B9420CFB1049044636F8190022F802094E
:10A20000F2D8B1F57A7F80F0558204F13002D2B2F3
:10A210001A700E9B0F98DBF80420AB4200EB02068D
:10A2200000F07682109CDBF80010A6420AD9029C4E
:10A23000A14200F07782DBF808108E4240F246829D
:10A24000DBF800106FF040431B1A9A4200F26F8255
:10A250000EA808AF23F050FB0DF1280A064604466D
:10A26000C7F800A056F8083BB34200F041823B60BB
:10A27000A368BB6063687B60002326606360237211
:10A28000029BDBF80000984204D0DBF80810013193
:10A290001CF0D7FB0E98A84203D0109901311CF096
:10A2A000D0FB002332AC3A4626A931938DF8C83052
:10A2B00030ABD8F8F40030941BF087F83098A04207
:10A2C00003D0329901311CF0BCFBD8E921939945A8
:10A2D000059300F0008100251E4ECDE9067AC246A6
:10A2E000C84634AB3095DAF81440ADF8C45039950F
:10A2F0000F2C8DF8D050ADF8E050DAF81070CDE9A1
:10A3000032354FF011038DF8E2304FF00103B8F809
:10A310000020ADF8C2308DF8C4301CABADF8C020C1
:10A320001A934FF03C032094399300F26281012C80
:10A3300000F05B81002C40F0A5810DE080EE36003E
:10A34000EC2A0408FC2A0408011001004C2B040824
:10A350000C6A04081F85EB511CAB1B941D556FF054
:10A3600040431B9A9A4200F0E2810122AD491AA8AB
:10A3700023F0C2FABAF82840092C40F2DB81632CA2
:10A3800040F22081B4F57A7FC0F0BE8142F20F73B3
:10A390009C428BBF4FF004094FF0030905210421B3
:10A3A00020AB22AF2D2218460393209723F083F988
:10A3B00009F1FF32209BDFF870C24FF064091A44A4
:10A3C00042F20F7ECDF81080A6FB04102146400912
:10A3D000714509FB104804463CF8180022F80209B0
:10A3E000F2D8B1F57A7FDDF8108080F0F780303454
:10A3F000E4B21C701CA91A9B1B98219A8B4200EB9B
:10A40000020C00F03381DDF870E0209CF445214619
:10A4100007D9BC4200F0348122998C4540F210816A
:10A4200021466FF040431B1A9A4200F280811AA81D
:10A4300023F062FA029B81460446CBF8003059F8BB
:10A44000083B4B4500F0E480CBF80030A368CBF824
:10A4500008306368CBF804302572C4E90095209871
:10A46000B84203D0229901311CF0EBFA1A981CABC8
:10A47000984203D01C9901311CF0E3FA039B5A4621
:10A4800030A9DAF8F4008DF88850CDE920751AF07B
:10A490009CFF2098B84203D0229901311CF0D1FAD8
:10A4A000DBF80000029B984204D0DBF80810013171
:10A4B0001CF0C7FA329834AB984203D0349901317A
:10A4C0001CF0BFFA08F10608059B98457FF409AF18
:10A4D000D046DDE9067AB8F84C30D8F8342039682F
:10A4E00052480FF04FFC3868504503D0B96801312D
:10A4F0001CF0A7FA28982AAB98423FD02A9901313C
:10A500001CF09FFA3AE005F03DF8044610B13AA974
:10A510001AF01FFBD8F8F850C8F8F84045B12846A3
:10A520001AF026FB042128461CF08BFAD8F8F840D4
:10A5300020461AF026FB002800F0A6803C4B0022A3
:10A5400041F2010133933B4BCDE93082329342F229
:10A5500010720023CDE9002330AAD8F8F8001AF0D1
:10A5600024FD329B1BB130A9032208469847B8F856
:10A570004C20D8F8341030480FF004FC419843AB1D
:10A58000984203D0439901311CF05BFA3A983CABF6
:10A59000984203D03C9901311CF053FA57B0BDE802
:10A5A000F08F26480FF000BC30A90EA80CF0A8FFD1
:10A5B000309B0E9010932246314624F0D7FA309CFF
:10A5C0000E9ADAE520AB22AF2D2202211846039322
:10A5D000209723F070F8209BDFF84CC00CEB44026E
:10A5E0001CF8144052785A7003E73B788DF87030AD
:10A5F000B2E6002220A91AA80CF082FF209B1A9034
:10A600001C932246394624F0B1FA209C1A9BA4E6FA
:10A610004268013227D04946029824F0A7FA6368BD
:10A6200018E700BF4C2B04080C6A0408502B0408E0
:10A6300025AB010849990108BC2B0408C42A040869
:10A6400000220090039811460CF0CAFF029B81463D
:10A650000446CBF8003059F8083B4B457FF4F4AE84
:10A6600043685A1CD7D14FF0FF33F3E62099BCF171
:10A670000F0F0C467FF6D5AEB9427FF4CDAED0E6D3
:10A680000F21CAE61CA8BCE737480FF08DFB75E721
:10A6900036480FF089FB71E716AB0DF1500B2D22F8
:10A6A0000221CBF800305846029323F004F8304ED4
:10A6B000DBF8003006EB440116F814204978597095
:10A6C000A6E5002C3FF458AD284674E70022009020
:10A6D000584608AF11460DF1280A0CF081FF0646D6
:10A6E000C7F800A0044656F8083BB3427FF4BFAD5C
:10A6F00063685A1C02D14FF0FF33BCE53146504627
:10A7000024F034FA6368B6E54FF00209032147E606
:10A710000F2EDBF800107FF695AD029CA1427FF46E
:10A720008AAD8FE50F2188E50226032147E5114810
:10A7300008F0F8FB20AB22AF2D220121184603932D
:10A74000209722F0B8FF209B51E616AB0DF1500B7D
:10A750002D220121CBF800305846029322F0ABFFA6
:10A76000DBF8003051E500BF902B0408082B0408EB
:10A770000C6A0408342B040810B501230446D0F8F1
:10A78000B4008EB084F8543003685B6A984730BBDD
:10A79000D4F8B41007A80B68DB69984707A901A88B
:10A7A000F8F7C8FD019911480FF0ECFA019803ABD6
:10A7B000984203D0039901311CF043F9079809AB83
:10A7C000984203D0099901311CF03BF92046FFF76C
:10A7D00033FC20460EB0BDE8104001F081BC0146BC
:10A7E00003480EB0BDE810400FF0CCBA2C2C040882
:10A7F000FC2B040838B50446D0F8F40070B11AF008
:10A8000051FDD4F8F4500023C4F8F43035B1284693
:10A810001AF096FC042128461CF013F9D4F8F8002D
:10A8200080B11AF08DFAD4F8F8500023C4F8F8304B
:10A8300045B128461AF09CF928460421BDE8384065
:10A840001CF0FFB838BD00BF38B50023044680F8BF
:10A850005430FFF7CFFFD4F8B40028B103689B6AE7
:10A86000984713480FF0A0FA04F158054FF0FF3253
:10A870004FF0FF332846FCF7AFF9606FFFF7C8F8D9
:10A8800004F17003D4F88410002220466267C4F8F3
:10A890008020C4E91E33D4F88830994218BFC4F828
:10A8A000881001F01DFC2846BDE83840FCF70CBAC2
:10A8B000502C0408604B70B503F1480103F16802A5
:10A8C0000360054690F854308160C260002B40F070
:10A8D000B080D5F8F84034B120461AF049F9042187
:10A8E00020461CF0AEF8D5F8F44034B120461AF0FA
:10A8F00027FC042120461CF0A4F8D5F8D40005F16B
:10A90000DC03984204D0D5F8DC1001311CF099F832
:10A91000D5F8C4409CB12646E068FFF7BDF8A468AE
:10A92000306906F11803984203D0B16901311CF077
:10A9300088F82C2130461CF084F8002CEBD1D5F897
:10A94000B84024B16368013B6360002B63D0D5E954
:10A950002A46B4420BD0E36818461BB16169C91A94
:10A960001CF06FF81834A642F5D1D5F8A8602EB1C6
:10A97000D5F8B0103046891B1CF063F8D5E927469E
:10A98000B4420BD0E36818461BB16169C91A1CF0C8
:10A9900058F81834A642F5D1D5F89C602EB1D5F8F8
:10A9A000A4103046891B1CF04CF8D5E92446B4426B
:10A9B0000BD0E36818461BB16169C91A1CF041F855
:10A9C0001834A642F5D1D5F890602EB1D5F898107C
:10A9D0003046891B1CF035F8D5F8840020B1D5F835
:10A9E0008C10091A1CF02DF8686FFFF711F8686BCE
:10A9F00005F13C03984203D0E96B01311CF021F8CA
:10AA0000286905F11803984203D0A96901311CF0A7
:10AA100018F8284670BD236820469B689847A368AD
:10AA2000013BA360002B92D123682046DB68984746
:10AA30008DE7FFF709FF4CE79C2E0408A0F1080002
:10AA4000FFF738BFA0F10C00FFF734BF10B5044684
:10AA5000FFF730FFFC2120461BF0F3FF204610BD1E
:10AA600010B5A0F10C042046FFF724FF2046FC217E
:10AA70001BF0E7FF204610BD10B5A0F108042046EA
:10AA8000FFF718FF2046FC211BF0DBFF204610BD1E
:10AA9000F0B5D1E9004589B0A5423CD0064608345E
:10AAA0001E4F04E004F1200328349D4233D0636834
:10AAB000002BF7D0238B002BF4D02268384634F8D3
:10AAC000081C0FF05FF90023228B214601A818F023
:10AAD000EAFE01A906F1D40018F0FAFE019803ABD2
:10AAE000984203D0039901311BF0ABFFD6F8F80070
:10AAF00001230028D6D034F8081C34F8062C1AF0AC
:10AB00005FF934F8081C06480FF03CF904F1200303
:10AB100028349D42CBD109B0F0BD00BF6C2C040895
:10AB2000A02C04080068FFF7B3BF00BF2DE9F04F69
:10AB300015468FB088460446528804AE298808F12D
:10AB400058075D4811F01DFB002304930793C6E9E5
:10AB500001334FF0FF3338464FF0FF32FCF73CF83B
:10AB60002B88688840EA0340D8F874309BB108F11C
:10AB7000700CE046D3F810E07045D3E9022100F2F2
:10AB80008F8098461346002BF4D1C44503D0D8F8E3
:10AB9000102090422CD2494811F0F3FAD5F800B0B9
:10ABA000D5F804A0D5E90332A2EB0308B8F1000FF1
:10ABB0007BD07DDB404604F0E5FC00EB08038146DA
:10ABC000D5E90312B2EB010804D04246019323F009
:10ABD000DBFF019B636109EB0803C4E9039340F2C7
:10ABE0008153C4E900BA23813846FCF76DF84DE083
:10ABF00008930DF120090B93CDE90933D8F81CA077
:10AC0000BAF1000F06D0022208F114014846D047DD
:10AC1000D8E907A3DDF8188002AA0799CDF82880A3
:10AC20000B91CDF818A0079399E8030082E8030080
:10AC300096E8030089E8030092E8030086E8030031
:10AC4000B8F1000F03D0032249464846C0473846B2
:10AC5000FCF73AF81A4811F094FA069B53B32A46C7
:10AC6000079B4846314698479DF82910154811F032
:10AC700088FABDF82810DDE908322181C4E90032E4
:10AC80000C9B0D9A23610B9B6261E360069B1BB1D9
:10AC9000032231463046984720460FB0BDE8F08F7A
:10ACA0000B46002B7FF466AF6FE7C146434691E742
:10ACB00008F0D8F808F08CF9E02C0408642D04089A
:10ACC0000C2D0408342D04082DE9F04FAFB00546D3
:10ACD000174600F1580903914FF0FF324FF0FF3350
:10ACE000484605F1C008FBF777FFD5F8C4400CB91A
:10ACF0009DE11C4604F110063846314618F088FEE6
:10AD00000028D4E9023208BF1346002BF1D148B124
:10AD1000D5F8C8309C4200F0038120461CF078F83A
:10AD200000F110063046394618F072FE002840F057
:10AD3000F780484620AEFBF7C7FF002309A8ADF80F
:10AD400020300B93CDE90933CDE90633039B196815
:10AD50000B681031069351F8083C079331F8023C18
:10AD6000ADF82030FEF700FE39463046BDF818B089
:10AD7000BDF81A409DF820A0F8F7DCFA2098594653
:10AD8000534622460090AD4811F0FBF9209822ABC3
:10AD9000984203D0229901311BF053FEDDE90903EB
:10ADA000834212D04FF0000AA549DFF898B2A64CB2
:10ADB00010F80A20584611F0E4F90AF1010A214678
:10ADC000DDE90902121A9245F2D3A04811F0D9F92F
:10ADD000039B1B68987B18F0CFFB002800F0B8801D
:10ADE0009B4811F0CEF9012306AA29460CA885F844
:10ADF0005530FFF79BFE9DF8394096482146D5E92E
:10AE00002A239B1A0022DB1085F85520A2F1553227
:10AE100003FB02F211F0B5F90D9A80230C9912A8E8
:10AE2000009420928DF83830059118F034FC0FA969
:10AE300016A8FEF799FD12A818F020FC864811F01C
:10AE4000A0F9D5F8B4003A4612A903689B68984760
:10AE5000824811F096F9D5E92A7A57454BD00C373C
:10AE600017F8030C17F8043C57E90312009030461A
:10AE70000592049118F00FFC394624A8FEF774FDE2
:10AE8000304618F0FBFB4FF0FF324FF0FF334846DF
:10AE9000FBF7A2FED5F8C84044450DD0D5F8B40064
:10AEA00004F11002314603689B68984720461BF066
:10AEB000ADFF40450446F1D14846FBF705FF249815
:10AEC00018B12699091A1BF0BCFD07F10C031837BD
:10AED0009A45C5D1D5E92A76BE420CD03C46E368F6
:10AEE00018461BB16169C91A1BF0ABFD1834A642A4
:10AEF000F5D1C5F8AC70169818B11899091A1BF05D
:10AF0000A0FD0F9818B11199091A1BF09AFD099824
:10AF100018B10B99091A1BF094FD2FB0BDE8F08F02
:10AF200044457DD14FF0010B2C2004F02BFB06464D
:10AF30003946103018F0C1FC434622463146584687
:10AF40001BF068FFD5F8D0300133C5F8D030F0E6FB
:10AF500012AC12901590C4E901004FF0FF334FF08E
:10AF6000FF3248467035FBF737FEBDF81830BDF8A4
:10AF70001AC04CEA034C6B6873B12F4603F108000A
:10AF800007C8944548D81F460346002BF6D1BD425A
:10AF900002D03A69944518D24846FBF795FE149BB7
:10AFA000002BB4D03046159B06AA2146984723981B
:10AFB00018B12599091A1BF044FD149B002BA6D04B
:10AFC0000322214620469847A1E72093C6E9013392
:10AFD0002393FD6935B1022207F114013046A847D9
:10AFE000D7E9075315990CAA149F2391229714951A
:10AFF000159396E8030082E8030094E8030086E8CE
:10B00000030092E8030084E80300002FC4D0032269
:10B0100031463046B847BFE70B46002BAED1B6E706
:10B0200004F11001384618F0F3FC83467CE7D5F8AC
:10B03000C830444643457FF470AE73E78C2D040856
:10B04000C4270408E02D0408EC2D0408DC2D0408B6
:10B05000F02D0408082E0408382E0408542E040885
:10B060000B680BB1FFF730BE704700BF0B6813B120
:10B070000C38FFF729BE70472DE9F04FD0E9008961
:10B08000704B9246A9EB08056F4A83B0ED1003FBA5
:10B0900005F5954200F0D380C84514BF2B46012327
:10B0A00007460E46A1EB080BED1880F0AE80002D90
:10B0B00040F0BE80BBF1000F00F096802C46DAE92C
:10B0C0000332D21A0023CBE90333CBF81430002A21
:10B0D000DAF80430CBF80430DAF80030CBF800307E
:10B0E000BAF80830ABF8083000F09980C0F29B80C5
:10B0F0001046009204F046FA009A03460244CBF848
:10B100001420DAE90312CBE90300521A05D0CDE985
:10B11000002023F039FDDDE900231344CBF8103083
:10B1200046457ED008F1180B002C61D0A24641465E
:10B130005BE9063262603BF8102C236022815BF8E9
:10B14000083C5BF8042C23615BF80C3C6261E36013
:10B15000183118340BF1180BB142E9D14E4504F106
:10B1600018042ED006F118002346B4460CF1180C32
:10B17000183350E90612CC4500F1180043F8181CAA
:10B1800030F8281C43F8142C23F8101C50F8202CFD
:10B1900050F81C1C43F8082C50F8242C43F8041CCD
:10B1A00043F80C2CE2D1ACEB0603284A183BDB0831
:10B1B00002FB03F323F06043013303EB430304EB8F
:10B1C000C304B8F1000F05D0B9684046A1EB0801EF
:10B1D0001BF037FC05EB45050AEBC505C7E900A4E4
:10B1E000BD6003B0BDE8F08F41451ED008F1180BDB
:10B1F0005BF80C0C5BF8041C091A08B11BF021FC6D
:10B200004FF0000A41465446A2E71546104804F0A4
:10B21000B9F910EB0B0B04467FF451AF80E71346EE
:10B220007BE7A2469AE707F01DFEAA462C4695E763
:10B23000954228BF154605EB4500C000E7E70548E5
:10B2400007F070FEABAAAAAA55555505ABAAAA0AE3
:10B25000F8FFFF7F382904082DE9F04198B0002459
:10B260008C4605461946022307A80594ADF8183008
:10B270000994ADF810C0ADF81220CDE90744FEF7EF
:10B2800073FB95F85530CBB9D5F8B4301BB195F8B0
:10B290005430002B46D10798099960B1091A18B0AB
:10B2A000BDE8F0411BF0CDBBD5F8AC601836C5F851
:10B2B000AC6009997FBB18B0BDE8F081D5F8AC60EF
:10B2C000D5F8B030079F9E4267D0002EEED0059B88
:10B2D000089A73607461BDF81830C6E90344D41B42
:10B2E0003381049B002C3360DED05DDB204604F00C
:10B2F00049F900EB040839462246C6F81480C6E92D
:10B30000030023F041FCC6F81080D5F8AC30099951
:10B310001833C5F8AC30C91B384618B0BDE8F04149
:10B320001BF08FBB9DF819300AA805F15807009350
:10B330009DF81830DDE90412CDE9021218F0ABF9DE
:10B3400007A90EA8FEF710FB0AA818F097F94FF00E
:10B35000FF324FF0FF33384605F1C006FBF73CFCE7
:10B36000D5F8C840A6420DD0D5F8B40004F11002BB
:10B370000AA903689B68984720461BF047FD864250
:10B380000446F1D13846FBF79FFC0E98002882D086
:10B390001099091A1BF055FB7DE704AA314605F107
:10B3A000A800FFF769FE84E707F05CFDA0F1080044
:10B3B000FFF752BF2DE9F04FD0E900689146364AB9
:10B3C000A8EB06030F46354983B05B1002FB03F37D
:10B3D0008B425DD0464514BF1A4601220546A7EBB5
:10B3E000060A9C183BD2002C4BD1A3461BEB0A0348
:10B3F00006D0D9F800204BF80A20B9F804209A802A
:10B400000AF10609A8EB0703BAF1000FD94409EBCA
:10B41000030808DC002B1ADC76B9AC60C5E900B87B
:10B4200003B0BDE8F08F524631465846019323F0F1
:10B43000ABFB019B002B19DCA9683046891B1BF074
:10B4400000FBAC60C5E900B803B0BDE8F08F1A4658
:10B450003946484623F08AFB002EDED0ECE7104C3C
:10B46000204604F08FF883460444BFE739461A4665
:10B47000484623F07BFBA9683046891B1BF0E1FAA4
:10B48000DFE78C4228BF0C4604EB44046400E7E786
:10B49000044807F047FD00BFABAAAAAA55555515A9
:10B4A000FEFFFF7F382904082DE9F041044682B0F1
:10B4B0000F4616461D4600F158084FF0FF33404630
:10B4C0004FF0FF32FBF788FBD4F88810D4F88C30AB
:10B4D000ADF800709942ADF80260ADF8045010D09C
:10B4E00031B10098BDF8043008608B80D4F8881022
:10B4F0000631C4F88810404602B0BDE8F041FBF7C1
:10B50000E3BB6A4604F18400FFF754FF404602B0F3
:10B51000BDE8F041FBF7D8BBA0F10800FFF7C4BFBE
:10B520002DE9F8438C6881460F1D54B1164604F18D
:10B5300010053146284618F06BFA48B1E468002C33
:10B54000F5D14846C9F80070C9F80470BDE8F88321
:10B550002946304618F05CFA20B12746A468002C32
:10B56000E5D1EEE7D4E90285B8F1000F0BD008F180
:10B570001000314618F04CFAD8E90232A0B19046DA
:10B58000B8F1000FF3D155B105F11001304618F0B4
:10B590003FFAD5E9023250B91546002DF4D148469C
:10B5A000C9E90047BDE8F88344469846DCE72F46E2
:10B5B0001D46E8E72DE9F04387B006460C4668468D
:10B5C000F7F7B8FE2C48009910F0DBFD009802ABAD
:10B5D000984203D0029901311BF033FA06F1580961
:10B5E0004FF0FF334FF0FF324846FBF7F5FA2246A3
:10B5F00006F1BC016846FFF793FF009DD6F8C830FE
:10B60000019F9D4228D0BD4220D006F1C0082846A7
:10B610001BF0FCFB0346414628461D461BF05EFC22
:10B620000446006904F11803984203D0A16901316E
:10B630001BF007FA2C2120461BF003FAD6F8D03075
:10B64000AF4203F1FF33C6F8D030E0D1484607B02F
:10B65000BDE8F043FBF738BB06F1C0039F42D2D1EF
:10B66000D6F8C400FEF718FA0023C6E93277C6F808
:10B67000C430C6F8D030E9E7742E0408A0F10C00FD
:10B68000FFF798BF2DE9F8438C6880469146B4B126
:10B69000166800E01C46A268D4E90335AE4236BF06
:10B6A000134600270127002BF4D14FB9B54223469A
:10B6B00013D300234046C8E90043BDE8F8830C1DBE
:10B6C000CB68A3420FD020461BF0A2FBD9F8006044
:10B6D000056923460446B542EBD200224046C8E93C
:10B6E0000023BDE8F88300234046C8E90034BDE8E4
:10B6F000F88300BF2DE9F04F83468DB01E4600F160
:10B7000058094FF0FF3342EA014448464FF0FF32F8
:10B71000FBF762FADBF874300BF17008002B77D07E
:10B7200045461A699442D3E902703BD81D463B4610
:10B73000002BF6D1A8456BD02A69944236D300225B
:10B74000F76808ABD6F808C008920B97C3E9012246
:10B75000BCF1000F05D0B260F26096E8030083E808
:10B76000030093E8030006AC05F1140284E803002B
:10B7700092E8030083E8030094E8030082E80300F2
:10B78000EC692A6AC5F81CC00A942F620B921CB19E
:10B79000032219461846A04748460DB0BDE8F04FB1
:10B7A000FBF792BA0346002BBBD1C3E724200193D9
:10B7B00003F0E8FE019B046100F1140207460BF15F
:10B7C0006C0A019200F11002C0E90533C0E90733A9
:10B7D0002B699C4259D2DBF878300292AB4209D0F7
:10B7E00028461BF015FB03690146029A9C423AD990
:10B7F000C36823B3294601203D4643460A463946DD
:10B800001BF008FBDAF814300133CAF8143096E75D
:10B8100024200BF16C0A03F0B5FE002300F11402A2
:10B82000074604610192C0E90533C0E90733DBF83C
:10B830008030B3B1DBF87C100B699C4211D93D46D6
:10B840000023884514BF184643F001000028D4D1D6
:10B850000D462B6929463D469C422CBF0020012005
:10B86000CBE707F11002514604A8FFF70BFFDDE913
:10B870000451E9B9FB691BB10199032208469847B5
:10B88000242138461BF0DDF859E7CDE90223F7D92A
:10B89000DBF87C10A942DCD028461BF0B5FA016920
:10B8A000029A8C42DFD2EA68039B32B10546A1E7D7
:10B8B0002B1E3D4618BF0123C3E729463D46CBE773
:10B8C000A0F10800FFF716BF10B50446083000F0DD
:10B8D00073FF2046BDE8104000F002BC00F000BC41
:10B8E00038B5002200F1080504461146284601F04B
:10B8F00017F800220121284601F012F828460022FC
:10B90000022101F00DF82046BDE8384000F0E8BB08
:10B9100038B50025044608324560034D40F8085B01
:10B9200000F02EFF204638BD242F040810B5044631
:10B93000083001F019FC2046BDE8104000F0D0BBF3
:10B9400000F0CEBB10B50446083001F0B3FD204630
:10B95000BDE8104000F0C4BB30B583B0002508330B
:10B96000069C009404460798019020466560044DAB
:10B9700040F8085B01F020FB204603B030BD00BF5B
:10B98000442F040810B50446083002F0D5FA2046CA
:10B99000BDE8104000F0A4BB00F0A2BB10B5044607
:10B9A0000021083002F0C0FB2046BDE8104000F046
:10B9B00097BB00BF38B5054B0025044608314560EC
:10B9C00040F8083B02F0A2FA204638BD642F040874
:10B9D00010B50446083002F0B9F92046BDE8104021
:10B9E00000F07EBB00F07CBB30B583B00025083290
:10B9F000069C009404460798019020466560044D1B
:10BA000040F8085B02F070F9204603B030BD00BF7B
:10BA1000842F040800F064BB10B50446083003F01E
:10BA200089F82046BDE8104000F05ABB10B5044626
:10BA3000083002F053FD2046BDE8104000F050BB36
:10BA400038B5054B002504460832456040F8083BF0
:10BA500002F02AFD204638BDA42F0408083002F069
:10BA6000EDBE00BF00F03CBB2DE9F043D0E90A4633
:10BA700085B00546A64216D0DFF838900027DFF8DB
:10BA8000388054F8040B69460368CDE900579B6879
:10BA9000CDE902899847029B03226946684603B1B3
:10BAA0009847A642EDD1284605B0BDE8F04300F026
:10BAB00017BB00BFBDBA0108CDBA010810B50968AF
:10BAC0000446143103F03AFC204610BD012A02D18D
:10BAD000016000207047022A05D0032AF9D0002A0D
:10BAE000F7D10260F5E70B680360F2E738B504466A
:10BAF0000025084B00F1080125611430C4E9003528
:10BB0000C4E9025503F00CF92046A562E5622563FD
:10BB100038BD00BFC42F0408143003F043BA00BF7F
:10BB20002DE9F04FD0E9008689469346A6EB08013F
:10BB30006FF0604283B0B2EBA10F5ED08B10054670
:10BB4000A9EB080AB04514BF194601215C183BD285
:10BB5000002C4DD1274617EB0A0F03D0DBF800303D
:10BB600047F80A300AF10403A6EB0906BAF1000F00
:10BB70003B4403EB060B0ADC002E1CDCB8F1000F83
:10BB80000DD1AC60C5E9007B03B0BDE8F08F524633
:10BB900041463846019322F0F7FF002E1BDCA968CE
:10BBA0004046A1EB08011AF04CFFAC60C5E9007BF0
:10BBB00003B0BDE8F08F32464946184622F0D6FF62
:10BBC000B8F1000FDDD0EAE70D4C204603F0DAFCB7
:10BBD00007460444BFE7019B49463246184622F017
:10BBE000C5FFA9684046A1EB08011AF02AFFDCE76F
:10BBF000A24228BF22469400E7E7024807F092F9E4
:10BC0000FCFFFF7F3829040800B5D0E90B3283B070
:10BC10009342019107D00BB11960C36A0433C36228
:10BC200003B05DF804FB01AA19462830FFF778FF3E
:10BC300003B05DF804FB00BF704700BF704700BF52
:10BC400010B5BFF35B8F04460123064884F8283003
:10BC5000BFF35B8F0EF0A8F82046BDE8104000F05F
:10BC60003FBA00BFDC2F040838B5BFF35B8F002557
:10BC7000044680F82850BFF35B8F436933B100F16D
:10BC80000C010322084698476561A5612046BDE87E
:10BC9000384000F025BA00BF70B586B000240246D7
:10BCA00002AB0294D1E902565C6025B18C60CC6095
:10BCB00003C983E8030093E80300EE4602F10C0C8D
:10BCC0008EE803009CE8030083E803009EE803007D
:10BCD0008CE803005469916955610494966105915B
:10BCE0001CB1032219461846A04706B070BD00BF1C
:10BCF000A0F10800FFF7D0BF704700BF114B70B52F
:10BD000003F130020025036004468260BFF35B8FBD
:10BD100080F82850BFF35B8F436900F10C062BB10C
:10BD200003223146304698476561A561204600F000
:10BD3000D7F963691BB10322314630469847204644
:10BD400070BD00BF18300408F8B5124B002504463A
:10BD5000A0F1080703F1300240F8083C061D02601C
:10BD6000BFF35B8F80F82050BFF35B8FC3682BB1AC
:10BD70000322314630469847E5602561384600F099
:10BD8000AFF9E3681BB10322314630469847384685
:10BD9000F8BD00BF18300408134B70B503F1300232
:10BDA0000025036004468260BFF35B8F80F8285053
:10BDB000BFF35B8F436900F10C062BB103223146C0
:10BDC000304698476561A561204600F089F96369AE
:10BDD0001BB1032231463046984720462C211AF0E9
:10BDE00030FE204670BD00BF18300408F8B5144B73
:10BDF00000260446A0F1080503F1300240F8083C93
:10BE0000071D0260BFF35B8F80F82060BFF35B8F7C
:10BE1000C3682BB10322394638469847E66026614D
:10BE2000284600F05DF9E3681BB103223946384625
:10BE3000984728462C211AF004FE2846F8BD00BF7A
:10BE400018300408704700BF30B593B00C463F224D
:10BE5000002105460DF1060022F0B0FE40F201631C
:10BE6000D4E900120093521A072A01D913B030BD49
:10BE7000D3B20DF106008DF8053001338DF8043092
:10BE800022F074FEE868694603689B68984713B01F
:10BE900030BD00BF012A02D1016000207047022A94
:10BEA00005D0032AF9D0002AF7D10260F5E70B6824
:10BEB0000360F2E710B5836904463BB100F110015D
:10BEC0000322084698470023A361E3612046BDE8AA
:10BED000104000F005B900BF70B586B000240246DE
:10BEE00002AB0294D1E902565C6025B18C60CC6053
:10BEF00003C983E8030093E80300EE4602F1100C47
:10BF00008EE803009CE8030083E803009EE803003A
:10BF10008CE803009469D16995610494D661059118
:10BF20001CB1032219461846A04706B070BD00BFD9
:10BF3000A0F10800FFF7D0BF70B50446C06884B018
:10BF40000B4A036800260B4D6946DB680094039298
:10BF5000CDE901659847029B1BB16946032208465B
:10BF60009847204604B0BDE8704000F0B9B800BF63
:10BF70007DC0010895BE010830B593B00C463F2244
:10BF8000002105460DF1060022F018FE40F2016383
:10BF9000D4E900120093521A072A01D913B030BD18
:10BFA000D3B20DF106008DF8053001338DF8043061
:10BFB00022F0DCFD6868694603689B68984713B007
:10BFC00030BD00BF0022C16010B4054CC0E9004282
:10BFD0003034C0E90422846010BCC0E906227047F6
:10BFE000943004080B68B3F5C06F3CD1F0B5836999
:10BFF00087B00546002B34D04A7902F00F02531E59
:10C00000062B2ED80026002700238C1DCDE90067C3
:10C01000161E02932CDB27D0304603F0B3FA2146DC
:10C020000446324600903444029422F09FFDAB69EE
:10C030000194DBB16A4605F11001EB6903A898474A
:10C040002B68284603A9DB699847039818B105991E
:10C05000091A1AF0F6FC009818B10299091A1AF098
:10C06000F0FC07B0F0BD70470196E3E706F0B0FFC3
:10C07000014806F057FF00BF583004080068FFF77A
:10C08000B1BF00BF10B50446083001F089FB20465F
:10C09000BDE8104000F024B800F022B830B583B0FD
:10C0A00000250832069C009404460798019020461B
:10C0B0006560044D40F8085B01F024FB204603B0A6
:10C0C00030BD00BFDC30040841607047036819B11F
:10C0D000012903D05B691847DB6818471B691847BB
:10C0E0000146406810B103681B681847704700BFDD
:10C0F00003468068597B03689B681847704700BFF8
:10C100000A460346D0E90701091A8A4201D30139D8
:10C11000CAB203F1080193F8380083F8402003F015
:10C1200061B900BF10B5044610211AF08AFC204600
:10C1300010BD00BFEFF31183102282F31288BFF30A
:10C140006F8F4A6832B9426A41F8042F826A4162AD
:10C150000132826283F31188BFF36F8F704700BF93
:10C16000EFF3118C102383F31288BFF36F8F436AB0
:10C17000043143B1994202D11BE0994208D01A46DA
:10C180001B68002BF9D18CF31188BFF36F8F7047B8
:10C1900013680B498B42F6D01BB11968116000225D
:10C1A0001A60836A013B83628CF31188BFF36F8F3F
:10C1B0007047034A9342E6D000F12402EDE700BF46
:10C1C000503D00240EB40C4B10B50446186883B0E3
:10C1D00060B10368012221461B68984730B106AB65
:10C1E000059A01212046019303F070F903B0BDE8E0
:10C1F000104003B0704700BF9C5600240EB40C4B97
:10C2000010B50446186883B060B103680022214667
:10C210001B68984730B106AB059A00212046019370
:10C2200003F054F903B0BDE8104003B0704700BFFD
:10C230009C5600242DE9F0418369D3E901429442E0
:10C2400032D0054602E01034A2422DD0A3688B42C2
:10C25000F9D1267B002306EB4606A3732F694FEA2C
:10C26000C60807EBC6063375D5E90B0398476A6B1A
:10C27000637B801A0E4A023346F82300637B1078F2
:10C28000012B13D00B4A0C49022B18BF0A4657F852
:10C2900008300A49FFF7B2FF05F1080195F83800A8
:10C2A000BDE8F04103F09EB8BDE8F081044AEEE736
:10C2B0002C140024F8300408043104081031040858
:10C2C000F4300408A0F10400FFF7B4BF70B483B0E9
:10C2D000012500F12C0C02ACC560069E04E90C009F
:10C2E000124C046004F128053C34456084603468D5
:10C2F000089D046174684461079C846100242E6871
:10C300006D68C66105620A4D846245628CE80C0066
:10C31000446380F8381080F83940C0F83A40C48748
:10C3200080F8404003B070BC704700BF1C32040866
:10C33000503D002470B586461046DEE904549EF850
:10C340003C20641B394DE41005FB04F4A24253D297
:10C35000002B65D0DEE90724A41AA3425BD29EF825
:10C360003D409C4252D81FD20134E4B215198EF8D8
:10C370003D4015F8015C15559EF83DC0634511D947
:10C380000CF1010CDEF81C405FFA8CFC04EB0C0590
:10C390008EF83DC015F8015C04F80C509EF83DC0C5
:10C3A0009C45EDD3DEF81C20D418D35C14F8012C86
:10C3B0009B1ADEF8182012689A4222D99EF83C3067
:10C3C000DEF8102003EB430342F8331002EBC30204
:10C3D0005060DEF81C109EF83D208B5C01338B54BE
:10C3E0000EF104019EF83C3001338EF83C300368B6
:10C3F000BDE870401B6818470D4A1F21002003F05C
:10C4000087F80C4A2B21002003F082F80A4A2221E7
:10C41000002003F07DF8094A2121002003F078F87C
:10C42000074A2021184603F073F800BFABAAAAAA56
:10C430001C3104088C310408743104085431040898
:10C440004831040890F83930002B6ED02DE9F041C6
:10C4500082690546D2E90131994203D108E01033DF
:10C46000994205D09A7B002AF9D00020BDE8F081DE
:10C4700095F83A300021354A012B85F839101078AB
:10C4800055D0334A3349022B18BF0A4695F83B3042
:10C490003149FFF7B3FED5F81880D8E90146B44218
:10C4A0000FD02E4F02E01034A64208D023685B68FC
:10C4B000BB42F8D0204610349847A642F6D1D8F8AF
:10C4C0000460C8F8086095F83A605EB3002385F808
:10C4D0003A30EFF31182102787F31288BFF36F8F82
:10C4E0006B6A82F31188BFF36F8FDFF87480434566
:10C4F00018D0F3B11846EFF3118287F31288BFF317
:10C500006F8F50F8044982F31188BFF36F8F53F88F
:10C51000043C324695F83F101B689847444501D0CB
:10C520002346E6E70120BDE8F081012070470D4A6F
:10C53000ACE7EFF31182102181F31288BFF36F8F04
:10C5400082F31188BFF36F8F1B68FFDE2C14002469
:10C55000F830040804310408D8310408FDC001088B
:10C56000503D0024F43004082DE9F84F0446FFF74D
:10C5700069FF002800F0878094F83F3094F840204D
:10C58000934200F0828040F296805A1E022184F885
:10C590003B3084F83F20012284F83A10DFF83491D0
:10C5A00084F83920D4E90B03984794F83A3099F885
:10C5B0000010012B60637CD0474A4848022B18BF0B
:10C5C000024694F83B3008464549FFF7FBFD94F8D6
:10C5D0003B30E269D118D35C11F8016CB3424DD9FC
:10C5E0004FF0010817E03D4BBEF1020F0CBF8C4627
:10C5F0009C465BF83A3062463A490136FFF7E2FD65
:10C6000029463846F6B202F0EDFE94F83B30E26976
:10C61000D35CB34232D9A06906EB460AD4F810B015
:10C6200085680BEBCA076DB194F83AC079682E4B58
:10C6300085F80DC0A9602E73C5F804802B6085F8BD
:10C640000E80856805F110018160786887F8148094
:10C6500094F83A10797507687F68B847074694F8E8
:10C660003AE0FF2F99F800001B4908BF94F8387092
:10C67000BEF1010FB7D1DFF874C0BAE7A369D3E9FF
:10C6800001329A420DD0BDE8F88F94F83E209A42CC
:10C69000F9D201330121DBB284F83F3084F83B301A
:10C6A00079E704F1080194F83800BDE8F84F02F08A
:10C6B00099BE0E4A85E794F83E108B42E9D18A4232
:10C6C000E7D94B1C0021DBB284F83E3084F83B30C4
:10C6D00061E700BF2C140024F8300408043104087A
:10C6E000EC310408F831040808320408F430040876
:10C6F000A0F10800FFF738BF044A136813F00103E4
:10C7000003D10120024910600B607047483D0024AE
:10C71000503D0024FF207047704700BF0438704729
:10C7200010B5044630211AF08CF9204610BD00BF28
:10C7300010B5041F302120461AF083F9204610BDA1
:10C74000012A02D1016000207047022A05D0032A85
:10C75000F9D0002AF7D10260F5E70B680360F2E731
:10C76000012A02D1016000207047022A05D0032A65
:10C77000F9D0002AF7D10260F5E70B680360F2E711
:10C7800070B50C4D9C468160864605601C35C260C4
:10C7900000F1100445600025BCE80F000FC49CE8C0
:10C7A000070084E807007046AEF82C508EF82E5033
:10C7B00070BD00BF98320408F0B50446C06885B06B
:10C7C0004FF0000C0568184F6B46184EAD68628A32
:10C7D000218ACDF804C00094CDE90267A847029BE6
:10C7E0001BB10322694668469847E0680022104B57
:10C7F00001688D6803930F4B218A02936B46CDE944
:10C800000042A28AA847029B1BB169460322084640
:10C810009847E068238BE28A218A0468E468A4468A
:10C8200005B0BDE8F04060470DCB010861C70108C5
:10C83000C5CB010841C7010870B50546088D86B013
:10C840000023904203D028462B7406B070BD01F13E
:10C850002B0601F12E041946ADF80800039304934A
:10C86000059316F8012F99428DF8072011D001B1D8
:10C870000A7001310491B442F3D10398BDF8082045
:10C88000A9600121686028462A80EB60297406B0FF
:10C8900070BD0DF1070203A8F9F7FAF8DDE90413FA
:10C8A000E9E700BFA1F10401FFF7C6BF0023F0B51F
:10C8B0001A4687B0194600F12B040026002704937E
:10C8C000914214F8013F0546CDE902678DF8073023
:10C8D00000F12E060ED009B10B7003990131B4425C
:10C8E00003910ED014F8013FDDE903128DF80730F3
:10C8F0009142F0D10DF1070202A8F9F7C9F8B4424C
:10C90000F0D1E86802ABEA8A0468298A2469A04762
:10C91000029818B10499091A1AF093F807B0F0BDFB
:10C92000022917D8431800EB810170B5044693F82B
:10C930002C6083F82C2015468068C96903689B68C1
:10C940009847AE4201D1012070BD2046FFF7AEFFEF
:10C95000012070BD00207047EAB92DE9F843044674
:10C96000164600F12B0500F1180700F12E0915F805
:10C97000018F00222E70A06857F8041F03689B687F
:10C9800098472046B8F1000F01D0FFF78FFF4D45C3
:10C99000EDD1BDE8F8837047838C8B4221D1D2E979
:10C9A00000135B1A012B1CD90B78022B19D8C21863
:10C9B00000EB830370B54D78044692F82860003D83
:10C9C00018BF012582F828502A46406899690368F3
:10C9D0009B689847B54202D0201FFFF767FF0120F0
:10C9E00070BD0020704700BF038D8B4221D1D2E97A
:10C9F00000135B1A012B1CD90B78022B19D8C21813
:10CA000000EB830370B54D78044692F82C60003D2E
:10CA100018BF012582F82C502A468068D96903681E
:10CA20009B689847B54202D02046FFF73FFF0120A0
:10CA300070BD0020704700BF2DE9F0411546044647
:10CA40000F46D2E9002343602B8902600381D5E9B8
:10CA50000336F61A00239E424361C0E903333ED0F9
:10CA60004EDB304602F08EFD03461E44C4E903331C
:10CA70006661D5E90312561A2BD133448022236113
:10CA80002272D5E903239B1A012B1DD955781678FC
:10CA9000003D1C48314618BF01252A460FF071FBA6
:10CAA000022E1ED8BB1907EB86062A4693F82C8067
:10CAB00083F82C50B868F16903689B68984745452E
:10CAC00018D100210B460EE0012320466372BDE819
:10CAD000F0811846324622F057F80346CDE7334638
:10CAE000C3E701210B46084863720FF04AFB20465A
:10CAF000BDE8F0813846FFF7D9FE00210B46F2E78A
:10CB000006F0B0F95C3204087832040810B5044627
:10CB10000968FFF791FF204610BD00BF2DE9F041E5
:10CB2000164682B004460F46D2E90023436033899B
:10CB300002600381D6E90335ED1A00239D4243616B
:10CB4000C0E9033339D03ADB284602F01BFD034627
:10CB50001D44C4E903336561D6E90312521A03D0B8
:10CB6000184622F011F80346802207F12B06AB424B
:10CB700004F10C08228107F12E0716F8012F8DF819
:10CB800007200ED00BB11A7023690133BE42236116
:10CB90000FD016F8012FD4E904358DF80720AB42E9
:10CBA000F0D119460DF107024046F8F771FFBE4279
:10CBB000EFD1204602B0BDE8F0812B46C8E706F071
:10CBC00051F900BF10B504460968FFF7A7FF2046DA
:10CBD00010BD00BF012A02D1016000207047022A67
:10CBE00005D0032AF9D0002AF7D10260F5E70B68D7
:10CBF0000360F2E7012A02D1016000207047022A97
:10CC000005D0032AF9D0002AF7D10260F5E70B68B6
:10CC10000360F2E7012A02D1016000207047022A76
:10CC200005D0032AF9D0002AF7D10260F5E70B6896
:10CC30000360F2E7012A02D1016000207047022A56
:10CC400005D0032AF9D0002AF7D10260F5E70B6876
:10CC50000360F2E7012A02D1016000207047022A36
:10CC600005D0032AF9D0002AF7D10260F5E70B6856
:10CC70000360F2E72DE9F041D0F80080551A83688F
:10CC800004460E46A3EB08039D4215D9002D3ADB5E
:10CC9000284602F077FC31462A46064621F066FF18
:10CCA000206818B1A168091A19F0CBFE3544C4E90F
:10CCB0000065A560BDE8F08143681746A3EB080254
:10CCC000954206D86DB945449D42F3D06560BDE8F4
:10CCD000F081164492B9BF1B09D13B446360BDE8A3
:10CCE000F0812A46404621F04FFF6368EBE7184683
:10CCF0003A46314621F048FF0346EEE7404621F030
:10CD000043FF6368E7E7014806F00CF95830040870
:10CD10008B8C934270B5044603D0002303742046E5
:10CD200070BD0120154691F8A46002F02BFC00B103
:10CD30000670431C01222580E3602274C4E90103CC
:10CD4000204670BDA1F10401FFF7E2BF10B5044613
:10CD50001A4BD0F8880004F1900203F11C019042B4
:10CD6000C4E9003104D0D4F89010013119F069FE03
:10CD7000206F04F17803984203D0A16F013119F0BC
:10CD800060FEA06D04F16003984203D0216E013172
:10CD900019F057FE206C04F14803984203D0A16CAF
:10CDA000013119F04EFEA06A04F13003984203D01D
:10CDB000216B013119F045FE204610BD20330408D7
:10CDC00038B504461B4BD0F8840004F18C0203F103
:10CDD0001C01251F904244E9013104D0D4F88C1085
:10CDE000013119F02EFEE06E04F17403984203D075
:10CDF000616F013119F025FE606D04F15C0398420A
:10CE000003D0E16D013119F01CFEE06B04F1440325
:10CE1000984203D0616C013119F013FE606A04F18D
:10CE20002C03984203D0E16A013119F00AFE28462A
:10CE300038BD00BF2033040838B504461D4BD0F878
:10CE4000840004F18C0203F11C01251F904244E987
:10CE5000013104D0D4F88C10013119F0F2FDE06EEC
:10CE600004F17403984203D0616F013119F0E9FDB8
:10CE7000606D04F15C03984203D0E16D013119F05B
:10CE8000E0FDE06B04F14403984203D0616C013192
:10CE900019F0D7FD606A04F12C03984203D0E16ACF
:10CEA000013119F0CEFD2846A82119F0CAFD284607
:10CEB00038BD00BF2033040810B504461C4BD0F821
:10CEC000880004F1900203F11C019042C4E9003192
:10CED00004D0D4F89010013119F0B3FD206F04F1A3
:10CEE0007803984203D0A16F013119F0AAFDA06D1B
:10CEF00004F16003984203D0216E013119F0A1FDC5
:10CF0000206C04F14803984203D0A16C013119F060
:10CF100098FDA06A04F13003984203D0216B0131DF
:10CF200019F08FFD2046A82119F08BFD204610BD79
:10CF3000203304082DE9F0411546D1F8008082B075
:10CF4000044600F10C07D2E9002343602B890260FC
:10CF50000381D5E90336F61A00239E424361C0E9F6
:10CF6000033324D025DB304602F00CFB03461E447D
:10CF7000C4E903336661D5E903156D1A11D12B4459
:10CF80008022384601A922810DF10502236198F81B
:10CF9000A4308DF80430FFF76DFE204602B0BDE8E6
:10CFA000F08118462A4621F0EFFD0346E7E73346B5
:10CFB000DDE705F057FF00BFF0B5036183B0694BB3
:10CFC0000446089DC0E9021203F11C02C0E90032C8
:10CFD000D5E901232968303040F8182C40F8143C7A
:10CFE000EA682B8A40F81C1C2262A384A062AE6906
:10CFF0006F690F2E019669D8012E58D13B7884F8BD
:10D0000030300022E66204F14003825504F148000A
:10D0100020642E6BEF6A0F2E019600F29580012E90
:10D0200051D13B7884F848300022666404F15803FB
:10D03000825504F16000A065AE6C6F6C0F2E0196F6
:10D0400066D8012E39D13B7884F860300022E6653D
:10D0500004F17003825504F1780020672E6EEF6DA5
:10D060000F2E019662D8012E2AD13B7884F87830B1
:10D070000022666704F18803825504F19000C4F829
:10D080008800D5E91D560F2E019630D8012E11D1FA
:10D090002B7884F890300023099AC4F88C6083556B
:10D0A0002046C4F8A02084F8A43003B0F0BD002EC0
:10D0B000A7D015E0002EEED022E0002EC6D02EE044
:10D0C000002ED5D039E0002EAED044E004F1280285
:10D0D00001A9104600220AF013FA019BA062236303
:10D0E0003246394621F042FD019EA06A89E7184682
:10D0F00001A90AF005FA019BC4F88800C4F8903031
:10D100003246294621F032FD019ED4F88800C2E75C
:10D11000184601A90AF0F4F9019BA065236632467E
:10D12000394621F023FD019EA06D8FE7184601A925
:10D130000AF0E6F9019B2067A3673246394621F0E1
:10D1400015FD019E206F93E7184601A90AF0D8F952
:10D15000019B2064A3643246394621F007FD019EFD
:10D16000206C61E720330408F0B50446006985B0FF
:10D170004FF0000C0568354F6B46354EAD68E28ABE
:10D18000A18ACDF804C00094CDE90267A847029BAC
:10D190001BB10322694668469847206900222D4B3F
:10D1A00001688D6803932C4BA18A02936B46CDE9ED
:10D1B0000042228BA847029B1BB1032269466846A6
:10D1C000984720690022254B01688D680393244B02
:10D1D000A18A02936B46CDE90042628BA847029B6D
:10D1E0001BB103226946684698472069E38B0168B2
:10D1F000A28BCD68A18AA847E0681A4A002103687B
:10D200009B680392184ACDE900410292694698470B
:10D21000029B1BB10322694668469847D4F8A000D8
:10D2200090B10368002204F14001DB6801920F4ACB
:10D23000009403920E4A02926A469847029B1BB1E1
:10D24000694603220846984705B0F0BD45D4010859
:10D2500055CC01088DD5010835CC010835CF010822
:10D2600015CC01081DD60108F5CB010885D50108AC
:10D27000D5CB010810B5D0F8A01090B0002943D04C
:10D280000B6800F17002044668461B6998479DF8D8
:10D290001C3043B19DF81830022B04D12B49009863
:10D2A000E3F78EFF70BBD4F8A01004F1880208A841
:10D2B0000B681B6998479DF83C3033B99DF81C30CA
:10D2C00001246BB9204610B010BD9DF83830FBB971
:10D2D0009DF820409DF81C3084F00104002BF1D013
:10D2E0009DF818300022022B8DF81C20EAD9032B60
:10D2F00000981BD102AB9842E4D00299013119F099
:10D30000A0FBDFE70024DDE70124204610B010BDBC
:10D310000022032B8DF83C200FD108980AAB9842CD
:10D32000CCD00A99013119F08CFBC7E70028C9D08D
:10D330000299091A19F085FBC4E7BFD908980A9920
:10D340000028BBD0091A19F07CFBB7E70000A04009
:10D350002DE9F0434FF000088BB04FF00009002694
:10D360000446022015468DF80C108DF80D2002960B
:10D37000CDE9008902F006F9821C0346009020697D
:10D38000A18ACDE90122BDF80C201A800368A28B86
:10D390001F696B46B847D4F8A00090B1A5F101050C
:10D3A000036804F1280103AAB5FA85F59B688DF896
:10D3B00024606D098DF80C5098479DF82430022B9D
:10D3C00008D8009818B10299091A19F03AFB0BB065
:10D3D000BDE8F083032B039806D00028F1D005990F
:10D3E000091A19F02EFBECE705AB9842E9D0059934
:10D3F000013119F026FBE4E738B590F8A430022B90
:10D4000017D0012B13D00446FFF734FF88B1A06872
:10D41000012294F8A45084F8A4200368216A9B6830
:10D42000984794F8A42029462046FFF791FF012051
:10D4300038BD002038BD00BF022A00D07047FFF77A
:10D44000DBBF00BFF8B515460F680446D2E90023DC
:10D4500043602B8902600381D5E90336F61A002365
:10D460009E424361C0E903331FD020DB304602F007
:10D4700089F803461E44C4E903336661D5E9031500
:10D480006D1A0CD12B448022384623612272FFF79B
:10D49000B3FF0346204683F001036372F8BD1846CC
:10D4A0002A4621F071FB0346ECE73346E2E705F03C
:10D4B000D9FC00BF38B590F8A430022B18D00BB9B6
:10D4C000012038BD0446FFF7D5FE88B1A0680022D0
:10D4D00094F8A45084F8A4200368216A9B689847B4
:10D4E000204694F8A4202946FFF732FF0120E8E700
:10D4F000002038BD838C8B4207D1D2E900329342A1
:10D5000003D01B781BB1FFF777BF00207047FFF7F0
:10D51000D1BF00BF137E63BB10B5137888B004463B
:10D52000C3B9FFF7C7FF0346D4F8A00080B183F06A
:10D530000103012204F158010468DBB2A4680193DD
:10D540008DF81C2001AAA0479DF81C30022B05D89D
:10D5500008B010BDFFF750FF0346E5E7032B019825
:10D5600008D103AB9842F3D00399013119F069FA5D
:10D57000EEE770470028EBD00399091A19F061FA19
:10D58000E6E700BF0068FFF7C5BF00BFF8B5154666
:10D590000F680446D2E9002343602B8902600381AF
:10D5A000D5E90336F61A00239E424361C0E90333EE
:10D5B0001FD020DB304601F0E5FF03461E44C4E9DE
:10D5C00003336661D5E903156D1A0CD12B44802213
:10D5D000384623612272FFF76DFF0346204683F031
:10D5E00001036372F8BD18462A4621F0CDFA0346BE
:10D5F000ECE73346E2E705F035FC00BF038C8B42D5
:10D6000008D1D2E90032934204D01B7804381BB110
:10D61000FFF7F2BE00207047FFF74CBF10B504685B
:10D6200094F8A430012B09D003B110BD07480EF0C7
:10D63000A8FD2046BDE81040FFF7DEBE04480EF00E
:10D64000A0FD2046BDE81040FFF734BFF0320408CB
:10D65000C4320408012A02D1016000207047022A66
:10D6600005D0032AF9D0002AF7D10260F5E70B684C
:10D670000360F2E7012A02D1016000207047022A0C
:10D6800005D0032AF9D0002AF7D10260F5E70B682C
:10D690000360F2E7012A02D1016000207047022AEC
:10D6A00005D0032AF9D0002AF7D10260F5E70B680C
:10D6B0000360F2E710B50446806A064A04F13003BD
:10D6C0002260984203D0216B013119F0BAF920464B
:10D6D00010BD00BF1434040810B50446806A084A1F
:10D6E00004F130032260984203D0216B013119F01C
:10D6F000A8F92046602119F0A4F9204610BD00BF0A
:10D700001434040870B5044682B0C0E90112069DC5
:10D710003030E360204B23606B6863612B89238387
:10D72000AB7AA376EB68E3612B6923626B69636272
:10D730002B68A0622361D5E906650F2D019519D8E4
:10D74000012D14D1337884F830300023E5620022B3
:10D75000124943550798A264E26422656365A16596
:10D7600084F85C30C4E91003204602B070BD002D7F
:10D77000EBD009E004F1280201A91046002209F0CB
:10D78000BFFE019BA06223632A46314621F0EEF9D9
:10D79000019DA06AD9E700BF14340408000080BFCF
:10D7A000F0B50446806885B04FF0000C0568264F40
:10D7B0006B46264EAD68628A218ACDF804C000947B
:10D7C000CDE90267A847029B1BB103226946684660
:10D7D0009847A06800221E4B01688D6803931D4B7B
:10D7E000218A02936B46CDE90042A28AA847029B98
:10D7F0001BB10322694668469847A068238B0168DD
:10D80000E28ACD68218AA847E068134A00210368AC
:10D810009B680392114ACDE9004102926A46616A0F
:10D820009847029B60641BB16946032208469847EB
:10D83000E069E3F7CFFC616A0246094805B0BDE83C
:10D84000F0400EF09EBC00BF75DC010895D60108C3
:10D8500021D9010875D60108E9DB010855D6010870
:10D860004C330408F8B5154604460F46D2E90023A8
:10D8700043602B8902600381D5E90336F61A002341
:10D880009E424361C0E9033339D040DB304601F0AA
:10D8900079FE03461E44C4E903336661D5E90312E9
:10D8A000561A26D13344802223612272D5E90323FC
:10D8B0009B1A032B19D9156800212DBA2846E3F7C6
:10D8C00061FCF0B9FE6929463046E3F75BFC00B124
:10D8D00035462846BD65E3F77DFC01460D480EF050
:10D8E00050FC002320466372F8BD0123204663727A
:10D8F000F8BD1846324621F047F90346D2E73346D1
:10D90000C8E7054B0548BB650EF03BFCE9E705F0B1
:10D91000A9FA00BFB0330408000080BF84330408B4
:10D9200010B504460968FFF79DFF204610BD00BFF3
:10D9300038B50446002304200DBAA360C4E90033BF
:10D9400001F020FE031D206005602046C4E901337C
:10D9500038BD00BF022A80F85C203ED070B5044676
:10D96000002588B0006D2946A564E3F701FC90B15D
:10D97000206C70B103680222002504F128019B6825
:10D980008DF81C2001AA019598479DF81C30022BA8
:10D9900018D808B070BD294601A8FFF7C9FFA068D4
:10D9A00001AB218A02681669E28AB04701982565B1
:10D9B0000028DDD00399091A19F043F8206C0028DB
:10D9C000D8D1E6E7032B019808D103AB9842E0D009
:10D9D0000399013119F035F8DBE770470028D8D0FA
:10D9E0000399091A19F02DF8D3E700BF2DE9F0418A
:10D9F00090F85C308AB00446022B27D00025806C5A
:10DA00002946E3F7B5FB002800F0AC80206C70B12C
:10DA10000368002502229B6804F1280103958DF814
:10DA2000242003AA98479DF82430022B02D80AB07C
:10DA3000BDE8F081032B039840F0AE8005AB98421F
:10DA4000F5D00599013118F0FCFFF0E7856D002154
:10DA50002846E3F7ABFB002866D16068A17E036827
:10DA60009B68984740F6FF730746226A9842A8BF12
:10DA7000184620EAE070824200F38A809B1A8342B3
:10DA8000C0F2A480E3F78CF9E56C2946E3F7D2F8FD
:10DA90004F49E3F7D9F92946E3F7CEF8E5694D494F
:10DAA0008046E064E3F784FA2946E3F7CDF94A4972
:10DAB000E3F77EFA0DF09AFC4749E3F7C5F9002138
:10DAC0000646E3F75FFB00B1002631462846E3F740
:10DAD00059FB00B93546636D404A0133A56463655F
:10DAE00002FB03F33E4AB2EB730F5DD2216D284671
:10DAF000E3F73EFB90B9294603A8FFF719FFA0689A
:10DB000003AB218A02681569E28AA847A36C0398CF
:10DB1000236518B10599091A18F093FF206C0028A5
:10DB200085D00368A56C75E72B492846E3F740FAD2
:10DB30000DF05CFC2849E3F787F900210546E3F77F
:10DB400021FB38BBE66929463046E3F71BFB00B9E9
:10DB50002E46216D3046A664E3F70AFB0028DDD18E
:10DB60003146C9E7294603A8A564FFF7E1FEA0688E
:10DB700003AB218A02681669E28AB04703982565DB
:10DB800000283FF443AF0599091A18F05AFF3DE702
:10DB9000002079E70025D5E700283FF448AF059934
:10DBA000091A18F04EFF42E74046E3F713FB03461D
:10DBB000A67E28461D46E3F70DFB3A4600902B460D
:10DBC000314608480EF0DDFAA56C8FE701485BE7A7
:10DBD0008FC2F53C00F07F450000A040295C8FC259
:10DBE00051B81E05D83304080068FFF7FFBE00BF18
:10DBF000F0B5154685B004460F46D2E900234360D0
:10DC00002B8902600381D5E90336F61A00239E4270
:10DC10004361C0E9033329D02ADB304601F0B2FC6E
:10DC200003461E44C4E903336661D5E903156D1A42
:10DC300016D12B44802201A823612281B96CFFF701
:10DC400077FEE068019A6169DDE90253C4E90325C2
:10DC5000636110B1091A18F0F4FE204605B0F0BD5A
:10DC600018462A4620F090FF0346E2E73346D8E7FD
:10DC700005F0F8F810B504460968FFF7B9FF20462B
:10DC800010BD00BF10B5044606480EF07AFA022116
:10DC90002368586800F048FA2368002283F82C2093
:10DCA00010BD00BF20340408012A02D10160002009
:10DCB0007047022A05D0032AF9D0002AF7D1026062
:10DCC000F5E70B680360F2E7012A02D1016000204A
:10DCD0007047022A05D0032AF9D0002AF7D1026042
:10DCE000F5E70B680360F2E770B582B00446069E64
:10DCF000C0E90012A36018303368C4E90330D6E9E4
:10DD000001650F2D019510D8012D0BD133782376A5
:10DD10000023079A656143552046A26284F82C309F
:10DD200002B070BD002DF3D009E004F1100201A98A
:10DD30001046002209F0E4FB019B2061A3612A4602
:10DD4000314620F013FF019D2069E1E770B50446DC
:10DD5000006884B00F4A036800260F4D69469B682F
:10DD6000CDE90046CDE902259847029B1BB16946E3
:10DD700003220846984763689B7B0BB104B070BDD3
:10DD800006480EF0FEF90121606804B0BDE870405D
:10DD900000F0CAB9C9DC0108C5DE01083C3404083A
:10DDA000816A11B300F1100200B589B00B686846B2
:10DDB0001B6998479DF81C309BB19DF81830022BC9
:10DDC00003D1009809B05DF804FB0022032B8DF805
:10DDD0001C200CD005D90098029910B1091A18F02E
:10DDE00030FE002009B05DF804FB00207047009869
:10DDF00002AB9842F5D00299013118F022FEF0E70B
:10DE000070B5436884B090F82C609D7B002E3BD1A8
:10DE1000012D04461AD0022D06D02946224804B00E
:10DE2000BDE870400EF0ADB9FFF7BAFF002105461E
:10DE3000E3F7C6F900282DD02846E3F7CBF90146D1
:10DE40001A4804B0BDE870400EF09BB918480EF0B7
:10DE500098F90321606800F067F998B1A06884F828
:10DE60002C50144A0368E168DB680392124A019659
:10DE700002926A4600949847029B1BB169460322AE
:10DE80000846984704B070BD0C4804B0BDE8704027
:10DE90000EF077B90A480EF074F90121606804B0F9
:10DEA000BDE8704000F040B9F4340408A834040818
:10DEB0008834040885DC0108A9DC01086034040802
:10DEC000D43404080068FFF79BBF00BF012A02D1C9
:10DED000016000207047022A05D0032AF9D0002AE9
:10DEE000F7D10260F5E70B680360F2E7012A02D17F
:10DEF000016000207047022A05D0032AF9D0002AC9
:10DF0000F7D10260F5E70B680360F2E78446034649
:10DF100000B54CF8041B10685168B2F808E0002204
:10DF2000ACE803001846ACF800E09A731A615A6135
:10DF30009A615DF804FB00BFF0B50446006885B047
:10DF40004FF0000C0568184F6B46184EAD68E2881C
:10DF5000A188CDF804C00094CDE90267A847029BD0
:10DF60001BB1032269466846984720680022104B7F
:10DF700001688D6803930F4BA18802936B46CDE92E
:10DF800000422289A847029B1BB16946032208462A
:10DF900098472068A3896289A1880468E468A44638
:10DFA00005B0BDE8F0406047C9E00108EDDE0108BA
:10DFB000EDE10108CDDE010891420DD003291BD807
:10DFC000DFE801F00412020C02F0FD02A2F10100F0
:10DFD000B0FA80F04009704701207047A2F10200BA
:10DFE000B0FA80F040097047931E002A18BF012B39
:10DFF00094BF012000207047002070472DE9F041B8
:10E00000154604468846D2E9002343602B89026006
:10E010000381D5E90336F61A00239E424361C0E925
:10E02000033328D04DDB304601F0ACFA06440746F6
:10E030006661C4E90300D5E903156D1A0BD180238D
:10E040008642238198F80E801DD007F8018B276146
:10E050002046BDE8F0812A463D4420F095FD80230E
:10E06000BE422561238198F80E800CD007F8018B01
:10E07000AF42ECD1ECE7D5E903156D1A17D1802337
:10E08000038198F80E80012001F07CFAE3680546D0
:10E0900080F8008023B161691846C91A18F0D1FCD4
:10E0A0006B1C2046C4E903536361BDE8F081304630
:10E0B0002A4620F069FD80232561238198F80E808F
:10E0C000E1E704F0CFFE00BF10B504460968FFF792
:10E0D00095FF204610BD00BF2DE9F041046884B0D3
:10E0E000002287882368B0F80A801D690023867B98
:10E0F000012002930023CDE9002301F043FA0346F7
:10E10000424620461E70394600930133CDE9013363
:10E110006B46A847009818B10299091A18F091FCAB
:10E1200004B0BDE8F08100BF2DE9F041867B0A46CE
:10E130000D4607463146FFF73FFF804690B1AE429D
:10E1400010D03846BD73FFF7C7FFD7E90447BC427C
:10E1500008D054F8040B2A46314603689B68984758
:10E16000A742F6D14046BDE8F08100BFF8B515469C
:10E1700004460F46D2E9002343602B8902600381E5
:10E18000D5E90336F61A00239E424361C0E9033302
:10E1900028D029DB304601F0F5F903461E44C4E9D6
:10E1A00003336661D5E90312561A15D13344802230
:10E1B00023612272D5E903329A4209D01978384690
:10E1C000FFF7B2FF80F00100C0B260722046F8BDD8
:10E1D000012060722046F8BD1846324620F0D4FC7B
:10E1E0000346E3E73346D9E704F03CFE10B50446A6
:10E1F0000968FFF7BBFF204610BD00BF2DE9F04FB7
:10E20000D0E9008689469346A6EB08016FF060428C
:10E2100083B0B2EBA10F5ED08B100546A9EB080AC4
:10E22000B04514BF194601215C183BD2002C4DD1DA
:10E23000274617EB0A0F03D0DBF8003047F80A3007
:10E240000AF10403A6EB0906BAF1000F3B4403EB05
:10E25000060B0ADC002E1CDCB8F1000F0DD1AC60FF
:10E26000C5E9007B03B0BDE8F08F52464146384611
:10E27000019320F089FC002E1BDCA9684046A1EB2D
:10E28000080118F0DEFBAC60C5E9007B03B0BDE817
:10E29000F08F32464946184620F068FCB8F1000F6E
:10E2A000DDD0EAE70D4C204601F06CF90746044446
:10E2B000BFE7019B49463246184620F057FCA96843
:10E2C0004046A1EB080118F0BCFBDCE7A24228BFE6
:10E2D00022469400E7E7024804F024FEFCFFFF7F9B
:10E2E0003829040800B5D0E9053283B09342019182
:10E2F00007D00BB1196043690433436103B05DF883
:10E3000004FB01AA19461030FFF778FF03B05DF84F
:10E3100004FB00BF012A02D1016000207047022ADD
:10E3200005D0032AF9D0002AF7D10260F5E70B687F
:10E330000360F2E7012A02D1016000207047022A3F
:10E3400005D0032AF9D0002AF7D10260F5E70B685F
:10E350000360F2E770B5541A82B00E4605460F2CE2
:10E36000019411D8012C006808D10B7803700023A8
:10E37000019C28686C60035502B070BD5CB9002335
:10E380006C60035502B070BD002201A909F0B8F815
:10E39000019B2860AB602246314620F0E7FB019CE0
:10E3A000286800236C60035502B070BD002879D046
:10E3B0002DE9F04F804683B0D8F80C300193002B44
:10E3C00064D0019BD3F80CA0BAF1000F56D0DAF854
:10E3D0000CB0BBF1000F48D0DBF80C409CB3E568F3
:10E3E00005B3EF6837B3FE68B6B3D6F80C90B9F151
:10E3F000000F0CD0D9F80C00FFF7D8FF4846D9F829
:10E400000890182118F01DFBB9F1000FF2D1D6F8D1
:10E4100008901821304618F014FBB9F1000F1BD0FA
:10E420004E46E2E7A5681821204618F00AFB55B1D0
:10E430002C46D4E7AE681821284618F002FB002EBF
:10E44000F0D03546CDE7DBF808401821584618F0E3
:10E45000F8FA54B1A346BFE7BE681821384618F051
:10E46000F0FA002EE6D03746BDE7DAF8084018216A
:10E47000504618F0E6FA0CB1A246A8E70198182118
:10E48000846818F0DEFA0CB101949AE7D8F80840D5
:10E490001821404618F0D5FA0CB1A0468CE703B01D
:10E4A000BDE8F08F704700BF10B40024C0E900122F
:10E4B00000F1180100F130028460C4600461047648
:10E4C00080F8304080F84440C0E90741C0E90914B1
:10E4D000C0E90D42C0E90F2410BC7047002380F84A
:10E4E000443070470B88B1F802C0C2694CEA034C53
:10E4F0005AB300F1180370B5064692B09E461069F3
:10E500006045D2E902451BD22A46002AF7D19E4532
:10E5100003D0DEF810309C4501D212B070BDDEF899
:10E52000140001F10C0390F82820416A684600F0BD
:10E5300053FB3068694603689B68984712B070BD0A
:10E5400096462246002ADAD1E1E7704770B51546B3
:10E55000044608681146FFF7C5FF2B89D5E900215D
:10E5600023810023C4E90021D5E90326C4E903334C
:10E57000B61A63619E4218D019DB304601F002F8EA
:10E5800003461E44C4E903336661D5E903156D1AD9
:10E5900005D12B44802220462361228170BD18467C
:10E5A0002A4620F0F1FA0346F3E73346E9E704F0A0
:10E5B00059FC00BF436B002B31D02DE9F041804660
:10E5C000303084B00E6807461A699642D3E9024596
:10E5D00020D92B46002BF7D1B84202D03B699E428E
:10E5E00002D204B0BDE8F08101A800F019FBD8F810
:10E5F0000400796901AB04680A8C2469898BA047FF
:10E6000001980028EDD00399091A18F01AFA04B0FD
:10E61000BDE8F0811F462346002BD5D1DCE77047CB
:10E620000068FFF7C7BF00BF2DE9F04FD0E900A990
:10E6300014467D4AA9EB0A0388467C4985B09B10A5
:10E64000019002FB03F38B4200F0EA80CA4514BF3D
:10E650001A460122A8EB0A059B1880F0CD80002BFA
:10E6600040F0D6802C27029300930098461914D0CE
:10E6700006F10803D4E90012435130460A44FFF77B
:10E6800069FEA369B361236A3362E369F361636A74
:10E69000736294F8283086F82830D0454CD00AF1BF
:10E6A0000801009B0AF12C040E46002B40F0AE80BE
:10E6B00054F82C0CA346009F814204D054F8241C2B
:10E6C000013118F0BEF9D84507F12C0504F12C04EE
:10E6D00006F12C062FD0314605F10800286054F8C9
:10E6E0002C3C8B425AD02B6054F8243CAB6054F83D
:10E6F000283C6B60002354F8142C2F4604F8243C6B
:10E70000A34644E90B13AA6154E904232B6254F88D
:10E71000083CEA616B6214F8043C85F8283054F830
:10E720002C0C8142CAD1D84507F12C0504F12C04E8
:10E7300006F12C06CFD15837C84547D007F108035A
:10E7400008F1080644461BE043F8082CA2681A604A
:10E75000A2692C3343F8305C2C3643F81C2CD4E9E6
:10E7600007122C3443F8142C54F8082C43F8181CC6
:10E7700043F8102C14F8042C4C4503F80C2C18D03A
:10E7800022686568B24243F8083CDDD16A1CDFD0DC
:10E790001846314620F0EAF90346D9E754F8282C08
:10E7A000013226D0039120F0E1F954F8283C039976
:10E7B0009FE7A4EB08031E4A2C3B9B0802FB03F3D4
:10E7C0002C2223F0404303FB02221744BAF1000F2E
:10E7D00006D0019B50469968A1EB0A0118F031F967
:10E7E000DDE90023C3E90027029A9A6005B0BDE87D
:10E7F000F08F4FF0FF337CE70E4E304600F0C2FE44
:10E80000821900F12C07009002922EE71D4663E763
:10E810008B424FF02C0228BF0B4602FB03F6ECE7BD
:10E82000054804F07FFB00BFA38B2EBA2EBAE80286
:10E83000A38B2E3AE8FFFF7F3829040870B5D0E992
:10E84000034305460E469C4219D0ACB104F10803BF
:10E8500020462360D1E900120A44FFF77BFD336AAA
:10E86000B2692362736AA2616362F26996F8283022
:10E87000E26184F82830EC682C34EC6070BD0A4604
:10E8800008302146FFF7D0FE70BD00BF2DE9F843E8
:10E890008C6880469146B4B1166800E01C46A268B8
:10E8A000D4E90335AE4236BF134600270127002BBB
:10E8B000F4D14FB9B542234613D300234046C8E9EB
:10E8C0000043BDE8F8830C1DCB68A3420FD020465F
:10E8D00018F09EFAD9F80060056923460446B5424F
:10E8E000EBD200224046C8E90023BDE8F8830023AC
:10E8F0004046C8E90034BDE8F88300BF2DE9F04187
:10E900001D460B1D0F4606469A4222D0D5F80080C0
:10E910001446136943450DD9CB68934234D0104651
:10E9200018F076FA0369434515D2C368A3B334607F
:10E93000746015E017D20B6993421FD0104618F08F
:10E9400063FA0369984506D2E36813B330607060D8
:10E9500006E04B696BB92A4639463046FFF796FF09
:10E960003046BDE8F0810023C0E900233046BDE811
:10E97000F0810B6929681A699142ECD9002230466E
:10E98000C6E90023BDE8F081036043603046BDE87E
:10E99000F081C6E90034E3E7C6E90030E0E700BFF4
:10E9A0002DE9F04F00F1140387B0C46907460193C5
:10E9B0004CB1E068FFF7FAFC2046A468182118F073
:10E9C00040F8002CF5D1002307F1180807F12C02BC
:10E9D0007C6B0092C7E90738C7E909834CB1E0684E
:10E9E000FFF7E4FC2046A468182118F02AF8002C50
:10E9F000F5D14FF0000907F1300AD7E9024BC7F80B
:10EA00003490A345C7F84090C7E90EAA3ED0A36949
:10EA1000002B42D1A38B4546E68B46EA0346FB69B1
:10EA20006BB103F1080007C8964232D81D46034671
:10EA3000002BF6D1A84502D02B699E4222D2182085
:10EA400000F0A0FD2A4600F1100305460199C0E937
:10EA5000046902A8FFF752FFDDE90232002A55D00F
:10EA6000A8EB0200B0FA80F04009002B18BF40F07C
:10EA70000100002852D04346294618F0CBF9BB6A62
:10EA80000133BB626C612C34A345C0D107B0BDE833
:10EA9000F08F0B46002BC4D1CCE77B6B002B3BD017
:10EAA000666A554603F1080007C896422AD81D46F3
:10EAB0000346002BF6D1AA4502D02B699E42E1D233
:10EAC000182000F05FFD666A2A4600F11003C0F8C6
:10EAD00014900546066104A80099FFF70FFFDDE9D1
:10EAE00004329AB1181E18BF0120924508BF40F0A9
:10EAF0000100C8B15346294618F08CF93B6C01332C
:10EB00003B64BFE70B46002BCCD1D4E72846182145
:10EB10001D4617F096FFB5E75546D1E710698642C6
:10EB20002CBF00200120A6E7106986422CBF0020E0
:10EB30000120DFE72DE9F04F074685B0FFF730FFF2
:10EB40006E46D7E90248A04525D0DFF87CA0DFF863
:10EB50007C90A569334695B97868A18BD0F800C040
:10EB6000E28BDCF808B0CDE90075CDE9029AD84710
:10EB7000029B03223146304603B19847A569012D17
:10EB800006D17868638C0568228CA18BED68A84754
:10EB90002C34A045DDD1386800210D4A0368DB68BC
:10EBA00003920C4ACDE90071029231469847029BCC
:10EBB0001BB10322314630469847012387F8443081
:10EBC00005B0BDE8F08F00BF4DE5010835E3010851
:10EBD00021E6010815E30108F8B5104D1E4604466C
:10EBE0000F462B780021154606303F2200F8013CE5
:10EBF0001FF0E4FF27602571D6E90012521AAA42DD
:10EC000028BF2A46402A02D812B92046F8BD402221
:10EC1000601D1FF0ABFF2046F8BD00BFC4270408ED
:10EC2000F8B50E790F4604460023402E07D803603E
:10EC3000436083603EB9354620466560F8BD402696
:10EC4000036043608360304600F09CFC0546791DFC
:10EC5000324635442060A5601FF088FF204665607D
:10EC6000F8BD00BF2DE9F843D0E9012305460E4663
:10EC70009A4207D012B10B781370426801326A6071
:10EC8000BDE8F883D0F800906FF00040A2EB0904D3
:10EC9000844235D00CB3B4EB440F4FEA44032AD975
:10ECA0008046404600F06EFC3378002C04F10106EB
:10ECB00007460355064417DD494622461FF064FF08
:10ECC000A968A1EB0901484617F0BBFE07EB080055
:10ECD000C5E90076A860BDE8F883012000F052FC89
:10ECE000074680B90126B046B9F1000FEED0A968F9
:10ECF000A1EB0901E7E7834228BF03469846D0E726
:10ED0000064804F00FF9337806464FF0010806F87C
:10ED1000013BB9F1000FD9D0E9E700BF3829040859
:10ED200000224FF0010CC0E90012C0E9022280F875
:10ED300010C0704710B5044682B0D2E900031B1A18
:10ED4000012B04D94378012B14D0032B12D00023BC
:10ED50000320C4E90033A36000F014FC41F27F01FA
:10ED600012222060C31C018082702046C4E9013356
:10ED700002B010BD00224FF0500C0B740220A260B4
:10ED80008DF805308DF804C0C4E9002200F0FAFBCC
:10ED9000BDF80420831C206002802046C4E90133B2
:10EDA00002B010BD2DE9F0430446087C85B003286D
:10EDB00062D11746D2E90052531B032B12D800230D
:10EDC000C4E90033A36000F0DDFB42F67F7131221D
:10EDD000C31C206001808270C4E90133204605B065
:10EDE000BDE8F083B5F8018003350023A2EB0509E7
:10EDF00098FA98F8039399451FFA88F8CDE90133FA
:10EE000057DB0E4643D0484600F0BCFB294605467A
:10EE10004A4601904D4403951FF0A8FE0295D6E99D
:10EE20000156B54202D134E0AE4232D055F8040B5F
:10EE300001AA41460368DB6898470028F4D03A6885
:10EE40000023032056789578A360C4E9003300F0CE
:10EE500099FB6F22C31C46702060A360857002700E
:10EE6000019863600028B9D00399091A17F0E9FDE9
:10EE7000204605B0BDE8F08300230320C4E9003339
:10EE8000A36000F07FFB42F67F712222A0E74D468F
:10EE9000C4E700230320C4E90033A36000F072FB41
:10EEA00042F67F713122C31C206001808270A36012
:10EEB000D6E7014804F036F8583004082DE9F04F41
:10EEC000D0E9008689469346A6EB08016FF06042C0
:10EED00083B0B2EBA10F5ED08B100546A9EB080AF8
:10EEE000B04514BF194601215C183BD2002C4DD10E
:10EEF000274617EB0A0F03D0DBF8003047F80A303B
:10EF00000AF10403A6EB0906BAF1000F3B4403EB38
:10EF1000060B0ADC002E1CDCB8F1000F0DD1AC6032
:10EF2000C5E9007B03B0BDE8F08F52464146384644
:10EF300001931FF029FE002E1BDCA9684046A1EBBF
:10EF4000080117F07EFDAC60C5E9007B03B0BDE8A9
:10EF5000F08F3246494618461FF008FEB8F1000F00
:10EF6000DDD0EAE70D4C204600F00CFB07460444D8
:10EF7000BFE7019B4946324618461FF0F7FDA968D6
:10EF80004046A1EB080117F05CFDDCE7A24228BF78
:10EF900022469400E7E7024803F0C4FFFCFFFF7F2E
:10EFA0003829040800B5D0E9023283B093420191B8
:10EFB00007D00BB1196083680433836003B05DF838
:10EFC00004FB01AA19460430FFF778FF03B05DF88F
:10EFD00004FB00BF2DE9F04FD0E900976FF0004629
:10EFE00083B0A7EB0903B34257D004468846934643
:10EFF000A1EB090A002B3DD0B3EB430F4FEA4302CC
:10F000003AD9304600F0BEFA10EB0A0F054603D09D
:10F010009BF8003000F80A300AF10103A7EB08075B
:10F02000BAF1000F2B4403EB070B14DC002F09DCB3
:10F03000B9F1000F17D12E44C4E9005BA66003B0FC
:10F04000BDE8F08F3A46414618461FF08FFDB9F1F2
:10F05000000FF0D007E052464946284601931FF0C2
:10F0600093FD002F0CDCA1684846A1EB090117F0C5
:10F07000E8FCE0E70126C4E7964228BF1646C0E751
:10F08000019B41463A4618461FF070FDA16848466C
:10F09000A1EB090117F0D5FCCDE7014803F042FFD1
:10F0A00038290408F0B5144685B00646D2E9002395
:10F0B0009B1A012B58D9002359220D4601A80DF1A6
:10F0C000030103938DF80320CDE90133FFF7CAFD57
:10F0D0002268DDE90213994259D009B152780A70C9
:10F0E000013102912B68D3E90057AF4233D02C1D78
:10F0F00007E009B12A790A70083508340293AF4253
:10F1000029D034F8023C0DF1030101A88DF8033039
:10F11000FFF7A8FD54F8043C0DF1030101A81B0AF8
:10F120008DF80330FFF79EFD54F8043C0DF1030108
:10F1300001A88DF80330FFF795FDDDE90213994230
:10F1400001F10103D5D10835224601A80834FFF7A3
:10F1500041FFAF42D5D1019B3046DDE90212336059
:10F16000C6E9011205B0F0BD00230320C6E9003353
:10F17000B36000F007FA41F67F111222C31C306021
:10F18000018082703046C6E9013305B0F0BD01321E
:10F1900001A8FFF71FFFA5E72DE9F04F9046126881
:10F1A0008DB00646D8F804309B1A022B55D9B2F818
:10F1B0000150D1E901476DBABC42ADB202D14CE079
:10F1C000A7424AD054F8041B2A4607A80B689B683C
:10F1D00098479DF82C30002BF2D0002362220DF1CD
:10F1E0000F0104A88DF80F200693CDE90433FFF733
:10F1F00039FDD8F80020DDE90515A9426DD019B117
:10F2000053780B70D8F8002001318D42059138D029
:10F2100093780B704C1C0594DDF81090DDE908879D
:10F2200047450AD0A7EB08072B1B9F4230D8204642
:10F2300041463A463C441FF0A7FC9DF82C30B5608F
:10F24000C6E90094CBB1002308980A998DF82C30B8
:10F2500098B1091A17F0F5FB0FE000230320C6E967
:10F260000033B36000F08EF942F27F213122C31CDB
:10F27000306001808270C6E9013330460DB0BDE8D0
:10F28000F08F023204A8FFF7A5FEDDE90545C3E7CC
:10F29000A4EB09046FF0004BABEB04039F4247D88B
:10F2A000BC42234638BF3B46E31823D29B4528BFC8
:10F2B0009B46C3B3584600F065F98246F4B941460F
:10F2C0003A4650460AEB07041FF050FCB9F1000F14
:10F2D0002BD10AEB0B05D146AFE7013204A8FFF7AB
:10F2E00079FED8F80020DDE90515A942C9D000292A
:10F2F00090D08DE7584600F045F982460AEB0403AA
:10F3000022464946504601931FF03EFC019B414670
:10F310003A461846DC191FF029FCA5EB09014846BE
:10F3200017F08FFBD5E79A46C8E7A5EB0901F6E78A
:10F33000014803F0F7FD00BF1C35040838B504464A
:10F34000D2E9003098423CD01D78A5F110031F2B64
:10F3500011D8DFE803F02210101010101010102741
:10F3600010101010101010102C1010101010101081
:10F3700010101010103100230320C4E90033A360E3
:10F3800000F000F97F21C31C11224570206001703C
:10F3900082702046A360636038BD2046FFF7CAFC38
:10F3A000204638BD2046FFF77DFE204638BD20466A
:10F3B000FFF7F2FE204638BD2046FFF7F3FC20465B
:10F3C00038BD00230320C4E90033A36000F0DAF85D
:10F3D0007F21C31C11222060018082702046C4E975
:10F3E000013338BD4C22102310B402FB00300F4C07
:10F3F0000219EFF3118C83F31288BFF36F8F4B6800
:10F40000012B09D08CF31188BFF36F8F90683830CF
:10F41000012110BC17F0E9BA00234B60536813B107
:10F4200059605160EEE72150FBE700BF543D0024D6
:10F4300008B50C4B1A68D20709D50B4A136813F0AC
:10F44000010303D10120094910600B6008BD0122AE
:10F4500007481A60E3F74EF9064A074904480DF0D9
:10F46000B5FAEAE74C3D0024483D0024503D002415
:10F47000543D00242C460024C123000810B5F3F7A6
:10F480005FFC0F4CF3F75CFC10EB010C0D4B4FF0E5
:10F49000EE324CF1000CA3FB0CE3DB08C3EB0313CF
:10F4A000ACEB0303C01A61F1000102FB00F3A0FB07
:10F4B000040204FB01334009134440EAC36010BD59
:10F4C000EFEEEEEE89888888F3F726BCF0B50E4F94
:10F4D0000E4687B01C4639681546024604A80B68DC
:10F4E000DB6898473868314603689B689847074A45
:10F4F00003902B46106804A903AA056800942C68A1
:10F50000A04707B0F0BD00BF9C56002498560024C9
:10F51000024B1B6803B11847704700BFA8130024B3
:10F52000014B1860704700BFA81300240268D2077F
:10F5300010B503460FD4427852B104201EF0EDFB03
:10F54000044600F019F8054A054920461EF00DFE54
:10F550000120587010BD0020FCE700BF65F50108D0
:10F560003435040810B5034B036004461EF0E2FC7A
:10F57000204610BD48350408014B0360704700BFAA
:10F5800048350408012838BF012010B5044620463C
:10F59000E6F770F900B110BD08F0AAFC40B90420EC
:10F5A0001EF0BBFB034B044A044903601EF0DDFD63
:10F5B0008047ECE7704904081D7802085C4904089C
:10F5C00038B5044608460D46E2F726FC012808D067
:10F5D00004201EF0A2FB0A4B0A4A0B4903601EF0EE
:10F5E000C4FD012C38BF0124214628460DF032FA13
:10F5F00000B138BD08F07CFC0028E9D08047F3E773
:10F60000704904081D7802085C49040810B5034BD2
:10F610000360044608F028F9204610BD6835040848
:10F6200070B5051D044628460E4603F091FD0023E3
:10F63000C4E91F33C4E921336367A4F87830084B69
:10F64000236014336360314628461BF028F806E037
:10F65000044B6360284603F09DFD1EF074FB70BDF3
:10F66000A8470408344304082DE9F74FDFF8088160
:10F670000190D8F80040631CC8F80030002C77D106
:10F680003E4E3F4BDFF8FC903F4DB46106F11C004D
:10F6900001221A70C6E90094C6E90244C6E904448E
:10F6A00000F062FC394ADFF8E8B0126832624FF0CD
:10F6B000FF3A05F11C00C6F800B0C6F824A0C5E961
:10F6C0000094C5E90244C5E90444AC6100F04CFC77
:10F6D000304A314F1268BC6107F11C00C5E9082AA5
:10F6E000C7E90094C7E90244C7E90444C5F800B07B
:10F6F00000F03AFC294BC7F800B01B682848C7E95E
:10F70000083A284F3146FFF78BFF384603F020FDBB
:10F71000254B47F8083CA7F108061433294638461C
:10F72000C6E92044C6E92244C6E90143B467A6F805
:10F730007C401AF0B4FF06E01C4B1A48B36003F09B
:10F7400029FD1EF000FB1A4C13492046FFF768FF05
:10F7500011491848FFF764FF2369114AB26743F45F
:10F7600000532361D8F8003062670133C8F80030D5
:10F77000019803B0BDE8F08FA85F0024F056002484
:10F780002D14002424490408C85600242421040808
:10F79000C43E040828210408A0560024242104089B
:10F7A00030580024C4580024484404083443040852
:10F7B000A4570024185700240B4A1368591E022B23
:10F7C00010B5044611600DD108481DF01EFA084816
:10F7D0001DF01BFA07481DF018FA03E01EF055FB58
:10F7E0001EF07CFB204610BDA85F0024305800248A
:10F7F000A457002418570024044A0B6812680360B9
:10F8000093421EBF1A6801321A607047585900248B
:10F8100002490348002208F061BC00BF686C04087C
:10F820005059002410B5034C23680BB9FFF7F0FFC3
:10F83000206810BD5059002400487047686C0408C7
:10F84000054B10B51B6804460068984201D017F0BC
:10F85000F0F9204610BD00BF585900240A4A38B5B7
:10F860000B680D4611688B4218BF1A680446006881
:10F870001CBF01321A60814201D017F0DAF92B68FF
:10F880002360204638BD00BF58590024036823B9BF
:10F89000034A13680133136003600068013870473E
:10F8A0004C5900242DE9F84F044617460846002A13
:10F8B00063D0FFF7EBFFA368013B834205464DD2BF
:10F8C00000F104096FF06043994534BF4FEA89089D
:10F8D0004FF0FF384046D4F804B01EF097FC0646BF
:10F8E000A0680023984211D1C0F104022A4492007A
:10F8F000484588BF0022002106EB80001FF05EF91A
:10F900004046D4F80CA01EF081FC06E0626852F874
:10F91000232046F823200133E4E78046A068002333
:10F9200098422CD1C0F104022A449200484588BF75
:10F930000022002108EB80001FF040F9C4E90169B2
:10F94000C4F80C80BBF1000F02D058461EF08EF9AF
:10F95000BAF1000F02D050461EF088F97B68666845
:10F9600001337B6056F82530002B45D146F82570D1
:10F9700000252E46A368AB4241D8BDE8F88FE26867
:10F9800052F8232048F823200133C9E7D8F80400AF
:10F99000FFF77CFFA8420AD10846FFF777FF56F829
:10F9A000203080461BB3384601F01CF915E008F101
:10F9B0000808D8F80010D1B10846FFF767FFA84241
:10F9C000E4D1D8F804100846FFF760FF56F820305D
:10F9D000804663B1384603F0D5F843680133814669
:10F9E000436056F8280017F0CFF846F8289056F8EC
:10F9F000250017F0C9F8B9E7DFF83080D9E7E368E8
:10FA000053F8250020B117F0BFF8E36843F82560EC
:10FA10000135AFE71EF039FA30461EF027F91EF027
:10FA2000BEFB1EF05BFA1EF08EF900BF9C35040889
:10FA30002DE9F041214F3B68BFF35B8FDB070646A2
:10FA40000C46154606D43846FFF770FD10B138460F
:10FA500016F0FCFF1A490F6817B94FF0FF3308E0A2
:10FA60003846FFF713FFA84248680DD1FFF70EFF95
:10FA70000346F16851F8252092B1ECB12368204685
:10FA80005B68BDE8F0411847FFF700FFA84205D1C9
:10FA90003846FFF7FBFE2B460546EAE70831DAE772
:10FAA0006268501C6060581C18BF023241F8254043
:10FAB0001CBF626041F82340BDE8F0815C5900241E
:10FAC0009C35040810B5084C2368BFF35B8FDB0737
:10FAD00008D42046FFF72AFD20B12046BDE810409B
:10FAE00016F0B4BF10BD00BFE85E00242DE9F0435E
:10FAF0001A238360B94B016085B005466822002156
:10FB000018461FF05BF8B64B686068220021184663
:10FB10001FF054F8B34BE8600021184614221FF080
:10FB20004DF8021FB04C2A6140F8044CFFF784FEE8
:10FB3000002203882380AD480123114601F068FBB1
:10FB4000AA4AAB492846FFF7ADFEAA48012108F0B2
:10FB5000F1FAA84AA8492846FFF7A4FEDFF89C82DC
:10FB6000A748A84AC8F8002001230021C8F804309B
:10FB70004360A54B88F81010C8E90211C8E90511C7
:10FB8000C8E90711A8F8241088F864100360C0F8C9
:10FB9000088000F0A7FB0AE0044699480D4616F0DD
:10FBA000F2FF2946013100F015811EF0CCF8944A8D
:10FBB00096492846FFF776FE954A964B964913607C
:10FBC000012428465460FFF76DFE944A944B9549F2
:10FBD000546028461360FFF765FE934C0123636071
:10FBE000924B2360FFF71EFEA060914922462846F3
:10FBF000FFF758FE03E004460D468B48CFE78D4FD4
:10FC00008D488E4A3A60012300227B604360114692
:10FC10008B4B3A82C7E90222C7E90522C7E90722CE
:10FC2000C7E90922C7E90B22BA747A6387F843202F
:10FC30000360876000F0F6F903E004460D467E4855
:10FC4000ADE77D4A7F492846FFF72CFE7E4E7F4870
:10FC50007F4A3260012300227360436011467D4B6E
:10FC60003282C6E90222C6E90522C6E90722C6E9B0
:10FC70000922C6E90B22B274726386F8432003603E
:10FC8000866000F08BF903E004460D466F4886E776
:10FC90006E4A71492846FFF705FE704A704B71495C
:10FCA0001360012428465460FFF7FCFD6E4A6F4B39
:10FCB0006F49546028461360FFF7F4FD6D4C6E4B9E
:10FCC0002360012200236D4862602146C4E90233AB
:10FCD000C4E90433C4E90633C4E90833C4E90A3388
:10FCE000C4E90C33C4E90E33C4E91033C4E9123358
:10FCF000C4E91433C4E91633C4E91833C4E91A3328
:10FD0000C4E91C33C4E91E33C4E92033C4E92233F7
:10FD1000C4E92433C4E92633C4E92833C4E92A33C7
:10FD2000C4E92C33C4E92E33C4F8C03084F8C4309D
:10FD300003F080FC514A52492846FFF7B3FD514A6F
:10FD4000514B524913604FF001092846C2F8049004
:10FD5000FFF7A8FD4E4A4F4B4F49C2F80490284682
:10FD60001360FFF79FFD4D48494601F0CBFB4B4A1E
:10FD70004B492846FFF796FD4A4A4B4B4B49C2F880
:10FD8000049028461360FFF78DFD494A494B4A49C4
:10FD9000C2F8049028461360FFF784FD474A484B99
:10FDA0004849C2F8049028461360FFF77BFD464A95
:10FDB000464B4749C2F8049028461360FFF772FD8E
:10FDC00001A92846CDE90187039600F001FD81E0F5
:10FDD0000446E7E6204607F02FFE00BF505E0024F1
:10FDE000E85D0024BC5E0024EE600024C85B0024B3
:10FDF000645F0024945B00242C600024B05A00242B
:10FE0000B05B00240C360408943B0408945F002483
:10FE1000A85B0024DC45040808600024A05B0024E3
:10FE20001846040804600024BC5B0024783B0408E6
:10FE3000885F0024285A00247C5B0024FC350408D9
:10FE4000EC3B04089C5F00246C5A0024885B00246F
:10FE5000EC350408B83B0408985F0024745B002468
:10FE60003C3C0408A45F00246C5B0024543C040860
:10FE7000A05F00246059002448460408585B002411
:10FE8000EC5F0024505B00246C3C0408905F00246D
:10FE9000485B002448470408E85F0024385B0024DE
:10FEA0008C5F0024305B002400370408F85E0024D7
:10FEB000285B002458370408F45E0024205B0024EB
:10FEC000B0370408F05E0024185B002408380408EA
:10FED000EC5E00240E48D5F80C90FFF7D7FC49F8EB
:10FEE00020800C48D5F80C80FFF7D0FC48F8207033
:10FEF0000948EF68FFF7CAFC47F820600748EE683A
:10FF0000FFF7C4FC46F82040284605B0BDE8F08362
:10FF1000945F00249C5F0024985F0024EC5F002421
:10FF200038B5094D2B686BB9084C02212046FFF704
:10FF3000DDFD074B2C601C6021460648BDE83840BB
:10FF400016F038BE38BD00BF58590024D45E0024D6
:10FF500054590024D05E0024024B1B680BB9FFF7F4
:10FF6000DFBF70475859002438B5002303600446AA
:10FF7000084DFFF7F1FF084A2B681268236093428F
:10FF800006D0FFF79FFD2B6823601A6801321A60C4
:10FF9000204638BD545900245859002438B5846887
:10FFA0000546ACB94420FFF7EDFA1A4B0482C0E9CC
:10FFB0000034C0E90244C0E90544C0E90744C0E98F
:10FFC0000944C0E90B448474446380F84340A8604A
:10FFD000AB6811492E225A74AB682C229A74AA6815
:10FFE0000023C2E90513C2E90713C2E909139160AE
:10FFF0000A49D36008681063D362AA685063084A4C
:020000040802F0
:100000001068AA68C15C1A4401330B2B82F83810BF
:10001000F7D138BDEC350408E6540408A17A040889
:10002000B813002438B584680546ACB94420FFF7FE
:10003000A9FA1A4B0482C0E90034C0E90244C0E9BD
:100040000544C0E90744C0E90944C0E90B4484748D
:10005000446380F84340A860AB6811492E225A746B
:10006000AB682C229A74AA680023C2E90513C2E97E
:100070000713C2E9091391600A49D3600868106345
:10008000D362AA685063084A1068AA68C15C1A441F
:1000900001330B2B82F83810F7D138BDFC3504083A
:1000A000E6540408A17A0408B8130024094B10B5DB
:1000B00004460360806840B103685B68984704E0C9
:1000C000204616F060FD1DF03EFE204616F05BFD5A
:1000D000204610BDB83B0408094B10B50446036028
:1000E000806840B103685B68984704E0204616F0DA
:1000F0004AFD1DF028FE204616F045FD204610BDA5
:10010000EC3B04080D4B10B5036090F843300446F7
:100110007BB1806808B11DF0A9FD606908B11DF0D0
:10012000A5FDE06908B11DF0A1FD606A08B11DF0F0
:100130009DFD204616F027FD204610BDEC35040835
:100140000D4B10B5036090F8433004467BB18068D6
:1001500008B11DF08BFD606908B11DF087FDE069F5
:1001600008B11DF083FD606A08B11DF07FFD2046D7
:1001700016F009FD204610BDFC35040838B584682A
:100180000546ACB94420FFF7FDF91A4B0482C0E9DB
:100190000034C0E90244C0E90544C0E90744C0E9AD
:1001A0000944C0E90B448474446380F84340A86068
:1001B000AB6811492E225A74AB682C229A74AA6833
:1001C0000023C2E90513C2E90713C2E909139160CC
:1001D0000A49D36008681063D362AA685063084A6A
:1001E0001068AA68C15C1A4401330B2B82F83810DE
:1001F000F7D138BDEC350408E6540408A17A0408A8
:10020000B813002438B584680546ACB94420FFF71C
:10021000B9F91A4B0482C0E90034C0E90244C0E9CC
:100220000544C0E90744C0E90944C0E90B448474AB
:10023000446380F84340A860AB6811492E225A7489
:10024000AB682C229A74AA680023C2E90513C2E99C
:100250000713C2E9091391600A49D3600868106363
:10026000D362AA685063084A1068AA68C15C1A443D
:1002700001330B2B82F83810F7D138BDFC35040858
:10028000E6540408A17A0408B8130024094B10B5F9
:1002900004460360806840B103685B68984704E0E7
:1002A000204616F070FC1DF04EFD204616F06BFC4B
:1002B000204610BD68460408094B10B5044603608B
:1002C000806840B103685B68984704E0204616F0F8
:1002D0005AFC1DF038FD204616F055FC204610BD96
:1002E0009C46040838B58468054684B96820FFF741
:1002F00049F9C0E90244C0E90544C0E907441A4B82
:10030000446003600474848480F86440A860AA6830
:10031000164B93602E21002382F82410D3601374AF
:10032000AA682C2182F82510114A1068AA68C15CBD
:100330001A440133242B82F82610F7D10D4B18688C
:100340000023AA68C15C1A4401331A2B82F84A10B0
:10035000F7D1AB68084A5A6104229A61074ADA6108
:1003600005221A6238BD00BF0C360408E6540408A2
:10037000B0130024B41300246A6C04086F6C0408E2
:10038000094B10B504460360806840B103685B68A0
:10039000984704E0204616F0F6FB1DF0D4FC2046FA
:1003A00016F0F1FB204610BD943B04080B4B10B532
:1003B000036090F8643004465BB1806808B11DF0BA
:1003C00055FC606908B11DF051FCE06908B11DF0F1
:1003D0004DFC204616F0D7FB204610BD0C36040815
:1003E00038B58468054684B96820FFF7CBF8C0E9C2
:1003F0000244C0E90544C0E907441A4B4460036065
:100400000474848480F86440A860AA68164B9360E2
:100410002E21002382F82410D3601374AA682C21A3
:1004200082F82510114A1068AA68C15C1A44013389
:10043000242B82F82610F7D10D4B18680023AA68E8
:10044000C15C1A4401331A2B82F84A10F7D1AB6809
:10045000084A5A6104229A61074ADA6105221A623F
:1004600038BD00BF0C360408E6540408B01300245D
:10047000B41300246A6C04086F6C0408094B10B5AF
:1004800004460360806840B103685B68984704E0F5
:10049000204616F078FB1DF056FC204616F073FB44
:1004A000204610BDB84504081FB504460021684623
:1004B0000CF0D4FA0A49009B0198A3FB013201FB1E
:1004C000002202994FF47A705B1842EBE172A3FBB1
:1004D000003100FB02122046C4E9003204B010BD16
:1004E00040420F0037B5CDE90023069D0849144668
:1004F000002045B1B0F5881F05F1FF3503D26846ED
:1005000016F0E6FEF5E70098001B03B030BD00BF13
:10051000FFFF10008B070CD5D0E90032D21A022A57
:1005200009D9064A1188927819809A7003680333B2
:100530000360012070470020704700BF756C0408FD
:100540007FB5CDE90223099B04930A9B0593002301
:100550000093074A04A902A816F072FF089B029AAA
:100560001A600B9B049A1A6007B05DF804FB00BF89
:10057000FFFF10001FB5CDE90023079B0293089BE6
:100580000393074A002302A9684616F09BFF069BC7
:10059000009A1A60099B029A1A6005B05DF804FB84
:1005A000FFFF100038B54B0704460CD5D0E90053C7
:1005B0005B1B022B07D90449032228461EF018FBB7
:1005C00008B90335256038BDB26D04081FB5CDE903
:1005D0000023079B0293089B0393074A002302A969
:1005E000684616F08DFF069B009A1A60099B029AD6
:1005F0001A6005B05DF804FBFFFF100037B500215D
:100600006846CDE90023069D1446FFF7CBFF084955
:10061000002045B1B0F5881F05F1FF3503D26846CB
:1006200016F09AFDF5E70098001B03B030BD00BF3F
:10063000FFFF10007FB5CDE90223099B04930A9BBD
:10064000059300230093074A012304A902A816F08A
:100650007AFF089B029A1A600B9B049A1A6007B0F3
:100660005DF804FBFFFF100013B514461946002384
:100670000093049A034B204616F092FF001B02B031
:1006800010BD00BFFFFF100073B5DDE90765CDE9C0
:10069000002310491C46009884420ED0B5420CD06D
:1006A000684616F015FE831C01D1012008E0B0F564
:1006B000881F0CD246F8040BEDE7201A18BF012062
:1006C000069B009A1A60099B1E6002B070BD022052
:1006D000F6E700BFFFFF1000F7B5CDE90023089E45
:1006E0000E49144600277D1CAE4206D80BD14FF6AA
:1006F000FF71684616F0ECFD05E0684616F0E8FD6F
:10070000B0F5881F03D30098001B03B0F0BDB0F50F
:10071000803F38BF3D466F1CE5E700BFFFFF10007C
:10072000F0B585B0CDE900230C9E144F1C460B9B01
:10073000CDE90236009D029BAC421DD09E421BD0EB
:100740003946684616F0C4FD831C014609D0B1F550
:10075000881F0FD2012202A816F025FE0028E9D139
:10076000009501200A9B009A1A600D9B029A1A605C
:1007700005B0F0BD0220F5E70020F3E7FFFF100011
:1007800010B5034B0360044616F0FDF9204610BD7A
:10079000DC37040810B5034B0360044616F0F3F988
:1007A000204610BDD436040810B5034B0360044640
:1007B00016F0E9F9204610BD2C37040810B5034B9C
:1007C0000360044616F0DFF9204610BD84370408A4
:1007D0002DE9F047D1E90076554DD1F80880AF609A
:1007E000012304466B600021524B2B602846FFF723
:1007F000F7FD04E04E4816F0C6F91DF0A4FA6B6848
:100800004D48D4F8049001336B60FFF73FF849F886
:1008100020504A4D01236B60494B2B60FFF702F8D3
:100820006B68A86001334748D4F804906B60FFF709
:100830002DF849F82050444D012300226B601146E9
:10084000424B2B602846AE60FFF7DCFC03E03B48E0
:10085000D1E73D48CFE76B683D48D4F804900133B9
:100860006B60FFF713F849F820503A4D012300223E
:100870006B601146384B2B602846C5F80880FFF79F
:100880007DFC01E03348B6E76B683448D4F8049047
:1008900001336B60FEF7FAFF49F82050304D314BC1
:1008A0003148D4F804A02B604FF00209C5F8049039
:1008B000FEF7ECFF4AF820502C4D2D4B2D48D4F874
:1008C00004A02B60C5F80490FEF7E0FF4AF8205022
:1008D000294D2A4B2A48D4F804A02B60C5F804906F
:1008E000FEF7D4FF4AF82050264D0121284602F099
:1008F000BBFE6B682448D4F8049001336B60FEF7AC
:10090000C5FF49F820500C48E568FEF7BFFF45F8E1
:1009100020700F48E568FEF7B9FF45F820600F48E2
:10092000E468FEF7B3FF44F82080BDE8F08700BF1D
:100930003C5F0024B8450408F05F0024485F0024B1
:100940009C450408DC5F0024245F00249C460408C6
:10095000F85F0024305F002468460408F45F002438
:100960001C5F00241847040800600024145F002462
:1009700030470408FC5F00240C5F00245C47040837
:10098000E45F0024FC5E0024E05F002488422DE93F
:10099000F04104460D4618D0A0B1A1EB0008404636
:1009A000002100F0BDFA00F10C070646214638464A
:1009B0002A4617F01CFB4146304600F0A5FA38469F
:1009C000BDE8F081024802F07DFA024FF7E700BF70
:1009D000B56D0408605F0024836937B504460D4691
:1009E00003B198472B68A3F10C0053F8043C002B8B
:1009F0000ADB00F06BFB20602B6853F80C3C636053
:100A0000044BA36103B030BD002201A917F0AAFB7B
:100A1000F1E700BF2B79030810B5074B03600369AA
:100A200000220446DA600C3016F081FF2046FFF702
:100A300025FD204610BD00BF3C39040810B5084B09
:100A40000360036900220446DA609A611A629A62BE
:100A50000C3016F06CFF2046FFF718FC204610BD46
:100A60007C39040810B5084B036003690022044672
:100A7000DA609A611A629A620C3016F058FF2046CA
:100A8000FFF71AFC204610BDB039040810B5054B1D
:100A9000044640F8103B16F04AFF204602F02CFCBA
:100AA000204610BD143A0408084B10B5044640F81F
:100AB0000C3B16F03CFF2046054B40F8083B1DF070
:100AC000D1FD204616F05FF8204610BD60390408BD
:100AD0009C45040810B5064B044640F8083B16F048
:100AE00026FF044B2360204616F04DF8204610BD2B
:100AF000E43904081847040810B5064B044640F8CA
:100B0000083B16F014FF044B2360204616F03BF818
:100B1000204610BDFC3904083047040810B5064BC8
:100B2000044640F8083B16F002FF044B23602046C1
:100B300016F029F8204610BD303A04085C47040836
:100B400082B02DE9F0438BB005461A9813931746EF
:100B5000DDE918189DF85C2015AB13AC98B1CDE910
:100B60000480CDE9022193E803008DE803003946B3
:100B700094E80C0028461AF024F828460BB0BDE88B
:100B8000F04302B0704709AECDE90486CDE90221F9
:100B90001348099093E803008DE803000DF118094C
:100BA00094E80C00394648461AF02AF899E8030000
:100BB000D8F8003084E803003BB194E8030085E8EE
:100BC0000300304616F0A8FED7E71B983146FFF722
:100BD00003FFF2E7304616F09FFE1DF0B4F800BFA9
:100BE000605F002470B58F4A0C466FF001038E4998
:100BF00005461DF03DF8064610B10468204670BD5C
:100C00008A4B9C423BD11420FEF7BCFC0446682072
:100C1000FEF7B8FC864B03600021864B4160C0E9BB
:100C20000211C0E90511C0E907110646017481846B
:100C300080F86410A060616023602046FFF7D0FB5D
:100C400003E0204615F09FFF14E06B68E560013378
:100C50006B60794B23602661324629464FF00000D5
:100C600019F026F9CAE704F10C0016F060FE2046E0
:100C7000FFF704FC20461CF0F5FF1DF064F86F4BF5
:100C80009C4211D11020FEF77DFC6D4B4660036045
:100C90000446FEF7C7FD6B68C4E9020501336B60CB
:100CA000684B2360AAE7CCE7674B9C420AD10C2033
:100CB000FEF768FC6B6801336B60C0E90165634B4C
:100CC0000446EEE7624B9C420AD10C20FEF75AFC28
:100CD0006B6801336B60C0E901655E4B0446E0E779
:100CE0005D4B9C420AD10C20FEF74CFC6B68013333
:100CF0006B60C0E90165594B0446D2E7584B9C42F2
:100D00003AD11420FEF73EFC04464420FEF73AFC9C
:100D1000544B03600022544BC260C0E90122C0E979
:100D20000522C0E90722C0E90922C0E90B220646D4
:100D300002828274426380F84320A0606260236074
:100D400011462046FFF71AFA00E07AE76B68E56083
:100D500001336B60454B23602661324629464FF0D4
:100D6000000019F00AF949E704F10C0016F0DFFD64
:100D70002046FFF78BFA7DE73D4B9C423AD1142089
:100D8000FEF700FC04464420FEF7FCFB394B0360F1
:100D90000022394BC260C0E90122C0E90522C0E946
:100DA0000722C0E90922C0E90B22064602828274AA
:100DB000426380F84320A0606260236011462046B1
:100DC000FFF720FA00E03CE76B68E56001336B60F9
:100DD0002A4B23602661324629464FF0000019F065
:100DE0002AF90BE704F10C0016F0A1FD2046FFF7ED
:100DF00063FA3FE7224B9C420CD11420FEF7C2FB62
:100E00003146044602F030FC6B68256101336B60AB
:100E10001C4B46E71C4802F055F82BE72AE729E768
:100E200028E700BF0C39040894350408F05F00245B
:100E30000C360408B84504083C390408DC5F00247B
:100E40009C45040860390408E45F0024303A040833
:100E500000600024E4390408FC5F0024FC39040825
:100E6000F45F0024EC350408684604087C39040863
:100E7000F85F0024FC3504089C460408B0390408D7
:100E8000E05F0024143A0408DF6D04088B6913B591
:100E9000044613B9064802F015F8D1E9000101AA89
:100EA0000144FFF773FD2060204602B010BD00BF73
:100EB0000C6E040808B5034608461B6853F80C3C42
:100EC0008342114603D20246014819F07EFB08BD59
:100ED000F56F0408F8B5044617460E46094A194648
:100EE0001D46FFF7E7FF216851F80C4C641BBC421C
:100EF00028BF3C4624B122462944304617F050F81A
:100F00002046F8BD2C700408044B984204D00023FE
:100F10008360016008440373704700BF545F00247E
:100F2000134A904210B5044602D9124801F0FAFF64
:100F3000884207D804F10D00FEF724FB002244602C
:100F4000826010BD4B00984238BF1C4604F11D035F
:100F5000B3F5805F04F10D00EED98C42ECD904F5B5
:100F60008054C3F30B03E41A944228BF1446E1E70C
:100F7000FCFFFF3F3F700408F8B50F46044680B100
:100F80000021FFF7CDFF00F10C0605462146304653
:100F90003A4617F01DF821462846FFF7B5FF3046C0
:100FA000F8BD014EFBE700BF605F0024054A904298
:100FB00010B506D08268541E002A846001DC17F048
:100FC0003FF810BD545F0024036813B50446A3F135
:100FD0000C0053F8043C002B06DD01A9FFF7E6FFE7
:100FE000034B236002B010BD0021FFF78DFFF9E72E
:100FF000605F002470B504461546094A0E46FFF7A7
:1010000059FF236853F80C2C921BAA4201464FF05B
:101010000003204628BF2A4617F014F8204670BD6A
:1010200057700408F8B51C4617460B4B05460E468C
:101030002246394616F099FF23463A46314628465D
:1010400017F000F834B128689DF818202146304484
:1010500016F0BEFF2846F8BD6B70040873B50E4647
:101060000168194B51F80C1C0446154616F07DFF1B
:101070003146204616F087FF034620681BB950F81A
:10108000043C002B0BDD009550F80C2C3346204619
:10109000002117F056F80446204602B070BD331AFE
:1010A0009D4209D82A46314616F07AFF2068294623
:1010B0000C38FFF729FFEFE7002BF7D02A4631461F
:1010C00016F07AFFF2E700BF88700408034B9842DD
:1010D0001EBF8368013383600C307047545F002467
:1010E0002DE9F04104460D4690462AB3184B0021E5
:1010F00016F03BFF276857F80C6C57F8083C46443D
:101100009E4203D857F8043C002B08DD29462046B0
:1011100016F039FF98B13146204617F03CF82368A5
:1011200053F80C0C29461844424616F039FF206843
:1011300031460C38FFF7E8FE2046BDE8F081314625
:101140002046EF1B17F027F825683D44E7E700BF6E
:10115000F7690408F8B5044617460D4609B30A4670
:10116000114B002116F001FF236853F80C6C53F863
:10117000082C2E44964203D853F8043C002B03DD80
:101180003146204617F007F8236853F80C0C29461F
:1011900018443A4616F01CFF206831460C38FFF719
:1011A000B3FE2046F8BD00BFF7690408F8B5036830
:1011B00053F80C6C0B4B0C4617460A463146054655
:1011C00016F0D3FEB44205D93A46A11B2846FFF7D4
:1011D000C1FFF8BDFDD24FF0FF3221462846FFF790
:1011E00009FFF6E79D70040810B5084B044640F867
:1011F000083B1DF037FA237B1BB1A06908B11CF036
:1012000035FD204615F0BFFC204610BD803A04088D
:1012100038B5003B044618BF012309B90A460E49F8
:10122000636000250D4B23602273A161C4E904555E
:1012300029464FF4807204F11D001DF0BFFC257794
:101240004FF48072294604F21D101DF0B7FC84F89B
:101250001D52204638BD00BF047D0408803A0408B2
:1012600010B5034B0360044615F08DFC204610BDFD
:101270003C3C040810B5034B0360044615F083FCA6
:10128000204610BD543C040810B5034B03600446CF
:1012900015F079FC204610BD6C3C040810B5054BD8
:1012A000044640F8083B1DF0DDF9204615F06BFCC4
:1012B000204610BD203C040810B5054B044640F8FC
:1012C000083B1DF0CFF9204615F05DFC204610BD0F
:1012D000783B040808B54368C3F17F5303F57F13D7
:1012E00003F57F533F339A4202D9034801F01AFEB7
:1012F000BDE808401CF000BBF7690408F8B50646D5
:101300001C48FEF7C3FA3368DF6857F820300546FB
:10131000F3B94420FEF736F9174B03600023C0E908
:101320000133C0E90533C0E90733C0E90933C0E937
:101330000B33C36003828374436380F843303146C8
:10134000044602F045FB30682A462146FEF770FB52
:1013500057F82500F8BD1CF098FD1CF020FF1CF08C
:10136000BDFD1CF0F0FC1CF090FD236820465B687E
:101370009847F2E79C5F0024FC35040843689942D3
:1013800070B50646154604D90A460A480A4919F0B6
:101390001CF96A1C04D10368716000225A5470BDA4
:1013A000002DFCD05A1AAA4228BF2A46BDE8704038
:1013B0001CF009BAF56F040857700408F8B5064622
:1013C0001C48FEF763FA3368DF6857F8203005469B
:1013D000F3B94420FEF7D6F8174B03600023C0E9A9
:1013E0000133C0E90533C0E90733C0E90933C0E977
:1013F0000B33C36003828374436380F84330314608
:10140000044602F0B1FB30682A462146FEF710FB85
:1014100057F82500F8BD1CF038FD1CF0C0FE1CF08C
:101420005DFD1CF090FC1CF030FD236820465B68DD
:101430009847F2E7985F0024EC35040838B500F1CE
:101440000803054603600C4611B9064801F03AFD51
:101450000846E0F7D9FC214622182846BDE8384066
:1014600017F097B8D44E040837B51D464368994223
:1014700004D90A460548064919F0A7F8134600950D
:10148000002206F06DF803B030BD00BFF56F040810
:10149000CD70040808B42DE9F7410F46042000215F
:1014A000904608F015FC16490546E0F79BFC0446FB
:1014B00078B12846E0F7A8FC461C30461CF0A6FE92
:1014C0002946324604461DF051FB0D49042008F020
:1014D000FFFB0AAB099A01934146384609F014FD17
:1014E000054634B12146042008F0F2FB20461CF0EA
:1014F000BDFB284603B0BDE8F04101B0704700BF16
:10150000A35704080039094B18BF012110B54160E9
:1015100003600446FEF786F904E0204615F033FB2D
:101520001CF011FCA060204610BD00BF203C040848
:101530002DE9F04F91B004AF07F1080585E80C00E4
:1015400097F858303B60FB6D97F860A006468946D7
:1015500007F1140003F16C01FEF74EF907F11400D6
:1015600002F098F890B078600DF11008FEF75AF983
:10157000D7E91A34B861CDE9023400230093402240
:10158000334B414607F11800FFF784FF3F2804461C
:1015900019DD083424F00704ADEB040D00F1010B54
:1015A0000DF11008FEF73EF9D7E91A34B861CDE91C
:1015B0000234002300935A46254B414607F1180098
:1015C000FFF768FF044607F12003BB6100222146B4
:1015D00007F118001CF06FF8BB69786808EB04028B
:1015E000414616F0B5FF3B6863B107F11803CDE93A
:1015F00001A3FB6D009395E80C004946304617F0B7
:10160000BFFA17E007F11803CDE901A3FB6D0093C2
:1016100095E80C004946304617F0DEFB0AE007F17A
:1016200018001CF003F807F11400FEF709F91CF08C
:101630008AFBF8E707F118001BF0F8FF07F1140028
:10164000FEF7FEF830463437BD46BDE8F08F00BFE8
:10165000E27004082DE9F04FABB08946369D0B903F
:1016600005F16C060EA9304681E80C00DDF8E0A01B
:101670003A9C02F071F90890304602F00BF883466C
:101680003998E0F7C1FB00260A90109634A90EA8FD
:1016900017F00AFDDDF84080002800F073840A9BF3
:1016A0009E4280F06F84B8F1000F00F07F84379B7A
:1016B000379A1B6843F00403136000F06BBC089B6F
:1016C0009B68DA6A12921A6B13925A6B14929A6B95
:1016D0001592DA6B16921A6C17925A6C18929A6CD1
:1016E0001992DA6C1A921A6D1B925A6D1C929A6DAD
:1016F0001D92DA6D1E921B6E1F9310ABCDE9055340
:101700000E23049312AB039311AB029334AB93E813
:1017100003008DE803000CAF0EAE96E80C004946BE
:10172000384617F00EFD97E80300109B86E803008B
:10173000002B3CD1119A072392FBF3F3C3EBC303B5
:10174000D21ACAF81820237843F00203DDE0089B80
:1017500012AA9868114616F0A5FE1EA916F0C0FE42
:1017600010ABCDE905531823CDE9032311AB029348
:1017700034AB93E803008DE803000CAF0EAE96E89F
:101780000C004946384617F0DCFC97E80300109B34
:1017900086E803005BB9119B0C2293FBF2F102FB7C
:1017A0001133CAF81030238843F481632380099EE3
:1017B00001366BE7089B06949B689B6905930CAF09
:1017C00010ABCDE90253CDF810A034AB93E8030081
:1017D0008DE803000EAE96E80C0049463846FFF748
:1017E00039FF97E80300109B86E80300002BDED149
:1017F000637843F0040376E110ABCDE9065302268B
:101800006323CDE904360023039311AB029334AB79
:1018100093E803008DE803000CAF0EAE96E80C00D1
:101820004946384617F047FC97E80300109B86E8C6
:101830000300002BBBD1119B6360238843F49063AA
:10184000B4E7304617F00EFCDBF81830C0B21B5C72
:10185000180702D5304616F072FE10ABCDE90653DC
:1018600002211F23CDE904310123039311AB02931D
:1018700034AB93E803008DE803000CAF0EAE96E89E
:101880000C004946384617F016FC97E80300109BF9
:1018900086E80300002B8AD1119BCAF80C302388FC
:1018A00043F4826382E7B94A12AE3346A2F10901DA
:1018B000584616F04DFE0CAFCDE9056480E710AB3D
:1018C000CDE9065302221723CDE904320023039306
:1018D00011AB029334AB93E803008DE803000CAF27
:1018E0000EAE96E80C004946384617F0E4FB97E840
:1018F0000300109A86E80300002A7FF458AF119B7A
:10190000CAF80830237862F3000323704FE710AB66
:10191000CDE906530C270223CDE904730123039379
:1019200011AB029334AB93E803008DE803000DF193
:1019300030080EAE96E80C004946404617F0BBFB57
:1019400098E80300109B86E80300002B7FF42FAF7C
:10195000119B93FBF7F207FB1233CAF80830237888
:1019600043F00103D1E710ABCDE906534FF0030874
:101970004FF4B773CDE904380123039311AB0293FD
:1019800034AB93E803008DE803000CAF0EAE96E88D
:101990000C004946384617F08EFB97E80300109B71
:1019A00086E80300002B7FF402AF119B013BCAF8CD
:1019B0001C30237843F00403A7E710ABCDE90653AE
:1019C0004FF0020E0C23CDE9043E0123039311AB2B
:1019D000029334AB93E803008DE803000CAF0EAE26
:1019E00096E80C004946384617F065FB97E8030077
:1019F000109B86E80300002B7FF4D9AE119B013BBE
:101A0000CAF81030237843F008037EE710ABCDE925
:101A100006534FF0020C3B23CDE9043C0023039313
:101A200011AB029334AB93E803008DE803000CAFD5
:101A30000EAE96E80C004946384617F03CFB97E896
:101A40000300109B86E80300002B7FF4B0AE119BCF
:101A5000CAF80430ABE634A90EA817F025FB00281D
:101A60003FF4A5AE0EA817F0FDFADBF81830C0B2AF
:101A70001B5C1E077FF59BAE0EA816F060FDEAE723
:101A8000089B9B681A6A12925B6A13931278002A69
:101A90003FF48DAE1B78002B3FF489AE10ABCDE93F
:101AA00005530223049312AB039311AB029334AB9F
:101AB00093E803008DE803000CAF0EAE96E80C002F
:101AC0004946384617F03DFB97E80300109B86E82F
:101AD0000300002B7FF46BAE119B002B3FF467AE2D
:101AE000637843F00103637061E6089B06949B688A
:101AF0009B6A0CAF059309E0254A12AE3346911F4D
:101B0000584616F025FDCDE905640CAF10ABCDE9C4
:101B10000253CDF810A034AB93E803008DE8030026
:101B20000EAE4946384696E80C00FFF793FD97E85D
:101B3000030086E803003AE610ABCDE90653022025
:101B40003C23CDE904300023039311AB029334AB63
:101B500093E803008DE803000CAF0EAE96E80C008E
:101B60004946384617F0A7FA97E80300109B86E825
:101B70000300002B7FF41BAE119BCAF8003016E661
:101B8000044A12AE3346A2F10901B9E7F170040824
:101B9000F77004080071040810ABCDE90653022168
:101BA0003523CDE904310023039311AB029334AB09
:101BB00093E803008DE803000CAF0EAE96E80C002E
:101BC0004946384617F077FA97E80300109B86E8F5
:101BD0000300002B7FF4EBAD119B22681B0403F480
:101BE0007C1322F47C1243F0200322F020021343E2
:101BF0002360DCE510ABCDE9065301220623CDE9D5
:101C000004320023039311AB029334AB93E8030037
:101C10008DE803000CAF0EAE96E80C00494638463E
:101C200017F049FA97E80300109B86E80300002BA1
:101C30007FF4BDAD119BCAF8183084E510ABCDE937
:101C400006534FF002083523CDE9043800230393EF
:101C500011AB029334AB93E803008DE803000CAFA3
:101C60000EAE96E80C004946384617F024FA97E87D
:101C70000300109B86E80300002B7FF498AD119BB6
:101C800022681B0403F47C1322F47C1243F040030B
:101C900022F04002ABE7089B06949B680CAF9B6860
:101CA00028E7089B06949B680CAF1B6922E710ABE2
:101CB000CDE906534FF0020E6323CDE9043E002325
:101CC000039311AB029334AB93E803008DE8030058
:101CD0000CAF0EAE96E80C004946384617F0EBF90B
:101CE00097E80300109B86E80300002B7FF45FADAC
:101CF000637823F0060343F00603637034A930468B
:101D000017F0D2F900283BD0304617F0ABF92A2261
:101D1000C1B2584616F073FDA0F130085FFA88F39F
:101D2000092B2DD8304616F00AFC119B0A2707FB19
:101D3000038334A93046119317F0B6F9A0B13046A9
:101D400017F090F92A22C1B2584616F058FDA0F1BA
:101D500030085FFA88F3092B06D8304616F0EFFBFF
:101D6000119B07FB03831193119BA3F26C731193D7
:101D700063786FF341036370119BCAF8143016E562
:101D8000119B442BDCBF64331193F5E710ABCDE915
:101D900006534FF0040C42F20F73CDE9043C0023CC
:101DA000039311AB029334AB93E803008DE8030077
:101DB0000CAF0EAE96E80C004946384617F07BF99A
:101DC00097E80300109B86E80300002B7FF4EFAC3C
:101DD000119BA3F26C73CAF81430637823F00603E6
:101DE00007E5304617F03EF9DBF81830C0B21B5C4F
:101DF000DF0740F1828010ABCDE905530E23049339
:101E0000694B039312AB029334AB93E803008DE864
:101E100003000CAF4946384696E80C0017F091F9DC
:101E200097E8030086E8030034A9304617F03CF930
:101E300000283FF4BCAC109B129A13437FF4B7AC5C
:101E4000304617F00FF92D210746584616F0C6FC0C
:101E5000FFB2B84235D110AF17230221CDE90431CA
:101E6000CDE90657002212A90291039234A903C9B1
:101E70008DE803000CAE0DF1380898E80C004946D7
:101E8000304617F018F996E803003B2388E8030072
:101E90000220CDE90430CDE90657002212AB0293AF
:101EA000039234AB93E803008DE8030049463046C3
:101EB00098E80C0017F0FFF896E8030088E80300A4
:101EC00075E4304617F0CEF82B210646584616F03A
:101ED00085FCF6B2B0427FF46AACBCE7304617F03E
:101EE000C1F825210746584616F078FCFFB2B842E3
:101EF00003D1304616F023FB59E4109B43F0040352
:101F0000109354E4399B995DDBF818305B5C1A0739
:101F100014D534A90EA817F0C7F800283FF448AC30
:101F20000EA817F09FF8DBF81830C0B21B5C1B0737
:101F30007FF53EAC0EA816F002FBEAE7584616F015
:101F40004AFC80460EA817F08DF8C1B2584616F02C
:101F500042FC804512D03978584616F039FC0746C5
:101F60000EA817F07FF8C1B2584616F031FC874230
:101F700004D0109B43F00403109319E40EA816F04C
:101F8000DEFA15E4B8F1000F7FF491AB0A9B9E4294
:101F90007FF48DAB0EAB93E803000B9B83E803004B
:101FA00018462BB0BDE8F08FBC130024399B424685
:101FB000995D58469F1916F022FC2528A2D1731C62
:101FC0000993711C399B4246595C584616F017FC20
:101FD0004528CDF8448001D04F2808D1B31C09937F
:101FE0000999399B0022595C584616F008FC25389F
:101FF0000EAE542881D801A353F820F0DD1E02084C
:10200000FB1E0208FB1E0208FB1E0208FB1E020844
:10201000FB1E0208FB1E0208FB1E0208FB1E020834
:10202000FB1E0208FB1E0208FB1E0208FB1E020824
:10203000FB1E0208FB1E0208FB1E0208FB1E020814
:10204000FB1E0208FB1E0208FB1E0208FB1E020804
:10205000FB1E0208FB1E0208FB1E0208FB1E0208F4
:10206000FB1E0208FB1E0208FB1E0208BF16020828
:102070004F170208F9170208A7180208FB1E0208EA
:10208000FB1E0208FB1E0208BF1802080F190208F7
:10209000FB1E0208FB1E0208FB1E02080D1A0208A6
:1020A000FB1E0208FB1E0208FB1E0208FB1E0208A4
:1020B000F91A0208391B0208811B0208991B020841
:1020C000FB1E02083D1C0208A31C02088D1D02080D
:1020D000E31D0208FB1E0208FB1E0208FB1E02088D
:1020E000FB1E0208FB1E0208FB1E0208BF160208A8
:1020F0004F170208B51702084318020843180208D0
:10210000FB1E0208FB1E02084F170208FB1E0208F6
:1021100067190208FB1E0208FB1E0208BB19020811
:10212000571A0208FB1E0208811A0208FB1E020849
:10213000EB1A0208FB1E0208571A0208FB1E0208CF
:10214000FB1E0208F51B0208971C0208AF1C0208C0
:102150002DE9F04F99B008A981E80C00DDE9243998
:1021600003F16C040590204601F094FA0490204697
:10217000FFF724F900F138030693036A05461BB103
:10218000836A003B18BF012301930EAB0C9300231D
:102190000D938DF838302B7C53B914AB129320215A
:1021A000002312A813938DF850301BF021FB04E09C
:1021B00020210CA81BF01CFBEFE705F139030026DA
:1021C00007936B6B0B93B0463746039600960296C7
:1021D0000BAB9B5D042B41D8DFE813F00C01F20040
:1021E0000C0071000500DFF860A222A908A816F013
:1021F0005BFFE0E0249BDB6898051FD4009B012B6C
:102200001CD8DEB1012E0BD1019BBBB99DF82C303F
:10221000032B13D09DF82E30012B0FD00226D7E7C9
:10222000022E40F00B819DF82F30042B06D0019A2E
:10223000002A00F0FE80032B40F0FD80D5F818B096
:102240004FF0000A22A908A816F02EFF02E00AF1BA
:10225000010AF7E7044618B9DA4510D1012418E05D
:10226000DA4516D008A816F0FDFE6B6913F80A309F
:10227000C0B2834203D108A816F061F9E7E7BAF1CA
:10228000000F40F0D280249BDC6884F40074C4F317
:1022900040240136042E40F0B180009B012B40F217
:1022A000FC80002C00F0AD80029B002B00F0C88069
:1022B0006E6A012422A908A816F0F6FEC6E02B6A71
:1022C00033B9AB6ACBB122A908A816F0EDFE1AE02B
:1022D00022A908A816F0E8FE04460028F1D008A8B4
:1022E00016F0C0FEEB691B78C0B28342E9D12B6ABD
:1022F000009308A816F023F9CBE72B6AA3B9019B3A
:1023000083F00104C5E704460028F6D008A816F0BB
:10231000A9FE6B6A1B78C0B28342EED1AB6A009310
:1023200008A816F00CF982E0AB6A002BE7D1012374
:1023300002931C46ADE708A816F094FE5FFA80FBF6
:102340000DF12B0207988DF82BB00A2115F005FE30
:1023500060B1069BC01ADAF80030195C12A81BF0B5
:1023600066FA013708A816F0EAF83EE76B7C5B4591
:1023700009D1B8F1000F1AD1EB6A002B12DDA0468B
:1023800003970027EEE72B7C63B1AA7C5A4508D15E
:10239000B8F1000F0BD167B1F9B20CA81BF047FAE6
:1023A000EFE71C46139B002B08BF002471E744464F
:1023B000F8E73C46F6E704460028BCD10124F1E7E3
:1023C00022A908A816F070FE40B90024032E3FF49D
:1023D00064AF22A908A816F067FE0DE008A816F061
:1023E00041FE049BC0B29B691B5C1907EDD508A890
:1023F00016F0A5F80124E9E750B90136002C7FF466
:10240000E7AED9F8003043F00403C9F8003075E0B6
:1024100008A816F027FE049BC0B29B691B5C1A0734
:10242000EBD508A816F08BF8D3E7002431E7029427
:102430002FE70326CCE6019C0326DFE701242CE7E7
:10244000EE6936E7013435E7B8130024009BB8B9CC
:10245000A342D6D1139B012B22D90022302112A8EE
:102460001BF03DFB0246D8B1431C08BF139A4FF046
:10247000000108BF02F1FF3212A8FEF77FFF0FE054
:10248000A342E7D008A816F0EDFD335DC0B2834249
:10249000B7D108A816F053F8D4E7002CB1D0D9E78B
:1024A000029B53B90D9BFBB1B8F1000F0ED09DF804
:1024B0000C100CA81BF0BBF90AE012990B78302B1A
:1024C000F0D02D2212A81BF0EFF9EBE7F9B2F0E7FC
:1024D000D5E902010CAA1CF0DFF928B9D9F80030BF
:1024E00043F00403C9F80030B8F1000F02D0EB6AE2
:1024F000BB4286D1269812A91BF026FA08AC22A965
:10250000204616F0BEFD28B1D9F8003043F0020392
:10251000C9F8003094E80300059B83E8030012A883
:102520001BF084F80CA81BF081F8059819B0BDE8E1
:10253000F08F12A81BF07AF80CA81BF077F81BF0AC
:1025400002FCF9E72DE9F04F99B008A981E80C00E9
:10255000DDE9243903F16C040590204601F09AF876
:1025600004902046FEF7CAFE00F138030693036A82
:1025700005461BB1836A003B18BF012301930EABD4
:102580000C9300230D938DF838302B7C53B914AB8A
:1025900012932021002312A813938DF850301BF0C2
:1025A00027F904E020210CA81BF022F9EFE705F140
:1025B0003903002607936B6B0B93B046374603969F
:1025C000009602960BAB9B5D042B41D8DFE813F01D
:1025D0000C01F2000C0071000500DFF860A222A9D6
:1025E00008A816F061FDE0E0249BDB6898051FD485
:1025F000009B012B1CD8DEB1012E0BD1019BBBB976
:102600009DF82C30032B13D09DF82E30012B0FD0CA
:102610000226D7E7022E40F00B819DF82F30042BC5
:1026200006D0019A002A00F0FE80032B40F0FD80C6
:10263000D5F818B04FF0000A22A908A816F034FD0A
:1026400002E00AF1010AF7E7044618B9DA4510D1A9
:10265000012418E0DA4516D008A816F003FD6B69CE
:1026600013F80A30C0B2834203D108A815F067FFFF
:10267000E7E7BAF1000F40F0D280249BDC6884F4D5
:102680000074C4F340240136042E40F0B180009B56
:10269000012B40F2FC80002C00F0AD80029B002B4F
:1026A00000F0C8806E6A012422A908A816F0FCFC7C
:1026B000C6E02B6A33B9AB6ACBB122A908A816F0E1
:1026C000F3FC1AE022A908A816F0EEFC0446002844
:1026D000F1D008A816F0C6FCEB691B78C0B28342A3
:1026E000E9D12B6A009308A815F029FFCBE72B6AE4
:1026F000A3B9019B83F00104C5E704460028F6D086
:1027000008A816F0AFFC6B6A1B78C0B28342EED10A
:10271000AB6A009308A815F012FF82E0AB6A002BA9
:10272000E7D1012302931C46ADE708A816F09AFCF6
:102730005FFA80FB0DF12B0207988DF82BB00A2170
:1027400015F00BFC60B1069BC01ADAF80030195C7A
:1027500012A81BF06CF8013708A815F0F0FE3EE750
:102760006B7C5B4509D1B8F1000F1AD1EB6A002BE5
:1027700012DDA04603970027EEE72B7C63B1AA7C0D
:102780005A4508D1B8F1000F0BD167B1F9B20CA8C6
:102790001BF04DF8EFE71C46139B002B08BF0024ED
:1027A00071E74446F8E73C46F6E704460028BCD10A
:1027B0000124F1E722A908A816F076FC40B900240C
:1027C000032E3FF464AF22A908A816F06DFC0DE0BB
:1027D00008A816F047FC049BC0B29B691B5C190754
:1027E000EDD508A815F0ABFE0124E9E750B9013694
:1027F000002C7FF4E7AED9F8003043F00403C9F8A9
:10280000003075E008A816F02DFC049BC0B29B694F
:102810001B5C1A07EBD508A815F091FED3E700243E
:1028200031E702942FE70326CCE6019C0326DFE77D
:1028300001242CE7EE6936E7013435E7B8130024AC
:10284000009BB8B9A342D6D1139B012B22D90022F9
:10285000302112A81BF043F90246D8B1431C08BF2F
:10286000139A4FF0000108BF02F1FF3212A8FEF7E1
:1028700085FD0FE0A342E7D008A816F0F3FB335D17
:10288000C0B28342B7D108A815F059FED4E7002C96
:10289000B1D0D9E7029B53B90D9BFBB1B8F1000F42
:1028A0000ED09DF80C100CA81AF0C1FF0AE0129986
:1028B0000B78302BF0D02D2212A81AF0F5FFEBE7A1
:1028C000F9B2F0E7D5E902010CAA1BF0E5FF28B93F
:1028D000D9F8003043F00403C9F80030B8F1000F14
:1028E00002D0EB6ABB4286D1269812A91BF02CF8C5
:1028F00008AC22A9204616F0C4FB28B1D9F8003054
:1029000043F00203C9F8003094E80300059B83E814
:10291000030012A81AF08AFE0CA81AF087FE059888
:1029200019B0BDE8F08F12A81AF080FE0CA81AF0BA
:102930007DFE1BF008FAF9E7184B1A68D1075CBF57
:1029400001221A60164B1A68D2075CBF01221A6076
:10295000144B1A68D0075CBF01221A60124B1A6828
:10296000D1075CBF01221A60104B1A68D2075CBF06
:1029700001221A600E4B1A68D0075CBF01221A6050
:102980000C4B1A68D1075CBF01221A600A4B1A6807
:10299000D2075CBF01221A60704700BF845F002429
:1029A000805F00247C5F0024785F0024745F002433
:1029B000705F00246C5F0024685F002400F108034E
:1029C00073B50446154603600E4681B912B10E4830
:1029D00000F078FA01910A46314620681AF08AFE22
:1029E000019B226863600021D15402B070BD0F2AA0
:1029F000019201D87219EFE7002201A904F080FDCD
:102A0000019B2060A360F5E7D44E0408836973B589
:102A100004460D4603B1984704F108032360D5E945
:102A200000630F2B06EB0305019307D9002201A9D0
:102A3000204604F065FD019B2060A3602A463146D4
:102A400020681AF052FE019B226863600021D15475
:102A5000014BA36102B070BD559B030810B5074B35
:102A60000360036900220446DA600C3014F05FFF53
:102A70002046FDF785FC204610BD00BF983D0408A8
:102A800010B5084B0360036900220446DA609A61BE
:102A90001A629A620C3014F04AFF2046FDF706FBDA
:102AA000204610BDD83D040810B5084B03600369EB
:102AB00000220446DA609A611A629A620C3014F0BD
:102AC00036FF2046FDF708FB204610BD0C3E0408EB
:102AD00010B5054B044640F8103B14F028FF204683
:102AE000FEF7DCFB204610BD703E0408084B10B515
:102AF000044640F80C3B14F01AFF2046054B40F802
:102B0000083B1BF0AFFD204614F03DF8204610BDF9
:102B1000BC3D0408783B040810B5064B044640F859
:102B2000083B14F004FF044B2360204614F02BF8FC
:102B3000204610BD403E04083C3C040810B5064B3E
:102B4000044640F8083B14F0F2FE044B2360204694
:102B500014F019F8204610BD583E0408543C0408EF
:102B600010B5064B044640F8083B14F0E0FE044B59
:102B70002360204614F007F8204610BD8C3E040860
:102B80006C3C040870B58F4A0C466FF001038E4907
:102B900005461BF06DF8064610B10468204670BD6E
:102BA0008A4B9C423BD11420FCF7ECFC0446682085
:102BB000FCF7E8FC864B03600021864B4160C0E9CE
:102BC0000211C0E90511C0E90711064601748184AC
:102BD00080F86410A060616023602046FDF782FBEE
:102BE00003E0204613F0CFFF14E06B68E56001338B
:102BF0006B60794B23602661324629464FF0000016
:102C000014F021FFCAE704F10C0014F090FE2046F6
:102C1000FDF7B6FB20461BF025F81BF094F86F4B30
:102C20009C4211D11020FCF7ADFC6D4B4660036057
:102C30000446FCF7F7FD6B68C4E9020501336B60DD
:102C4000684B2360AAE7CCE7674B9C420AD10C2073
:102C5000FCF798FC6B6801336B60C0E90165634B5E
:102C60000446EEE7624B9C420AD10C20FCF78AFC3A
:102C70006B6801336B60C0E901655E4B0446E0E7B9
:102C80005D4B9C420AD10C20FCF77CFC6B68013345
:102C90006B60C0E90165594B0446D2E7584B9C4232
:102CA0003AD11420FCF76EFC04464420FCF76AFC81
:102CB000544B03600022544BC260C0E90122C0E9BA
:102CC0000522C0E90722C0E90922C0E90B22064615
:102CD00002828274426380F84320A06062602360B5
:102CE00011462046FDF75AF900E07AE76B68E56087
:102CF00001336B60454B23602661324629464FF015
:102D0000000014F003FF49E704F10C0014F00FFE7B
:102D10002046FDF7CBF97DE73D4B9C423AD114208C
:102D2000FCF730FC04464420FCF72CFC394B0360D4
:102D30000022394BC260C0E90122C0E90522C0E986
:102D40000722C0E90922C0E90B22064602828274EA
:102D5000426380F84320A0606260236011462046F1
:102D6000FDF760F900E03CE76B68E56001336B60FC
:102D70002A4B23602661324629464FF0000014F0AA
:102D800022FF0BE704F10C0014F0D1FD2046FDF703
:102D9000A3F93FE7224B9C420CD11420FCF7F2FB35
:102DA00031460446FEF7AEFB6B68256101336B606C
:102DB0001C4B46E71C4800F085F82BE72AE729E77B
:102DC00028E700BF0C39040894350408945F0024F8
:102DD0000C360408943B0408983D0408885F0024DE
:102DE000783B0408BC3D0408905F00248C3E040836
:102DF000A45F0024403E0408A05F0024583E04085D
:102E0000985F0024EC350408B83B0408D83D04085A
:102E10009C5F0024FC350408EC3B04080C3E0408CD
:102E20008C5F0024703E0408DF6D04088B6910B5C8
:102E3000044613B9044800F045F8D1E90012FFF741
:102E4000BDFD204610BD00BF0C6E040810B5044B3C
:102E5000044640F81C3BFCF7F3FC204610BD00BFC5
:102E60002449040808B504201AF057FF024B034A0E
:102E7000034903601BF079F9704904081D780208C2
:102E80005C49040808B504201AF047FF024B034AC6
:102E9000034903601BF069F9904904083978020876
:102EA0007C49040808B504201AF037FF024B034A96
:102EB000034903601BF059F9B0490408557802082A
:102EC0009C49040838B5054608201AF026FF294613
:102ED000044605F0C5FB054A054920461BF045F9A7
:102EE000204604F025FD1AF02EFF00BFB58302082E
:102EF0009C4A040838B5054608201AF00EFF2946FA
:102F0000044605F0C1FB054A054920461BF02DF992
:102F1000204604F00DFD1AF016FF00BFD983020809
:102F2000A84A040838B5054608201AF0F6FE2946D6
:102F3000044605F0B3FB054A054920461BF015F988
:102F4000204604F0F5FC1AF0FEFE00BFED830208F7
:102F5000B44A040838B5054608201AF0DEFE2946B2
:102F6000044605F0A5FB054A054920461BF0FDF87F
:102F7000204604F0DDFC1AF0E6FE00BF01840208E2
:102F8000C04A040838B5054608201AF0C6FE29468E
:102F9000044605F097FB054A054920461BF0E5F875
:102FA000204604F0C5FC1AF0CEFE00BF9183020853
:102FB000CC4A0408004870477474040810B5034BE9
:102FC000036004461AF0B6FF204610BD103F040807
:102FD00008B504201AF0A1FE024B034A034903601E
:102FE0001BF0C3F8103F0408BD2F0208FC3E040884
:102FF0000D29F8B505462BD891B31A4B5C5C2046D9
:10300000DDF7F0FA064628680F46DDF7FDFA0246BE
:103010000B4630463946DDF74FFB08F091F9DDF7F6
:10302000E5FD68602046F8BD581002EB800452F8B8
:1030300020608E420FD21B1A221D013B002BF3DCB5
:10304000094B14689A4208D02046DDF7BBFAD9E74D
:10305000064AF923F2E70346F0E74FF0FF30E0E7D6
:103060000124DFE79C74040818430408343F040873
:103070002DE9F34792460A9A03EB02084B689845FC
:1030800004460D4643D923B9B8F10B0F38BF4FF0B2
:103090000B082868DDF7B8FA06460F464046DDF70C
:1030A00091FA32463B46DDF731FC80465046894670
:1030B000DDF788FA02460B46CDE9002342464B462F
:1030C000DDF776FDC0B14046494608F039F9124BAC
:1030D0000022DDF73BF9DDF789FD4FEA4A01814225
:1030E00038BF01462846FFF783FF01232370606045
:1030F000204602B0BDE8F087DDE9002330463946BE
:10310000DDF7DAFA08F01CF9DDF770FD68600023DE
:10311000C4E90033ECE700BF0000F03F10B5034BFB
:103120000360044600F036F8204610BD344304081E
:1031300008B5836F0BB941F0010103694161194280
:1031400002D0024805F06AFB08BD00BFAA7404085B
:103150000F4B10B500F1240103600023C0E90133D7
:10316000C0E90333C0E90533C0E9073304460A4622
:103170006430C2E9003308328242FAD10823C4E93C
:10318000193104F16C00FCF7EFFE204610BD00BFC2
:103190004C4304080C4B10B500210446036017F0A3
:1031A00093FA204617F0A8FAA06E04F1240398427F
:1031B00004D008B11AF05AFD0023A36604F16C0094
:1031C000FCF73EFB204610BD4C43040810B50446F6
:1031D00009BB1368036053F80C3C5069E0509369D5
:1031E000A360D368A36053F80C3C106923440432F5
:1031F00098601368236053F80C3C5268E250002337
:1032000063608B0705D52046074B40F80C3FFFF75E
:10321000C1FF204610BD054B0360054B836014338E
:10322000044AC360E5E700BF34430408EC430408E4
:1032300080430408C843040810B5064B036000230C
:103240004360054B044640F8083FFFF7A3FF2046C4
:1032500010BD00BF4844040834430408D0F800C03F
:10326000ACF10C0CDCF800C06044E5E710B5034B92
:103270000360044613F087FC204610BDDC450408BB
:1032800010B5034B0360044613F07DFC204610BDCF
:103290001846040810B5034B0360044613F073FC92
:1032A000204610BD1847040810B5034B03600446C0
:1032B00013F069FC204610BD3047040810B5034BDD
:1032C0000360044613F05FFC204610BD4846040826
:1032D00010B5034B0360044613F055FC204610BDA7
:1032E0004847040810B5034B0360044613F04BFC39
:1032F000204610BD5C47040810B5054B044640F855
:10330000083B1BF0AFF9204613F03DFC204610BDF2
:10331000D046040810B5054B044640F8083B1BF0A6
:10332000A1F9204613F02FFC204610BD9C4504084F
:1033300038B50D4B036005690446FCF77DFA8542FC
:1033400003D015B128461AF091FCA06810B10368AB
:103350005B68984704F10C001BF084F9204613F0D9
:1033600012FC204638BD00BF5846040888422DE9AB
:10337000F04104460D4618D0A0B1A1EB000840462C
:103380000021FDF7CDFD00F10C0706462146384629
:103390002A4614F02CFE41463046FDF7B5FD38466E
:1033A000BDE8F0810248FFF78DFD024FF7E700BF4F
:1033B000B56D0408605F0024036853F80C3C994223
:1033C00010B504D90A460648064917F0FEF85C1AFB
:1033D000A24228BF22460023BDE8104014F032BEAE
:1033E000F56F0408577004082DE9F74315461C468D
:1033F0002F4B0360074688466A4621462846FFF75A
:10340000B5FF50F80C3C0190641B6400064600EBCD
:10341000030920461AF0FAFE05463246234629469D
:1034200040461BF061F9844202460ED8441C2846EF
:103430001AF01CFC20461AF0E9FE32460146054609
:10344000234640461BF050F9024629463846FDF710
:1034500047FE10E01AF019FD28461AF007FC1AF092
:103460009EFE1AF03BFD01A817F026FB384617F028
:1034700023FB1AF068FC3046DEF7C6FC3044814579
:103480000BD0461C0021384614F0CBFEC5E7E1E71F
:103490001AF0FBFCE3E7E6E7E8E728461AF0E6FB6C
:1034A00001A817F009FB384603B0BDE8F08300BF60
:1034B000605F002410B504460A48FCF7E7F923686A
:1034C000D3E90123834202D952F8200008B9FFF75B
:1034D000E9FC054A054900231AF0CAFB08B904F0C3
:1034E0009BFA10BD086000247C440408943504084D
:1034F00010B504460A48FCF7C9F92368D3E901234B
:10350000834202D952F8200008B9FFF7CBFC054AE4
:10351000054900231AF0ACFB08B904F07DFA10BD90
:1035200004600024884404089435040810B5044657
:103530000A48FCF7ABF923689A6882420CD95B68A9
:1035400053F8200038B1064A064900231AF090FBD0
:10355000003818BF012010BD0020FCE708600024DF
:103560007C4404089435040810B504460A48FCF766
:103570008DF923689A6882420CD95B6853F8200061
:1035800038B1064A064900231AF072FB003818BF0A
:10359000012010BD0020FCE70460002488440408DA
:1035A0009435040800390B4A026018BF012100223B
:1035B000C0E90222C0E90522C0E90722C0E90922C8
:1035C000C0E90B22416002828274426380F843208A
:1035D000704700BFFC35040800390B4A026018BF71
:1035E00001210022C0E90222C0E90522C0E9072228
:1035F000C0E90922C0E90B22416002828274426361
:1036000080F84320704700BFEC3504080039084AB1
:10361000026018BF01210022C0E90222C0E9052290
:10362000C0E9072241600274828480F864207047F8
:103630000C360408003A0B4B18BF012210B581600C
:10364000426003600446FCF7F7F800212061204641
:1036500004F0E0FE04E0204613F095FA1AF073FB44
:10366000204610BD584604080039094B18BF0121F7
:1036700010B5416003600446FCF7D4F804E020462E
:1036800013F081FA1AF05FFBA060204610BD00BF66
:10369000D046040810B504460A48FCF7F7F823683A
:1036A000D3E90123834202D952F8200008B9FFF779
:1036B000F9FB054A054900231AF0DAFA08B904F0C3
:1036C000ABF910BD645F0024583A0408943504082F
:1036D00010B504460A48FCF7D9F82368D3E901235A
:1036E000834202D952F8200008B9FFF7DBFB054AF4
:1036F000054900231AF0BCFA08B904F08DF910BD91
:10370000F05F002470440408943504082DE9F04368
:10371000044685B008468946FFF7DAFF8046014631
:1037200001A817F022FB019B53F80C0CE0601AF083
:103730006DFD05460146E268002301A8FDF7CAFBBE
:10374000E3682BB195F90030002BD4BF002301238F
:103750002374414602A817F00FFB029B53F80C0C90
:10376000A0611AF053FD06460146A269002302A893
:10377000FDF7B0FB19E0002704463E4602A817F00B
:103780009BF901A817F098F920461AF07EFB28460D
:103790001AF06CFA16B130461AF068FA002F63D0AE
:1037A000384656E004460027E8E7414603A817F0EC
:1037B000EAFA00E0F6E7039B53F80C0C20621AF0DB
:1037C00025FD07460146226A002303A8FDF782FB78
:1037D000404617F0C4FA84F82400404617F0C2FAB5
:1037E00084F825004846FFF755FF234B196804F17C
:1037F000260301F12402804617F067F91F4B196870
:10380000404604F14A0301F11A0217F05EF9012360
:1038100084F8643003A8A5606661E76117F04CF98D
:1038200002A817F049F901A817F046F905B0BDE85C
:10383000F0830446002703A817F03EF99EE70446EC
:10384000F9E7044601A817F037F920461AF01DFBE6
:1038500028461AF00BFA07E0F3E7044601A817F030
:103860002BF920461AF011FB1AF099FC1AF036FBDE
:103870001AF069FAF6E700BFB0130024B41300246D
:10388000F8B506461548FCF701F83368DF6857F8C5
:10389000203005467BB96820FBF774FE0446002102
:1038A000FFF7B4FE31462046FFF730FF30682A4666
:1038B0002146FCF7BDF857F82500F8BD1AF0E5FAE7
:1038C0001AF06DFC1AF00AFB1AF03DFA1AF0DDFA54
:1038D000236820465B689847F2E700BFF05F00244A
:1038E00010B504460A48FBF7D1FF2368D3E901234A
:1038F000834202D952F8200008B9FFF7D3FA054AEB
:10390000054900231AF0B4F908B904F085F810BD90
:10391000F45F0024AC4404089435040810B5044650
:103920000A48FBF7B3FF2368D3E90123834202D996
:1039300052F8200008B9FFF7B5FA054A05490023F7
:103940001AF096F908B904F067F810BDF85F002482
:10395000CC4404089435040810B504460A48FBF723
:1039600095FF2368D3E90123834202D952F820004E
:1039700008B9FFF797FA054A054900231AF078F9C4
:1039800008B904F049F810BDEC5F0024A044040815
:103990009435040810B504460A48FBF777FF2368FE
:1039A0009A6882420CD95B6853F8200038B1064A05
:1039B000064900231AF05CF9003818BF012010BD39
:1039C0000020FCE7645F0024583A0408943504089A
:1039D0002DE9F041044688B008468846FFF79EFF6F
:1039E0000146054606A817F069F906A902A817F0CE
:1039F00073FC06A817F060F8294606A817F065F9C9
:103A000006A904A817F068FC06A817F055F829467F
:103A100001A817F061F901A906A817F05DFC01A83B
:103A200017F04AF8294601A817F041F9019B53F80D
:103A30000C6C30461AF0EAFB07460146002332467A
:103A400001A8FDF747FAC4E902762EB197F90060A4
:103A5000002ED4BF002601262674284617F021F92F
:103A60006074284617F020F9059AE261049A039BD6
:103A70002262079A63616262029B069AA074A36144
:103A8000A2620023284603930593079317F02BF9AE
:103A9000E062284617F02AF92063284617F02BF930
:103AA00060634046FFF7F6FD164B196804F13803D2
:103AB00001F10B0217F009F8012384F8433001A843
:103AC00016F0FAFF08B0BDE8F08106A816F0F4FF82
:103AD0001AF039F906A816F0EFFF02A817F00EFC4D
:103AE000F6E701A816F0E8FF04A817F007FCF4E7D2
:103AF00001A816F0E1FF06A817F000FCF4E7FAE7CA
:103B0000F2E7EAE7B8130024F8B506461548FBF7D4
:103B1000BDFE3368DF6857F8203005467BB9442086
:103B2000FBF730FD04460021FFF73CFD31462046FF
:103B3000FFF74EFF30682A462146FBF779FF57F81A
:103B40002500F8BD1AF0A1F91AF029FB1AF0C6F900
:103B50001AF0F9F81AF099F9236820465B6898473B
:103B6000F2E700BFF85F00242DE9F041044688B079
:103B700008468846FFF7B4FE0146054606A817F03A
:103B8000CCF806A902A817F0C1FB06A816F094FF0E
:103B9000294606A817F0C8F806A904A817F0B6FB2E
:103BA00006A816F089FF294601A817F0C4F801A954
:103BB00006A817F0ABFB01A816F07EFF294601A866
:103BC00017F0A4F8019B53F80C6C30461AF01EFB5A
:103BD000074601460023324601A8FDF77BF9C4E9F8
:103BE00002762EB197F90060002ED4BF0026012680
:103BF0002674284617F084F86074284617F083F876
:103C0000059AE261049A039B2262079A63616262E9
:103C1000029B069AA074A361A26200232846039324
:103C20000593079317F08EF8E062284617F08DF899
:103C30002063284617F08EF860634046FFF72AFDA0
:103C4000164B196804F1380301F10B0216F03DFF21
:103C5000012384F8433001A816F02EFF08B0BDE818
:103C6000F08106A816F028FF1AF06DF806A816F0E5
:103C700023FF02A817F05CFBF6E701A816F01CFF73
:103C800004A817F055FBF4E701A816F015FF06A8E5
:103C900017F04EFBF4E7FAE7F2E7EAE7B81300247F
:103CA000F8B506461548FBF7F1FD3368DF6857F8AD
:103CB000203005467BB94420FBF764FC0446002114
:103CC000FFF78AFC31462046FFF74EFF30682A4650
:103CD0002146FBF7ADFE57F82500F8BD1AF0D5F8E0
:103CE0001AF05DFA1AF0FAF81AF02DF81AF0CDF879
:103CF000236820465B689847F2E700BFF45F002422
:103D00002DE9F04F8FB006A9189F059007F16C04BC
:103D1000204681E80C009DF86480FFF7BBFC8246DA
:103D20002046FFF7BDFF1A9B1D6890F838302A78AF
:103D300055F80C1C9A4204461ED0026BC369D0F899
:103D400020900992039329442B4699421E4607D995
:103D50003078DAF81820125C520703F10103F4D42A
:103D6000761BB346002E00F0ED80814B0A93710064
:103D70000AA814F010FA09E0426B436AD0F82890C0
:103D8000099203930029DED00135DCE7E36AA6EB54
:103D9000030ABAF1000F27DD16EA230638BF56469C
:103DA000E3684BB30A9A0021009152F80C2C73007F
:103DB0000AA8FDF737F90AA814F0A2F9AB19A17CFB
:103DC0000A98CDE90053D4E9022317F00EF9824690
:103DD0000AA814F095F90A994FF0FF32AAEB0101F5
:103DE0000AA8FFF7E9FAB246E36A002B1EDD617C00
:103DF0000AA814F016FA05E0324629460AA8FDF78B
:103E00002DF9F0E7BAF1000F06DBE26A05EB0A01D3
:103E10000AA8FDF765F909E094F83920CAF1000114
:103E20000AA8FDF797F95A462946F1E7FD6805F01B
:103E3000B00304930A9B15F4007553F80C3C18BFAB
:103E4000A5694B441D446900494B0B930BA814F022
:103E5000A2F9049BBE68102B11D1B5422CBF4FF0C4
:103E6000000B4FF0010B4FF0000A09AB13F80A30BA
:103E7000042B2CD8DFE803F0281D060F18004FF0A4
:103E8000000BF0E7FB689B0521D5D4E905120BA8D0
:103E9000FDF726F91BE0B9F1000F18D0039B197844
:103EA0000BA814F0BEF912E00AA90BA814F08EF9C1
:103EB0000DE0BBF1000F05D04246711B0BA8FDF7CA
:103EC00049F904E04146EBE7BBF1000FF4D10AF1F8
:103ED000010ABAF1040FC8D1B9F1010F06D903994B
:103EE00009F1FF3201310BA8FDF7FAF80B9B53F8EB
:103EF0000C3C9E420AD9049A202AA6EB03030ED159
:103F0000424619460BA8FDF725F9334600930CAC41
:103F100006AA06CA0B9B204614F018FE07E00022F2
:103F2000CDF8008011460BA8FDF77CF8EDE794E88A
:103F3000030006900BA88DF81C1016F0BDFD0AA812
:103F400016F0BAFD0023BB6006AB93E80300059BA7
:103F500083E8030018460FB0BDE8F08F0BA816F0F9
:103F6000ABFD0AA816F0A8FD19F0EDFEF9E700BFB9
:103F7000605F00242DE9F04F8FB006A9189F0590CF
:103F800007F16C04204681E80C009DF86480FFF77F
:103F900081FB82462046FFF7B7FD1A9B1D6890F80B
:103FA00038302A7855F80C1C9A4204461ED0026B11
:103FB000C369D0F820900992039329442B46994273
:103FC0001E4607D93078DAF81820125C520703F140
:103FD0000103F4D4761BB346002E00F0ED80814B34
:103FE0000A9371000AA814F0D6F809E0426B436AFC
:103FF000D0F82890099203930029DED00135DCE740
:10400000E36AA6EB030ABAF1000F27DD16EA2306DE
:1040100038BF5646E3684BB30A9A0021009152F824
:104020000C2C73000AA8FCF7FDFF0AA814F068F82E
:10403000AB19A17C0A98CDE90053D4E9022316F00C
:10404000D4FF82460AA814F05BF80A994FF0FF32B9
:10405000AAEB01010AA8FFF7AFF9B246E36A002B09
:104060001EDD617C0AA814F0DCF805E03246294622
:104070000AA8FCF7F3FFF0E7BAF1000F06DBE26AEB
:1040800005EB0A010AA8FDF72BF809E094F839209E
:10409000CAF100010AA8FDF75DF85A462946F1E782
:1040A000FD6805F0B00304930A9B15F4007553F8FE
:1040B0000C3C18BFA5694B441D446900494B0B9348
:1040C0000BA814F068F8049BBE68102B11D1B54200
:1040D0002CBF4FF0000B4FF0010B4FF0000A09AB63
:1040E00013F80A30042B2CD8DFE803F0281D060F44
:1040F00018004FF0000BF0E7FB689B0521D5D4E9D1
:1041000005120BA8FCF7ECFF1BE0B9F1000F18D06B
:10411000039B19780BA814F084F812E00AA90BA8E5
:1041200014F054F80DE0BBF1000F05D04246711BAE
:104130000BA8FDF70FF804E04146EBE7BBF1000FD9
:10414000F4D10AF1010ABAF1040FC8D1B9F1010F93
:1041500006D9039909F1FF3201310BA8FCF7C0FF22
:104160000B9B53F80C3C9E420AD9049A202AA6EBDA
:1041700003030ED1424619460BA8FCF7EBFF33466A
:1041800000930CAC06AA06CA0B9B204614F0DEFC7A
:1041900007E00022CDF8008011460BA8FCF742FF93
:1041A000EDE794E8030006900BA88DF81C1016F0BC
:1041B00083FC0AA816F080FC0023BB6006AB93E8E2
:1041C0000300059B83E8030018460FB0BDE8F08F9D
:1041D0000BA816F071FC0AA816F06EFC19F0B3FDDE
:1041E000F9E700BF605F00242DE9F04F8DB004AF08
:1041F00007F1080585E80C0097F848303B60FB6C38
:1042000097F850A00646894607F1180003F16C01A3
:10421000FBF7F2FA07F11800FFF73CFA90B078606C
:104220000DF11008FBF7FEFAD7E91634F861CDE975
:104230000234002300934022344B414607F11C0016
:10424000FDF728F93F28044619DD083424F0070457
:10425000ADEB040D00F1010B0DF11008FBF7E2FAD4
:10426000D7E91634F861CDE90234002300935A46A9
:10427000264B414607F11C00FDF70CF9044607F1F7
:10428000140200212046FCF777FEF86107F11C00BC
:10429000444413F035FFFB6978682246414616F026
:1042A00014FC3B6863B107F11C03CDE901A3FB6C6F
:1042B000009395E80C0049463046FFF721FD17E0D2
:1042C00007F11C03CDE901A3FB6C009395E80C00FA
:1042D00049463046FFF74EFE0AE007F11C0016F093
:1042E000EBFB07F11800FBF7ABFA19F02CFDF8E730
:1042F00007F11C0016F0E0FB07F11800FBF7A0FA2D
:1043000030462437BD46BDE8F08F00BFE270040898
:104310002DE9F04FADB08946389D0B9005F16C0644
:104320000EA9304681E80C00DDF8E8A03C9CFFF7C0
:1043300013FB08903046FFF7ADF983463B98DDF755
:1043400063FD00260A90109636A90EA814F0ACFE64
:10435000DDF84080002800F060840A9B9E4280F0D7
:104360005C84B8F1000F00F06D84399B399A1B68AA
:1043700043F00403136000F058BC14AE31460898B3
:1043800016F020FD08981BA916F02CFD10ABCDE906
:1043900005530E23CDE9036311AB029336AB93E8CB
:1043A00003008DE803000CAF0EAE96E80C00494602
:1043B000384617F00DFE97E80300109B86E80300CF
:1043C000002B3CD1119A072392FBF3F3C3EBC303F9
:1043D000D21ACAF81820237843F00203DFE014AEA3
:1043E0003146089816F00EFD089820A916F029FD10
:1043F00010ABCDE905531823CDE9036311AB02934C
:1044000036AB93E803008DE803000CAF0EAE96E8E0
:104410000C004946384617F0DBFD97E80300109B77
:1044200086E803005BB9119B0C2293FBF2F102FBBF
:104430001133CAF81030238843F481632380099E26
:10444000013681E7089812A916F0B0FC129B069479
:104450000CAF059310ABCDE90253CDF810A036ABED
:1044600093E803008DE803000EAE96E80C00494681
:104470003846FFF74DFF97E80300109B86E80300DE
:10448000002BDCD1637843F0040376E110ABCDE977
:10449000065302266323CDE904360023039311ABB0
:1044A000029336AB93E803008DE803000CAF0EAE29
:1044B00096E80C004946384617F044FD97E803009B
:1044C000109B86E80300002BB9D1119B6360238801
:1044D00043F49063B2E7304614F0C4FDDBF81830C3
:1044E000C0B21B5C180702D5304616F05CFA10AB60
:1044F000CDE9065302211F23CDE9043101230393A3
:1045000011AB029336AB93E803008DE803000CAFC8
:104510000EAE96E80C004946384617F013FD97E8B2
:104520000300109B86E80300002B88D1119BCAF87A
:104530000C30238843F4826380E7B94A14AE3346D3
:10454000A2F10901584616F0C0FA0CAFCDE9056496
:1045500080E710ABCDE9065302221723CDE90432E0
:104560000023039311AB029336AB93E803008DE86D
:1045700003000CAF0EAE96E80C004946384617F023
:10458000E1FC97E80300109A86E80300002A7FF414
:1045900056AF119BCAF80830237862F300032370EA
:1045A0004DE710ABCDE906530C270223CDE9047388
:1045B0000123039311AB029336AB93E803008DE81C
:1045C00003000DF130080EAE96E80C004946404657
:1045D00017F0B8FC98E80300109B86E80300002B56
:1045E0007FF42DAF119B93FBF7F207FB1233CAF850
:1045F0000830237843F00103D1E710ABCDE906532F
:104600004FF003084FF4B773CDE904380123039347
:1046100011AB029336AB93E803008DE803000CAFB7
:104620000EAE96E80C004946384617F08BFC97E82A
:104630000300109B86E80300002B7FF400AF119B62
:10464000013BCAF81C30237843F00403A7E710AB02
:10465000CDE906534FF0020E0C23CDE9043E0123B1
:10466000039311AB029336AB93E803008DE803008C
:104670000CAF0EAE96E80C004946384617F062FCC7
:1046800097E80300109B86E80300002B7FF4D7AE69
:10469000119B013BCAF81030237843F008037EE7F2
:1046A00010ABCDE906534FF0020C3B23CDE9043C9F
:1046B0000023039311AB029336AB93E803008DE81C
:1046C00003000CAF0EAE96E80C004946384617F0D2
:1046D00039FC97E80300109B86E80300002B7FF469
:1046E000AEAE119BCAF80430A9E636A90EA814F0A4
:1046F000DBFC00283FF4A3AE0EA814F0B3FCDBF8FB
:104700001830C0B21B5C1E077FF599AE0EA816F0DC
:104710004AF9EAE714AE0898314616F04DFB149BAF
:104720001B78002B3FF48BAE159B1B78002B3FF4BE
:1047300086AE10ABCDE905530223CDE9036311AB7F
:10474000029336AB93E803008DE803000CAF0EAE86
:1047500096E80C004946384617F03AFC97E8030003
:10476000109B86E80300002B7FF469AE119B002BA1
:104770003FF465AE637843F0010363705FE6089B26
:1047800006949B689B6A0CAF059309E0254A14AE1A
:104790003346911F584616F098F9CDE905640CAFE1
:1047A00010ABCDE90253CDF810A036AB93E803006F
:1047B0008DE803000EAE4946384696E80C00FFF738
:1047C000A7FD97E8030086E8030038E610ABCDE9C3
:1047D000065302203C23CDE904300023039311ABA0
:1047E000029336AB93E803008DE803000CAF0EAEE6
:1047F00096E80C004946384617F0A4FB97E80300FA
:10480000109B86E80300002B7FF419AE119BCAF8B9
:10481000003014E6044A14AE3346A2F10901B9E7A8
:10482000F1700408F77004080071040810ABCDE9BA
:10483000065302213523CDE904310023039311AB44
:10484000029336AB93E803008DE803000CAF0EAE85
:1048500096E80C004946384617F074FB97E80300C9
:10486000109B86E80300002B7FF4E9AD119B2268C2
:104870001B0403F47C1322F47C1243F0200322F087
:10488000200213432360DAE510ABCDE90653012281
:104890000623CDE904320023039311AB029336AB18
:1048A00093E803008DE803000CAF0EAE96E80C0011
:1048B0004946384617F046FB97E80300109B86E808
:1048C0000300002B7FF4BBAD119BCAF8183082E5C2
:1048D00010ABCDE906534FF002083523CDE904387B
:1048E0000023039311AB029336AB93E803008DE8EA
:1048F00003000CAF0EAE96E80C004946384617F0A0
:1049000021FB97E80300109B86E80300002B7FF44F
:1049100096AD119B22681B0403F47C1322F47C12D5
:1049200043F0400322F04002ABE7089814A916F0C8
:1049300031FA149B06940CAF26E7089814A916F0D8
:104940002FFAF6E710ABCDE906534FF0020E6323C2
:10495000CDE9043E0023039311AB029336AB93E8F9
:1049600003008DE803000CAF0EAE96E80C0049463C
:10497000384617F0E7FA97E80300109B86E8030033
:10498000002B7FF45CAD637823F0060343F006034D
:10499000637036A9304614F087FB00283BD03046C0
:1049A00014F060FB2A22C1B2584613F028FFA0F190
:1049B00030085FFA88F3092B2DD8304615F0F3FF45
:1049C000119B0A2707FB038336A93046119314F085
:1049D0006BFBA0B1304614F045FB2A22C1B2584609
:1049E00013F00DFFA0F130085FFA88F3092B06D809
:1049F000304615F0D8FF119B07FB03831193119BE1
:104A0000A3F26C73119363786FF341036370119B8E
:104A1000CAF8143013E5119B442BDCBF64331193A7
:104A2000F5E710ABCDE906534FF0040C42F20F73DB
:104A3000CDE9043C0023039311AB029336AB93E81A
:104A400003008DE803000CAF0EAE96E80C0049465B
:104A5000384617F077FA97E80300109B86E80300C2
:104A6000002B7FF4ECAC119BA3F26C73CAF81430EA
:104A7000637823F0060306E5304614F0F3FADBF81A
:104A80001830C0B21B5CDF0740F1828010ABCDE96B
:104A900005530E2304936A4B039314AB029336AB76
:104AA00093E803008DE803000CAF4946384696E8CA
:104AB0000C0017F08DFA97E8030086E8030036A98A
:104AC000304614F0F1FA00283FF4B9AC109B149A68
:104AD00013437FF4B4AC304614F0C4FA2D210746DA
:104AE000584613F07BFEFFB2B84235D110AF172302
:104AF0000221CDE90431CDE90657002214A9029123
:104B0000039236A903C98DE803000CAE0DF13808F5
:104B100098E80C004946304617F014FA96E803006E
:104B20003B2388E803000220CDE90430CDE9065795
:104B3000002214AB0293039236AB93E803008DE896
:104B400003004946304698E80C0017F0FBF996E858
:104B5000030088E8030072E4304614F083FA2B2146
:104B60000646584613F03AFEF6B2B0427FF467AC00
:104B7000BCE7304614F076FA25210746584613F074
:104B80002DFEFFB2B84203D1304615F00CFF56E4BB
:104B9000109B43F00403109351E43B9B995DDBF8B9
:104BA00018305B5C1A0714D536A90EA814F07CFAED
:104BB00000283FF445AC0EA814F054FADBF8183086
:104BC000C0B21B5C1B077FF53BAC0EA815F0EBFEDB
:104BD000EAE7584613F0FFFD80460EA814F042FAAB
:104BE000C1B2584613F0F7FD804512D039785846C7
:104BF00013F0EEFD07460EA814F034FAC1B2584681
:104C000013F0E6FD874204D0109B43F00403109399
:104C100016E40EA815F0C7FE12E4B8F1000F7FF4F9
:104C2000A4AB0A9B9E427FF4A0AB0EAB93E80300BB
:104C30000B9B83E8030018462DB0BDE8F08F00BF42
:104C4000BC1300243B9B4246995D58469F1913F0C4
:104C5000D6FD2528A1D1731C0993711C3B9B4246AC
:104C6000595C584613F0CBFD4528CDF8448001D05F
:104C70004F2808D1B31C099309993B9B0022595C2A
:104C8000584613F0BCFD25380EAE542880D801A339
:104C900053F820F0734B0208914B0208914B020825
:104CA000914B0208914B0208914B0208914B02086C
:104CB000914B0208914B0208914B0208914B02085C
:104CC000914B0208914B0208914B0208914B02084C
:104CD000914B0208914B0208914B0208914B02083C
:104CE000914B0208914B0208914B0208914B02082C
:104CF000914B0208914B0208914B0208914B02081C
:104D0000914B02087B430208DF4302088D440208EE
:104D10003B450208914B0208914B0208914B020857
:104D200053450208A3450208914B0208914B020823
:104D3000914B0208A1460208914B0208914B0208D0
:104D4000914B0208914B02088D470208CD4702089B
:104D5000154802082D480208914B0208D148020864
:104D60003B490208234A0208794A0208914B02088B
:104D7000914B0208914B0208914B0208914B02089B
:104D8000914B02087B430208DF43020845440208B6
:104D9000D7440208D7440208914B0208914B0208FD
:104DA000DF430208914B0208FB450208914B0208C1
:104DB000914B02084F460208EB460208914B02084D
:104DC00015470208914B02087F470208914B0208E1
:104DD000EB460208914B0208914B020889480208F1
:104DE0002B490208454902082DE9F04F89B004AF6C
:104DF00002901498DDF858B06C3087E80C00FEF78C
:104E00003FFD0023044612A938468DF81B3014F0EC
:104E100038F9054608B34FF00008237C46460125C3
:104E2000A14A0792002B40F0818094F864A0BAF167
:104E3000000F00F0FD8004F14E030193002D00F0FF
:104E4000FC80079B53F80C3C002B00F093805FFA2A
:104E500088F107A813F0E5F9B8E1384614F002F933
:104E600094F84B10237CC0B281428DF81B002ED1E8
:104E700093BB94F824308B424FD10026237CB0465C
:104E80004FF0FF399DF81B201BB194F8251091427B
:104E9000C6D094F824109142C2D094F84E1091429A
:104EA000BED11EB93021584613F0BBF9049815F055
:104EB00050FD12A93846CDF8149014F0F5F808F119
:104EC0000108064658BB0125237C2E46A8E794F826
:104ED0004A208242D1D11BB194F825308342CCD0F4
:104EE00094F824308342C8D0814214BF2D212B2155
:104EF000584613F096F9049815F02BFD4FF0FF3348
:104F000012A93846059314F0CFF8002883D038460C
:104F100014F0A8F88DF81B00AFE72B21E8E738461E
:104F200014F0A0F8237C8DF81B00ABE7202107A824
:104F300013F031F979E7554656469DF81B10A1F15B
:104F40003003092B03D8584613F06BF959E094F855
:104F500024308B421AD1B9F1000F17D125B92E2177
:104F6000584613F05EF94FE0079B53F80C3C002BBA
:104F700040F02C8197E80300029B83E8030007A818
:104F800015F09AFD029809B0BDE8F08F94F85C30F6
:104F90008B4204D094F862308B4240F00B81002D9C
:104FA00040F00881002E00F005816521584613F07D
:104FB00038F9049815F0CDFC4FF0FF3312A93846AC
:104FC000059314F071F88246002800F0F28038460C
:104FD00014F048F894F84B30C0B283428DF81B00AF
:104FE00008D094F84A308342A5D12D21584613F0B9
:104FF00018F901E02B21F9E75546049815F0A9FCB2
:1050000006E04FF0010AF8E7B2464FF00109F4E775
:105010004FF0FF3312A93846059314F045F80028E5
:1050200000F0C880384614F01DF88DF81B0083E7A7
:10503000002D7FF406AFA9467FE7A94672E05846E7
:10504000FBF7C2FFFDE694F824209A4214D1079B97
:1050500053F80C3CB9F1000F40F0AC80002D40F04B
:10506000A98023B15FFA88F107A813F0DAF82E219E
:10507000584613F0D6F88AE0019803930DF11B020D
:105080000A2112F06AFF039B80B1019BC01A00F154
:105090003001C9B2584613F0C4F808F10108564669
:1050A000049815F056FC74E0605F002494F85C20CE
:1050B0009A4203D094F862209A427BD1079B53F81E
:1050C0000C3C002D76D1002E74D03BB1B9F1000F0D
:1050D00004D15FFA88F107A813F0A3F865215846B8
:1050E00013F09FF8049815F034FC4FF0FF3312A929
:1050F00004A8059313F0D8FF0546002859D004A84A
:1051000013F0B0FF94F84B10237CC0B281428DF8AD
:105110001B001FD11BBB94F824308B422FD12B4690
:105120002E461D46227C9DF81B30002A8BD094F819
:1051300025209A4287D1B9F1000F3BD1002D39D1FA
:10514000B8F1000F3FF47BAF5FFA88F107A813F0C6
:1051500068F818E094F84A208242E0D11BB194F834
:1051600025308342DBD094F824308342D7D081426B
:1051700014BF2D212B21584613F053F801E02B21A9
:10518000F9E72E468CE74FF00009C84688E7D1467C
:1051900086E74FF0FF3312A904A8059313F084FFAC
:1051A00040B104A813F05EFF2B468DF81B00354676
:1051B000B6E73546079B53F80C3C002B3FF4DAAEBC
:1051C000B9F1000F02D1002D3FF441AED4E9020144
:1051D00007AA19F026FB00287FF4CCAE159B042209
:1051E0001A60C7E607A815F067FC18F0ACFD00BF11
:1051F0002DE9F0438DB008AC0AAE84E80C000546FA
:10520000204B179F0A9389463046202112F0C3FF96
:10521000CDE90376169B029314AB93E803008DE867
:1052200003000DF1180894E80C0049464046FFF7CA
:10523000DBFD98E80300DDF8288084E80300FAF736
:10524000F1FA18990B900BAB40463A4602F080FEFB
:1052500014A9204613F015FF18B13B6843F0020370
:105260003B6094E8030085E80300304615F024FC19
:1052700028460DB0BDE8F083304615F01DFC18F04F
:1052800062FD00BF605F00242DE9F0438DB008ACE3
:105290000AAE84E80C000546204B179F0A93894606
:1052A0003046202112F077FFCDE90376169B02935A
:1052B00014AB93E803008DE803000DF1180894E89F
:1052C0000C0049464046FFF78FFD98E80300DDF8E3
:1052D000288084E80300FAF7A5FA18990B900BAB25
:1052E00040463A4602F06EFE14A9204613F0C9FE6D
:1052F00018B13B6843F002033B6094E8030085E883
:105300000300304615F0D8FB28460DB0BDE8F08309
:10531000304615F0D1FB18F016FD00BF605F002489
:105320002DE9F0438DB008AC0AAE84E80C000546C8
:10533000204B179F0A9389463046202112F02BFFFD
:10534000CDE90376169B029314AB93E803008DE836
:1053500003000DF1180894E80C0049464046FFF799
:1053600043FD98E80300DDF8288084E80300FAF79D
:1053700059FA18990B900BAB40463A4602F068FE7A
:1053800014A9204613F07DFE18B13B6843F00203D8
:105390003B6094E8030085E80300304615F08CFB81
:1053A00028460DB0BDE8F083304615F085FB18F0B7
:1053B000CAFC00BF605F00242DE9F04F8DB008AD3E
:1053C000189C079004F16C0085E80C00FEF758FA71
:1053D000E46804F04A040023402C06468DF82B3084
:1053E00059D0082C0CBF4FF0100A4FF00A0A16A92A
:1053F000284613F046FE8146002840F0918028465A
:1054000013F030FE96F84A20337CC0B282428DF809
:105410002B0003D096F84B10814256D1111A4A4204
:105420004A410292002B39D096F82530834235D17B
:10543000337C0027B8464FF0FF3B9DF82B201BB173
:1054400096F8253093426FD096F8243093426BD073
:1054500096F84E30934243D1002F39D0BAF10A0F5B
:1054600040D1002C4ED008F10108089815F071FACF
:1054700016A92846CDF824B013F016FE002800F037
:105480008D80284613F0EEFD8DF82B00002F00F0E4
:105490008880337CD1E74FF0080AA8E796F82430DB
:1054A0008342C5D0089815F054FA4FF0FF3316A97F
:1054B0002846099313F0F8FD0746002868D02846CF
:1054C00013F0D0FD8DF82B00B2E7CDF80890B0E7CF
:1054D000E4B1BAF1080F1CD008F101080127C4E7B4
:1054E000002F5ED096F84C30934203D096F84D30A2
:1054F000934251D17CB1BAF1100F54D14FF0000852
:105500004746B2E7A0464FF0080AAEE7A04601279B
:10551000F9E7B846E2E7A04627464FF0100AA4E7AD
:105520000023029398461F46BAF1100F14BF53464A
:1055300016230493824B0B93337C002B37D1029BB1
:1055400003F10043013B0193B3FBFAF3059396F893
:1055500064300393002B5AD006F14E030693B9F141
:10556000000F40F09180CB464D46347C9DF82B30A7
:10557000002C52D096F825209A424ED1B8F1000F57
:1055800000F088805FFA88F10BA812F04AFE66E00E
:105590004FF001098046C7E70127C5E74FF0010931
:1055A000C2E7B946C0E7CDF810A00127C2E7202125
:1055B0000BA812F0F0FDC2E74FF0010B23E04FF013
:1055C000FF3316A908A8099313F06EFD04460028BE
:1055D0005ED008A813F046FD8DF82B009DF82B1027
:1055E000049815F0C0F9431C50D0059BAB42E3D39F
:1055F000019B05FB0AF51B1AAB4238BF4BF0010BB0
:1056000008F101080544089815F0A3F9D7E7B9F1A6
:10561000000F49D1CB464D46E0E796F824209A4248
:1056200034D0049906980DF12B0212F096FC68B361
:10563000069BC01A059B0F28C8BF0638AB4211D382
:10564000019B05FB0AF51B1AAB4238BF4BF0010B5F
:1056500008F101080544089815F07BF905E04FF0C2
:105660000008F8E7DDF80CB0F5E74FF0FF3316A9B6
:1056700008A8099313F018FD0446D0B108A813F048
:10568000F1FC8DF82B0070E70025AB46002401E00B
:105690004FF001090B9B53F80C3CB3B15FFA88F152
:1056A0000BA812F0BEFD07E0DDF80CB05C465D46CD
:1056B000F0E7DDF80C90EDE7D6E902010BAA19F04E
:1056C000B0F810B9199A04231360B8F1000F04D18F
:1056D0001FB90B9B53F80C3C4BB144B9BBF1000F05
:1056E00020D1029B03B16D421A9B1D6005E000238F
:1056F0001A9A1360199A04231360B9F1000F05D0A8
:10570000199B199A1B6843F002031360DDE9080135
:10571000079B83E803000BA815F0CEF907980DB09E
:10572000BDE8F08F029B002B0CBF6FF000434FF0E1
:105730000043DDE70BA815F0BFF918F004FB00BF2C
:10574000605F00242DE9F04F8BB006AD169C0590EC
:1057500004F16C0085E80C00FEF792F8E46804F0B0
:105760004A040023402C06468DF8233059D0082CDB
:105770000CBF4FF0100A4FF00A0A14A9284613F084
:1057800080FC8146002840F09180284613F06AFC96
:1057900096F84A20337CC0B282428DF8230003D0B1
:1057A00096F84B10814256D1111A4A424A41019251
:1057B000002B39D096F82530834235D1337C002731
:1057C000B8464FF0FF3B9DF823201BB196F82530DB
:1057D00093426FD096F8243093426BD096F84E30B7
:1057E000934243D1002F39D0BAF10A0F40D1002C97
:1057F0004ED008F10108069815F0ABF814A9284618
:10580000CDF81CB013F050FC002800F08980284629
:1058100013F028FC8DF82300002F00F08480337CE7
:10582000D1E74FF0080AA8E796F824308342C5D0A4
:10583000069815F08EF84FF0FF3314A92846079309
:1058400013F032FC0746002864D0284613F00AFC07
:105850008DF82300B2E7CDF80490B0E7E4B1BAF1D7
:10586000080F1CD008F101080127C4E7002F5AD007
:1058700096F84C30934203D096F84D3093424DD178
:105880007CB1BAF1100F50D14FF000084746B2E793
:10589000A0464FF0080AAEE7A0460127F9E7B84650
:1058A000E2E7A04627464FF0100AA4E70023019341
:1058B00098461F46BAF1100F14BF534616230293A1
:1058C000814B0993337CA3BB4FF6FF73B3FBFAF311
:1058D000039396F864300093002B5DD006F14E03DD
:1058E0000493B9F1000F40F09780CB464C46357CCD
:1058F0009DF82330002D55D096F825209A4251D19D
:10590000B8F1000F00F08E805FFA88F109A812F05C
:1059100088FC6CE04FF001098046CBE70127C9E71E
:105920004FF00109C6E7B946C4E7CDF808A0012742
:10593000C6E7202109A812F02EFCC5E74FF0010BA5
:1059400026E04FF0FF3314A906A8079313F0ACFB31
:105950000546002864D006A813F084FB8DF82300C8
:105960009DF82310029814F0FEFF431C56D0039BB1
:10597000A342E3D31AFB04F4C0F57F43A4B2FF3380
:105980009C42C8BF4BF0010B0444A4B208F10108CB
:10599000069814F0DEFFD4E7B9F1000F4CD1CB46E6
:1059A0004C46DDE796F824209A4237D002990498B5
:1059B0000DF1230212F0D1FA80B3049BC01A039BAD
:1059C0000F28C8BF0638A34214D31AFB04F4C0F54D
:1059D0007F43A4B2FF339C42C8BF4BF0010B044489
:1059E000A4B208F10108069814F0B3FF05E04FF0E7
:1059F0000008F8E7DDF800B0F5E74FF0FF3314A931
:105A000006A8079313F050FB0546D0B106A813F083
:105A100029FB8DF823006AE70024A346002501E056
:105A20004FF00109099B53F80C3CB3B15FFA88F1C0
:105A300009A812F0F6FB07E0DDF800B05D465C4611
:105A4000F0E7DDF80090EDE7D6E9020109AA18F0C9
:105A5000E8FE10B9179A04231360B8F1000F04D1BF
:105A60001FB9099B53F80C3C53B14DB9BBF1000F62
:105A700021D1019B0BB16442A4B2189B1C8005E0AC
:105A80000023189A1380179A04231360B9F1000FAA
:105A900005D0179B179A1B6843F002031360DDE9DA
:105AA0000601059B83E8030009A815F005F8059891
:105AB0000BB0BDE8F08F4FF6FF73E2E709A814F0D2
:105AC000FBFF18F040F900BF605F00242DE9F04FA4
:105AD0008BB00DF11808169C059004F16C0088E855
:105AE0000C00FDF7CDFEE46804F04A040023402CCE
:105AF00005468DF8233057D0082C0CBF4FF0100A04
:105B00004FF00A0A14A9404613F0BBFA8146002858
:105B100040F08D80404613F0A5FA95F84A202B7C82
:105B2000C0B282428DF8230003D095F84B10814219
:105B300054D1111A4A424A410192002B37D095F8AC
:105B40002530834233D12B7C002637464FF0FF3B74
:105B50009DF823201BB195F8253093426BD095F822
:105B60002430934267D095F84E30934240D1002EB6
:105B700037D0BAF10A0F3DD1002C4AD00137069830
:105B800014F0E7FE14A94046CDF81CB013F08CFACF
:105B9000002800F08480404613F064FA8DF823005A
:105BA000002E7FD02B7CD3E74FF0080AAAE795F8A8
:105BB00024308342C7D0069814F0CBFE4FF0FF3359
:105BC00014A94046079313F06FFA0646002860D0E8
:105BD000404613F047FA8DF82300B4E7CDF804905F
:105BE000B2E7D4B1BAF1080F1AD001370126C6E7DF
:105BF000002E57D095F84C30934203D095F84D3095
:105C000093424AD174B1BAF1100F4DD100273E46EC
:105C1000B5E727464FF0080AB1E727460126F9E71E
:105C20003746E3E7274626464FF0100AA7E700234A
:105C300001931F461E46BAF1100F14BF5346162398
:105C400002937A4B09932B7C93BB4FF0FF33B3FB4A
:105C5000FAF3039395F864300093002B56D005F1C6
:105C60004E030493B9F1000F40F08A80CB46C8463A
:105C70002C7C9DF82330002C4ED095F825209A429C
:105C80004AD1002F00F08380F9B209A812F0C9FAB6
:105C900062E04FF001090746CDE70126CBE74FF060
:105CA0000109C8E7B146C6E7CDF808A00126C8E754
:105CB000202109A812F06FFAC7E74FF0010B21E08D
:105CC0004FF0FF3314A906A8079313F0EDF904462B
:105CD00000285AD006A813F0C5F98DF823009DF8C6
:105CE0002310029814F03FFE431C4CD0039B434505
:105CF000E3D308FB0AF810EB080028BF4BF0010BB8
:105D000080460137069814F024FED9E7B9F1000F58
:105D100046D1CB46C846E2E795F824209A4232D0D5
:105D2000029904980DF1230212F017F958B3049B5D
:105D3000C01A039B0F28C8BF063843450ED308FB83
:105D40000AF810EB080028BF4BF0010B8046013722
:105D5000069814F0FEFD04E00027F9E7DDF800B036
:105D6000F6E74FF0FF3314A906A8079313F09CF948
:105D70000446D0B106A813F075F98DF8230077E733
:105D80004FF00008C346002401E04FF00109099BD1
:105D900053F80C3CABB1F9B209A812F042FA07E093
:105DA000DDF800B05C46D846F1E7DDF80090EEE79C
:105DB000D5E9020109AA18F034FD10B9179A042395
:105DC000136027B91EB9099B53F80C3C5BB154B959
:105DD000BBF1000F22D1019B0BB1C8F10008189B49
:105DE000C3F8008005E00023189A1360179A042373
:105DF0001360B9F1000F05D0179B179A1B6843F089
:105E000002031360DDE90601059B83E8030009A88E
:105E100014F052FE05980BB0BDE8F08F4FF0FF3341
:105E2000E2E709A814F048FE17F08DFF605F002438
:105E30002DE9F04F8BB00DF11808169C059004F178
:105E40006C0088E80C00FDF71BFDE46804F04A04D0
:105E50000023402C05468DF8233057D0082C0CBF6A
:105E60004FF0100A4FF00A0A14A9404613F009F93E
:105E70008146002840F08D80404613F0F3F895F8F5
:105E80004A202B7CC0B282428DF8230003D095F8C3
:105E90004B10814254D1111A4A424A410192002BBF
:105EA00037D095F82530834233D12B7C00263746F6
:105EB0004FF0FF3B9DF823201BB195F8253093420E
:105EC0006BD095F82430934267D095F84E309342CA
:105ED00040D1002E37D0BAF10A0F3DD1002C4AD064
:105EE0000137069814F035FD14A94046CDF81CB0D2
:105EF00013F0DAF8002800F08480404613F0B2F87E
:105F00008DF82300002E7FD02B7CD3E74FF0080ABA
:105F1000AAE795F824308342C7D0069814F019FDFB
:105F20004FF0FF3314A94046079313F0BDF806461F
:105F3000002860D0404613F095F88DF82300B4E7B0
:105F4000CDF80490B2E7D4B1BAF1080F1AD00137F6
:105F50000126C6E7002E57D095F84C30934203D067
:105F600095F84D3093424AD174B1BAF1100F4DD12A
:105F700000273E46B5E727464FF0080AB1E7274617
:105F80000126F9E73746E3E7274626464FF0100A91
:105F9000A7E7002301931F461E46BAF1100F14BF56
:105FA0005346162302937A4B09932B7C93BB4FF0F5
:105FB000FF33B3FBFAF3039395F864300093002B9F
:105FC00056D005F14E030493B9F1000F40F08A80DA
:105FD000CB46C8462C7C9DF82330002C4ED095F83B
:105FE00025209A424AD1002F00F08380F9B209A8F7
:105FF00012F017F962E04FF001090746CDE70126DC
:10600000CBE74FF00109C8E7B146C6E7CDF808A0D5
:106010000126C8E7202109A812F0BDF8C7E74FF014
:10602000010B21E04FF0FF3314A906A8079313F0EA
:106030003BF8044600285AD006A813F013F88DF850
:1060400023009DF82310029814F08DFC431C4CD0C3
:10605000039B4345E3D308FB0AF810EB080028BF75
:106060004BF0010B80460137069814F072FCD9E71B
:10607000B9F1000F46D1CB46C846E2E795F8242097
:106080009A4232D0029904980DF1230211F065FF73
:1060900058B3049BC01A039B0F28C8BF063843455A
:1060A0000ED308FB0AF810EB080028BF4BF0010BD9
:1060B00080460137069814F04CFC04E00027F9E70D
:1060C000DDF800B0F6E74FF0FF3314A906A80793F8
:1060D00012F0EAFF0446D0B106A812F0C3FF8DF813
:1060E000230077E74FF00008C346002401E04FF09B
:1060F0000109099B53F80C3CABB1F9B209A812F0A5
:1061000090F807E0DDF800B05C46D846F1E7DDF82E
:106110000090EEE7D5E9020109AA18F082FB10B958
:10612000179A0423136027B91EB9099B53F80C3C36
:106130005BB154B9BBF1000F22D1019B0BB1C8F187
:106140000008189BC3F8008005E00023189A13602C
:10615000179A04231360B9F1000F05D0179B179A03
:106160001B6843F002031360DDE90601059B83E829
:10617000030009A814F0A0FC05980BB0BDE8F08F4F
:106180004FF0FF33E2E709A814F096FC17F0DBFDAF
:10619000605F00242DE9F04F8FB00AAD1A9C079084
:1061A00004F16C0085E80C00FDF76AFBE46804F07C
:1061B0004A040023402C06468DF8333059D0082C71
:1061C0000CBF4FF0100A4FF00A0A18A9284612F027
:1061D00058FF8146002840F09180284612F042FF87
:1061E00096F84A20337CC0B282428DF8330003D047
:1061F00096F84B10814256D1111A4A424A410192F7
:10620000002B39D096F82530834235D1337C0027D6
:10621000B8464FF0FF3B9DF833201BB196F8253070
:1062200093426FD096F8243093426BD096F84E305C
:10623000934243D1002F39D0BAF10A0F40D1002C3C
:106240004ED008F101080A9814F083FB18A92846DB
:10625000CDF82CB012F028FF002800F098802846D6
:1062600012F000FF8DF83300002F00F09380337C94
:10627000D1E74FF0080AA8E796F824308342C5D04A
:106280000A9814F066FB4FF0FF3318A928460B93C9
:1062900012F00AFF0746002873D0284612F0E2FEEB
:1062A0008DF83300B2E7CDF80490B0E7E4B1BAF16D
:1062B000080F1CD008F101080127C4E7002F69D09E
:1062C00096F84C30934203D096F84D3093425CD10F
:1062D0007CB1BAF1100F5FD14FF000084746B2E72A
:1062E000A0464FF0080AAEE7A0460127F9E7B846F6
:1062F000E2E7A04627464FF0100AA4E700230193E7
:1063000098461F46BAF1100F14BF53461623049344
:106310009C4B0D93337C002B42D1019B013B059399
:10632000019B059803F10043013B029302994FEA58
:10633000EA735246DAF7E4FF96F864300393CDE946
:106340000801002B68D006F14E030693B9F1000F47
:1063500040F0AE80CB464D46CDF80090347C9DF8A1
:106360003330002C60D096F825209A425CD1B8F1E9
:10637000000F00F0A4805FFA88F10DA811F051FF22
:1063800081E04FF001098046BCE70127BAE74FF0F2
:106390000109B7E7B946B5E7CDF810A00127B7E77F
:1063A00020210DA811F0F7FEB7E74FF0010B2FE009
:1063B0004FF0FF3318A90AA80B9312F075FE04469C
:1063C00000287AD00AA812F04DFE8DF833009DF80F
:1063D0003310049814F0C7FA431C6CD0089B009A41
:1063E000AB42099B9341E0D3AAFB05530AFB02335E
:1063F000059A111A029A62EBE072A9429A4138BFDB
:106400004BF0010B451943EBE073009308F10108D1
:106410000A9814F09EFACBE7B9F1000F59D1CB4698
:106420004D46CDF80090D2E796F824209A4242D00B
:10643000049906980DF1330211F08FFD00283AD02F
:10644000069B009AC01A089B0F28C8BF0638AB42AB
:10645000099B93411AD3AAFB05530AFB0233059A01
:10646000111A029A62EBE072A9429A4138BF4BF0CE
:10647000010B451943EBE073009308F101080A98FA
:1064800014F067FA05E04FF00008F8E7DDF80CB00B
:10649000F5E74FF0FF3318A90AA80B9312F004FE9A
:1064A0000446E8B10AA812F0DDFD8DF8330055E787
:1064B00000250095AB46002401E04FF001090D9B3B
:1064C00053F80C3CC3B15FFA88F10DA811F0A9FE96
:1064D00009E0DDF80CB0CDF800B05C465D46EEE7B3
:1064E000DDF80C90EBE7D6E902010DAA18F099F956
:1064F00010B91B9A04231360B8F1000F04D11FB91F
:106500000D9B53F80C3C7BB174B9BBF1000F28D143
:10651000019B23B1009B6D4263EB430300931C9BE3
:10652000009A1D605A6007E0002200231C99C1E90F
:1065300000231B9A04231360B9F1000F05D01B9BA5
:106540001B9A1B6843F002031360DDE90A01079BF5
:1065500083E803000DA814F0AFFA07980FB0BDE868
:10656000F08F019B1BB100224FF00043DEE74FF09C
:10657000FF326FF00043D9E70DA814F09DFA17F031
:10658000E2FB00BF605F00242DE9F04F8DB008AD45
:10659000189C059004F16C0085E80C00FDF770F97B
:1065A000E46804F04A040023402C06468DF82B30A2
:1065B00059D0082C0CBF4FF0100B4FF00A0B16A946
:1065C000284612F05EFD8246002840F09180284661
:1065D00012F048FD96F84A20337CC0B282428DF812
:1065E0002B0003D096F84B10814256D1111A4A4223
:1065F0004A410292002B39D096F82530834235D19A
:10660000337C0027B8464FF0FF399DF82B201BB193
:1066100096F8253093426FD096F8243093426BD091
:1066200096F84E30934243D1002F39D0BBF10A0F78
:1066300040D1002C4ED008F10108089814F089F9D7
:1066400016A92846CDF8249012F02EFD002800F05F
:106650009280284612F006FD8DF82B00002F00F0E6
:106660008D80337CD1E74FF0080BA8E796F82430F3
:106670008342C5D0089814F06CF94FF0FF3316A987
:106680002846099312F010FD074600286DD02846D1
:1066900012F0E8FC8DF82B00B2E7CDF808A0B0E7C7
:1066A000E4B1BBF1080F1CD008F101080127C4E7D1
:1066B000002F63D096F84C30934203D096F84D30BB
:1066C000934256D17CB1BBF1100F59D14FF0000865
:1066D0004746B2E7A0464FF0080BAEE7A0460127B9
:1066E000F9E7B846E2E7A04627464FF0100BA4E7CB
:1066F0000023029398461F46BBF1100F14BF5B4660
:1067000016230393944B0B93337C002B3CD14FEA1D
:10671000EB735A464FF0FF304FF0FF31DAF7F0FDE0
:1067200096F864300193CDE90601002B69D006F19B
:106730004E030493BAF1000F40F0B080CDF800A0F2
:106740005546D146347C9DF82B30002C61D096F80C
:1067500025209A425DD1B8F1000F00F0A6805FFAC3
:1067600088F10BA811F05DFD83E04FF0010A80462F
:10677000C2E70127C0E74FF0010ABDE7BA46BBE711
:10678000CDF80CB00127BDE720210BA811F003FDC7
:10679000BDE70123009330E04FF0FF3316A908A8AE
:1067A000099312F081FC044600287CD008A812F05E
:1067B00059FC8DF82B009DF82B10039814F0D3F89A
:1067C000431C6ED0069BAB42079B73EB0903E0D3DF
:1067D000ABFB05530BFB093341194FEAE07959EB49
:1067E000030100994FF0000228BF0122114345190F
:1067F000009149EB030908F10108089814F0A9F881
:10680000CAE7BAF1000F5AD1CDF800A05546D146DB
:10681000D1E796F824209A4243D0DDE903100DF128
:106820002B0211F09AFB00283BD0049BC01A069B58
:106830000F28C8BF0638AB42079B73EB09031BD375
:10684000ABFB05530BFB093341194FEAE07959EBD8
:10685000030100994FF0000228BF0122114345199E
:10686000009149EB030908F10108089814F071F848
:1068700005E04FF00008F8E7019B0093F5E74FF0C3
:10688000FF3316A908A8099312F00EFC0446E0B1E4
:1068900008A812F0E7FB8DF82B0053E70025A94666
:1068A0000095002401E04FF0010A0B9B53F80C3CCB
:1068B000BBB15FFA88F10BA811F0B3FC08E0019BB3
:1068C00000931C461D469946EFE7DDF804A0ECE76F
:1068D000D6E902010BAA17F0A4FF10B9199A0423F4
:1068E0001360B8F1000F04D11FB90B9B53F80C3C97
:1068F0005BB154B9009B2BBB029B13B16D4269EB9A
:1069000049091A9BC3E9005907E0002200231A999C
:10691000C1E90023199A04231360BAF1000F05D0CE
:10692000199B199A1B6843F002031360DDE9080103
:10693000059B83E803000BA814F0BEF805980DB082
:10694000BDE8F08F4FF0FF324FF0FF33DFE70BA8C9
:1069500014F0B2F817F0F7F9605F00242DE9F04F5A
:106960008FB008A981E80C00DDE91A3903F16C0445
:1069700005902046FCF78EFE04902046FDF790F926
:1069800000F138030693036A05461BB1836A003B96
:1069900018BF012301932B7C974C0B942BB920211A
:1069A0000CA80C9411F0F7FB04E020210BA811F0C7
:1069B000F2FBF4E705F13903002607936B6B0D93A7
:1069C000B04637460396009602960DAB9B5D042BAE
:1069D00041D8DFE813F00E01F4000C00710005004F
:1069E000DFF818A218A908A812F05EFBE2E01A9BD3
:1069F000DB6898051FD4009B012B1CD8DEB1012E4B
:106A00000BD1019BBBB99DF83430032B13D09DF8FB
:106A10003630012B0FD00226D7E7022E40F012812C
:106A20009DF83730042B06D0019A002A00F005812A
:106A3000032B40F00481D5F818B04FF0000A18A9D4
:106A400008A812F031FB02E00AF1010AF7E7044658
:106A500018B9DA4510D1012418E0DA4516D008A893
:106A600012F000FB6B6913F80A30C0B2834203D105
:106A700008A813F098FFE7E7BAF1000F40F0D980BB
:106A80001A9BDC6884F40074C4F340240136042E9D
:106A900040F0B880009B012B40F20681002C00F0F2
:106AA000B480029B002B00F0CF806E6A012418A9ED
:106AB00008A812F0F9FACBE02B6A33B9AB6ACBB174
:106AC00018A908A812F0F0FA1AE018A908A812F0FC
:106AD000EBFA04460028F1D008A812F0C3FAEB69DB
:106AE0001B78C0B28342E9D12B6A009308A813F047
:106AF0005AFFCBE72B6AA3B9019B83F00104C5E7DA
:106B000004460028F6D008A812F0ACFA6B6A1B788D
:106B1000C0B28342EED1AB6A009308A813F043FFE2
:106B200089E0AB6A002BE7D1012302931C46ADE755
:106B300008A812F097FA5FFA80FB0DF12B02079874
:106B40008DF82BB00A2111F008FA60B1069BC01A2B
:106B5000DAF80030195C0CA811F063FB013708A8C3
:106B600013F021FF3EE76B7C5B4509D1B8F1000FC4
:106B70001CD1EB6A002B12DDA04603970027EEE73D
:106B80002B7C63B1AA7C5A4508D1B8F1000F0DD116
:106B900077B1F9B20BA811F044FBEFE71C460C9B50
:106BA00053F80C3C002B08BF00246FE74446F6E77F
:106BB0003C46F4E704460028BAD10124EFE718A9BF
:106BC00008A812F071FA40B90024032E3FF462AF16
:106BD00018A908A812F068FA12E008A812F042FA00
:106BE000049BC0B29B691B5C1907EDD508A813F084
:106BF000DAFE0124E9E700BF605F0024B813002437
:106C000050B90136002C7FF4E0AED9F8003043F0E3
:106C10000403C9F800305EE008A812F023FA049BD0
:106C2000C0B29B691B5C1A07EBD508A813F0BBFE2A
:106C3000CEE700242AE7029428E70326C5E6019C54
:106C40000326DFE7012425E7EE692FE701342EE76D
:106C5000009BE0B9A342D8D10C9B53F80C3C012B0C
:106C600025D9302100220DEB010011F0DAF902469E
:106C7000E8B1431C04BF0C9B53F80C2C4FF00001EF
:106C800008BF02F1FF320CA8FCF796FB0FE0A3420D
:106C9000E2D008A812F0E6F9335DC0B28342B4D165
:106CA00008A813F080FED1E7002CAED0D4E7029BF9
:106CB0001BB10CA811F024FA13E00B9B53F80C3C09
:106CC000E3B9B8F1000F02D0EB6ABB429DD11C982A
:106CD0000CA911F091F908AC18A9204612F0D1F9CD
:106CE00025E00C9B1B78302BE7D00CA811F011FA93
:106CF00001462D220CA811F012FADEE7B8F1000FC0
:106D000005D09DF80C100BA811F08BFA01E0F9B238
:106D1000F9E7D5E902010BAA17F083FD0028D0D1CD
:106D2000D9F8003043F00403C9F80030C9E728B1AE
:106D3000D9F8003043F00203C9F8003094E80300AA
:106D4000059B83E803000CA813F0B6FE0BA813F014
:106D5000B3FE05980FB0BDE8F08F0CA813F0ACFEA1
:106D60000BA813F0A9FE16F0EEFFF9E72DE9F04F9E
:106D70008FB008A981E80C00DDE91A3903F16C0431
:106D800005902046FCF786FC04902046FCF7BCFEEC
:106D900000F138030693036A05461BB1836A003B82
:106DA00018BF012301932B7C974C0B942BB9202106
:106DB0000CA80C9411F0EFF904E020210BA811F0BD
:106DC000EAF9F4E705F13903002607936B6B0D939D
:106DD000B04637460396009602960DAB9B5D042B9A
:106DE00041D8DFE813F00E01F4000C00710005003B
:106DF000DFF818A218A908A812F056F9E2E01A9BC9
:106E0000DB6898051FD4009B012B1CD8DEB1012E36
:106E10000BD1019BBBB99DF83430032B13D09DF8E7
:106E20003630012B0FD00226D7E7022E40F0128118
:106E30009DF83730042B06D0019A002A00F0058116
:106E4000032B40F00481D5F818B04FF0000A18A9C0
:106E500008A812F029F902E00AF1010AF7E704464E
:106E600018B9DA4510D1012418E0DA4516D008A87F
:106E700012F0F8F86B6913F80A30C0B2834203D1FC
:106E800008A813F090FDE7E7BAF1000F40F0D980B1
:106E90001A9BDC6884F40074C4F340240136042E89
:106EA00040F0B880009B012B40F20681002C00F0DE
:106EB000B480029B002B00F0CF806E6A012418A9D9
:106EC00008A812F0F1F8CBE02B6A33B9AB6ACBB16A
:106ED00018A908A812F0E8F81AE018A908A812F0F2
:106EE000E3F804460028F1D008A812F0BBF8EB69DB
:106EF0001B78C0B28342E9D12B6A009308A813F033
:106F000052FDCBE72B6AA3B9019B83F00104C5E7CF
:106F100004460028F6D008A812F0A4F86B6A1B7883
:106F2000C0B28342EED1AB6A009308A813F03BFDD8
:106F300089E0AB6A002BE7D1012302931C46ADE741
:106F400008A812F08FF85FFA80FB0DF12B0207986A
:106F50008DF82BB00A2111F000F860B1069BC01A21
:106F6000DAF80030195C0CA811F05BF9013708A8B9
:106F700013F019FD3EE76B7C5B4509D1B8F1000FBA
:106F80001CD1EB6A002B12DDA04603970027EEE729
:106F90002B7C63B1AA7C5A4508D1B8F1000F0DD102
:106FA00077B1F9B20BA811F03CF9EFE71C460C9B46
:106FB00053F80C3C002B08BF00246FE74446F6E76B
:106FC0003C46F4E704460028BAD10124EFE718A9AB
:106FD00008A812F069F840B90024032E3FF462AF0C
:106FE00018A908A812F060F812E008A812F03AF800
:106FF000049BC0B29B691B5C1907EDD508A813F070
:10700000D2FC0124E9E700BF605F0024B81300242C
:1070100050B90136002C7FF4E0AED9F8003043F0CF
:107020000403C9F800305EE008A812F01BF8049BC6
:10703000C0B29B691B5C1A07EBD508A813F0B3FC20
:10704000CEE700242AE7029428E70326C5E6019C40
:107050000326DFE7012425E7EE692FE701342EE759
:10706000009BE0B9A342D8D10C9B53F80C3C012BF8
:1070700025D9302100220DEB010010F0D2FF02468D
:10708000E8B1431C04BF0C9B53F80C2C4FF00001DB
:1070900008BF02F1FF320CA8FCF78EF90FE0A34203
:1070A000E2D008A811F0DEFF335DC0B28342B4D154
:1070B00008A813F078FCD1E7002CAED0D4E7029BEF
:1070C0001BB10CA811F01CF813E00B9B53F80C3CFF
:1070D000E3B9B8F1000F02D0EB6ABB429DD11C9816
:1070E0000CA910F089FF08AC18A9204611F0C9FFBF
:1070F00025E00C9B1B78302BE7D00CA811F009F889
:1071000001462D220CA811F00AF8DEE7B8F1000FB5
:1071100005D09DF80C100BA811F083F801E0F9B22E
:10712000F9E7D5E902010BAA17F07BFB0028D0D1C3
:10713000D9F8003043F00403C9F80030C9E728B19A
:10714000D9F8003043F00203C9F8003094E8030096
:10715000059B83E803000CA813F0AEFC0BA813F00A
:10716000ABFC05980FB0BDE8F08F0CA813F0A4FCA1
:107170000BA813F0A1FC16F0E6FDF9E72DE9F041AC
:107180008CB008AC84E80C009DF850200F462249D2
:107190000A91DDE91538064606ADB2B10AAACDE975
:1071A0000382029312AB93E803008DE80300394693
:1071B00094E80C002846FFF7D1FB95E803000A9DF0
:1071C00084E80300F8F72EFB14E00AAACDE9038255
:1071D000029312AB93E803008DE80300394694E86C
:1071E0000C002846FFF7C2FDE7E70AA813F064FC8D
:1071F00016F0A9FD17990B900BAB4246284600F0FC
:1072000027FF94E8030086E803000AA813F054FC63
:1072100030460CB0BDE8F081605F00242DE9F04FEE
:107220008DB008ACDDF864A09DF860B0DDF86C901E
:1072300006460AF16C0084E80C000F46FCF72AFAB7
:107240000BAB04931A9B204A0B92CDE902A316AB19
:10725000804693E803008DE8030006AD94E80C0037
:1072600039462846BBF1000F14D0FFF777FB0B9B84
:1072700095E8030053F80C5C84E803006DB994E8CA
:10728000030086E803000BA813F016FC30460DB08F
:10729000BDE8F08FFFF76AFDE9E72946484610F0A0
:1072A000BBFF0B9F48463D4410F02AFFD9F8003041
:1072B0002A463946404613F008FCE0E70BA813F0D5
:1072C000FBFB16F040FD00BF605F0024244B1A68F2
:1072D000D0075CBF01221A60224B1A68D1075CBF3D
:1072E00001221A60204B1A68D2075CBF01221A6083
:1072F0001E4B1A68D0075CBF01221A601C4B1A682B
:10730000D1075CBF01221A601A4B1A68D2075CBF12
:1073100001221A60184B1A68D0075CBF01221A605C
:10732000164B1A68D1075CBF01221A60144B1A6809
:10733000D2075CBF01221A60124B1A68D0075CBFEB
:1073400001221A60104B1A68D1075CBF01221A6033
:107350000E4B1A68D2075CBF01221A60704700BF4B
:10736000D85F0024D45F0024D05F0024CC5F0024C9
:10737000C85F0024C45F0024C05F0024BC5F0024F9
:10738000B85F0024B45F0024B05F0024AC5F002429
:1073900010B5054B0360054B044640F8043FFBF76E
:1073A000F9FE204610BD00BFA84704083443040876
:1073B000D0F800C0ACF10C0CDCF800C06044E7E78A
:1073C00001490FF0CABB00BFC4470408014B03606A
:1073D000FBF7E0BE3443040810B5074B044640F801
:1073E000243B16F023F92046044B40F81C3BF8F7E9
:1073F00027FA204610BD00BFEC47040824490408C2
:1074000070B5DDE90434C0E90411094982616FF007
:107410000045B3F1004F74F10006426902DA1A44E4
:10742000426170BD2A445B18426164F10004F0E7D8
:107430000100008070B50446154608300E4689B933
:107440001368236053F80C3C5269E250AB69A360A7
:1074500005F10C0115F0E1FD291D204615F0E4FDB4
:10746000204670BD074B0849E36015F0D6FD08398A
:10747000204615F0D9FDB307F2D504F10C00FFF753
:10748000A5FFEDE714440408D043040870B5044692
:1074900015460C300E4679B91368236053F80C3C3E
:1074A000126AE2506B6AA360FFF796FF291D20461F
:1074B00015F0DAFF204670BD094B236003F1280266
:1074C0001433A360A264FFF787FF0649204615F036
:1074D000CBFFB307EED504F14800FFF777FFE9E7EC
:1074E000E4480408B448040810B5044B044640F8C6
:1074F0001C3BF8F7A5F9204610BD00BF244904083D
:1075000008B50B68B3F1804F02D30D48FBF70AFDB5
:1075100093420BD9B3EB420F4FEA420006D2B0F1CF
:10752000804F2ABF6FF0404308600B60086801304D
:1075300001D5FBF797FCBDE80840F8F723B800BF7A
:107540000C78040808B5034608465B689842114663
:1075500003D90246014813F038F808BDF56F040856
:107560002DE9F34116461D4604461C4B2A460F469C
:10757000314616F063F82346626853F8080B9842C8
:1075800018BFA368A5EB0608904408BF0F23434526
:107590001BD3F319D21A06D0AE4204D03844811955
:1075A000284416F06DF835B120689DF82020294652
:1075B000384416F071F82368C4F80480002220468D
:1075C00003F8082002B0BDE8F081009500233246A0
:1075D0003946204616F0BBF8E5E700BF6B7004089B
:1075E0002DE9F74F0C9D144680462A4689461F46D2
:1075F0002146394B16F022F84246D8F8043052F8AA
:10760000086B964218BFD8F80820A5EB040B03EBD3
:107610000B0A08BF0F22524556D34E443946A144A7
:107620004046A3EB090916F015F880B1B9F1000F37
:1076300006D0AC4204D04A463119701916F020F831
:1076400095B12A463946304616F010F80CE0B5B927
:10765000B9F1000F08D0AC4206D04A463119701972
:1076600016F00EF8AC420FD3D8F80030C8F804A0DA
:107670000022404603F80A2003B0BDE8F08FAC4278
:107680000CD2B9F1000FE8D134447B199C420BD3E2
:107690002A463946304615F0F3FFE5E72A463946D3
:1076A000304615F0EDFFD3E7BC4203D82A4607EB7E
:1076B0000B01C8E7E41B22463946304615F0E0FFCF
:1076C0002A1B71193019BFE700953B4622464946EF
:1076D000404616F03CF8C7E73A780408F7B5044688
:1076E0001546094A0F461E46FFF72CFF6268089BA5
:1076F0000093D21BAA420146334628BF2A462046A1
:10770000FFF76EFF03B0F0BD2478040870B5064B98
:1077100004460D461646002115F090FF32462946D4
:10772000204616F0E9F870BDF76904082DE9F0412C
:10773000064690460F460A4A19461D46FFF702FFC5
:107740007468641B444528BF44462CB13168224606
:107750002944384615F08AFF2046BDE8F08100BF75
:107760002C7004082DE9F041074615460D4A0E46D7
:107770009846FFF7E7FE7C68A41BAC42404628BF52
:107780002C46DAF741FB05463868A5422A464146B1
:1077900028BF2246304410F0DBFB00B9601BBDE877
:1077A000F08100BF537804082DE9F041984600F1BC
:1077B00008030D46174603600E680B4A0446394617
:1077C0002846FFF7BFFE6A683118D21B20464FF0EB
:1077D0000003424594BF8A1801EB080216F09CF999
:1077E0002046BDE8F08100BF6978040870B50D46F9
:1077F000044611462846064A1E46FFF7A3FE3346B6
:10780000024629462046FFF7CFFF204670BD00BF45
:1078100084780408004870479978040810B5034B31
:107820000360044616F086FB204610BD704904082C
:1078300000487047B578040810B5034B0360044650
:10784000FFF7ECFF204610BD904904080048704740
:10785000E878040810B5034B0360044616F06AFB91
:10786000204610BDB049040810B5034B0360044620
:107870000FF070F9204610BDD0490408194A50F89D
:10788000081C536870B5A0F1080413B16518AB4229
:1078900003D940F8043C546070BD5E681FD11B687A
:1078A0000B4440E90236F6E71A1D33465E6836B1EE
:1078B000B542F9D301BF2E686D685D608919136800
:1078C0001D685E19B4421FBF5B6840F8043C136832
:1078D00040F8081C06BF6D181D605C60DCE70432D0
:1078E000E4E700BF0C6000240830082830B50F4AD8
:1078F00038BF0820073020F0070352F8040F98B172
:1079000001688B4206D8CD1A072D446805D801605E
:10791000214607E0021D4068F1E7C1184C60C550E0
:10792000106803601160083030BD00BF0C60002497
:10793000064A93688038984205D9D2681344984221
:1079400001D2FFF79BBFDDF7C9BF00BF0C60002469
:1079500038B5084C4FF41E652846E560DDF78AFF10
:10796000A06010B9E060606038BD00236060056011
:107970004360F9E70C6000242DE9F3411E460378CB
:10798000472B04460F4613D143784E2B10D18378F2
:10799000552B0DD1C378432B0AD10379462B07D140
:1079A00043794F2B04D18379522B01D1C2793AB359
:1079B000204616F0CEF9024620B3E37954F8202C85
:1079C000012B0EBF52F8785C154604F158022B6863
:1079D00001929B6828469847B0B1019B1B680193B0
:1079E00002243B6801AAD3F81080294601233846B7
:1079F000C04758B1019B3360204602B0BDE8F0811A
:107A0000034DE4E7034DE2E70124EAE70446F3E728
:107A1000084A0408104A040808B5042016F07DF945
:107A2000024B034A0349036016F09FFBB049040868
:107A3000557802089C4904082DE9F04F85B00246AC
:107A400016F0DAF950B352E906531046D2E90C4663
:107A5000D2F828A0019316F018FA284616F05AFB1F
:107A600016F013FA00F058F8036893F82720012A5B
:107A700003F120091BD11B680293002524F00308A1
:107A80002F46574515DB002D34D0042016F045F95C
:107A90001A4B1B4A1B49036016F067FB104616F091
:107AA000F4F916F03BFB16F0F0F916F02EFB7833E4
:107AB000E2E7346804B1344402AB00222146484670
:107AC000FFF75AFF38B116F06AFB16F007FA16F006
:107AD00005FA16F038F923680390D3F810B0094975
:107AE000012303AA2046D84701374644002818BF7F
:107AF0000546C6E7019816F000FB00BF204A0408BF
:107B000037DF0308FC49040800487047247904085B
:107B10000048704733790408004870471C6000240F
:107B2000004870471C600024024A0349034804F0DF
:107B30004DBF00BF2C46002447DF03081C60002413
:107B40002DE9F04F93B00023079300F00303012BBE
:107B500006460C46154610D0022B03D0002B5DD1F3
:107B600003075DD529462046DAF700FC18B1092045
:107B700013B0BDE8F08F0820FAE7070745D50223C8
:107B800006F008061E430CAB009300230C22194696
:107B900028460C94D9F790FD062E43D1D4F83080B6
:107BA000D4E90A73B8F1000F00F03F819946002F25
:107BB000C0F23E81032600230DF12C091A46194616
:107BC000CDF8009028460B94D9F776FD002319468E
:107BD0000122CDF8009028460B97D9F76DFD0F21B3
:107BE000284616F07EFA00F0010040EA0800002363
:107BF0000B90CDF800900F2219462846D9F75CFD6E
:107C0000022E00F02F810720B2E70F6A10460D21E7
:107C100016F067FA8742B2D10623B1E7DDF7FAFD25
:107C20000123ADE72846DAF7BBFB8146002899D04F
:107C30000CAA0146284616F025FA9DF844B0029099
:107C40002946584616F0EDF90F2103900E9028466C
:107C500016F047FA029A20F0010808F1FF38109F49
:107C600097420DD80027B8460123F10700F1C580DF
:107C7000320740F1D780012B40F0CC8016F045FA56
:107C80009DF845A008AB5146002016F0EBF909AB72
:107C900002465146002016F0E5F90AAB024651466D
:107CA000002016F0DFF90BA916F04EF90C9B08998D
:107CB0000B444345024653D809990B444345CED95A
:107CC000DDE90A30002B3FF44DAF0D9A03EB0208BB
:107CD00000283BD001383844B8F1000F3FF442AFE0
:107CE00016F0080304933DD0472323704E2363709E
:107CF0005523A3704323E370462323714F236371FD
:107D00005223A3710023E3710023029309A916F003
:107D10002AF90AA9059016F026F9099F002F69D0C3
:107D200043DDBBF1FF0F3CD00BF00703042B3FF604
:107D300075AF01A252F823F0A77D02081D7C02084E
:107D4000777D0208A77D02089F7D0208B8F1000F29
:107D50003FF408AFF0073FF505AF002702262AE7FA
:107D60003A467CE7E379012B0CBF54F8203C04F140
:107D700058030793C8E702220F990BAB02FB1712B7
:107D80005846039916F007F90B9931B134B307AB94
:107D900000222046FFF7F0FD00B3032365E7082229
:107DA000EAE70022E8E70422E6E70F9B6FF0404293
:107DB000D21B03EB820AC4B10499B1B9079B0B93A0
:107DC000AAF1040A5AF8041F0029E6D00BAB0022DE
:107DD00051442046FFF7D0FD0028F3D00A98002830
:107DE00044D0059B0344184690E753F82230002BFB
:107DF000F4D1D2E701230293F0E70D212846079E34
:107E000016F06FF9C4E90A79C4E90806C4F83080AD
:107E10000620ADE6002FBFF6CDAE16F07FF916F0C6
:107E200034F82BE7012B7FF4C2AE204616F001F8A0
:107E30000CAA4946284616F025F99DF84400294623
:107E400016F0EFF80F9BFA4303EB8203002253F87E
:107E5000221029B9C4E90A200422C4E90C23A9E6A6
:107E60000132F4E7204615F091FFCCE6029B002B8F
:107E70007FF470AF76E600BF024B1868BFF35B8FEC
:107E8000704700BF00140024024B1868BFF35B8FDB
:107E9000704700BFAC13002438B5002540E91E121E
:107EA00040F8805C0446FFF7EFFF44F8700CFFF7E2
:107EB000E3FF472304F8583C4E2304F8573C55236E
:107EC00004F8563C432304F8553C04F8543C2B2357
:107ED00004F8533C04F8523C04F8515C034B44F85A
:107EE0006C0C44F8503CA4F1800038BD27E1030835
:107EF000024B1868BFF35B8F704700BF28600024F7
:107F000010B5034B03600446FFF7AEFC204610BDDE
:107F1000404A0408002170B5084601F0D9FE064623
:107F2000D9F772FF451C0849284616F071F9044636
:107F300038B131462A4616F019FE0449002001F0F6
:107F4000C7FE204670BD00BFA9790408A3570408E6
:107F50002DE9F34180460E461546FFF7DBFF044648
:107F600020B904232B6002B0BDE8F08101A940468E
:107F700002F044F9019B30604345074601D01B786D
:107F80005BB10023336004232B602146002001F005
:107F90009FFE204615F06AFEE5E74FF0FF41D9F756
:107FA000E7F840B905493846D9F7E2F80028ECD09F
:107FB0006FF40003E6E7024BE4E700BF000080FF38
:107FC000FFFF7F7F2DE9F74307460E461546FFF773
:107FD000A1FF044620B904232B6003B0BDE8F08361
:107FE00001A9384601F04CFF019B80468946BB42FF
:107FF000C6E900894FF0000201D01B7863B100236D
:10800000C6E9002304232B602146002001F060FE16
:10801000204615F02BFEE0E70A4BD8F7B5FD60B916
:10802000094B002240464946D8F7AEFD0028EBD068
:108030004FF0FF326FF48013E2E7044B4FF0FF3252
:10804000DEE700BF0000F07F0000F0FFFFFFEF7FE2
:108050002DE9F84307460C461646FFF75BFF054639
:1080600018B904233360BDE8F8831849224638461E
:1080700001F0E6FE013001280ED800220023C4E9F9
:108080000023042333602946002001F021FE284606
:10809000BDE8F84315F0EABDD4E900890C4B002295
:1080A00040464946D8F770FD60B90A4B0022404669
:1080B0004946D8F769FD0028E5D04FF0FF326FF44C
:1080C0008013DCE7044B4FF0FF32D8E7D079040887
:1080D0000000F07F0000F0FFFFFFEF7F08B50346D0
:1080E000002208461A600449D9F77CFE10B1034803
:1080F000FAF748FF08BD00BFA3570408D479040865
:1081000038B50A4B0A4D044640F8083B16F0AAFA67
:1081100005E0256020460EF036FD15F014FE2560C2
:1081200020460EF030FD204638BD00BF784A0408D6
:10813000EC46040800390A4B18BF012110B5416014
:1081400003600446F7F76EFB06E0064B236020460B
:108150000EF019FD15F0F7FDA060204610BD00BF20
:10816000784A0408EC46040870B500F26C740129E2
:10817000D8BF013CA0F1460340F26D10002C00FB7B
:1081800003F36FF4EC7026460344B8BFE61C03EB20
:10819000A603B5106FF0630094FBF0F003441920C0
:1081A00095FBF0F600FB16554FF4C87094FBF0F405
:1081B0000A4803EBD57330F8111023440B441344E1
:1081C0000720013B93FBF0F2C2EBC2029B1A03446F
:1081D000B3FBF0F0C0EBC000181A70BD604E04088D
:1081E000028840F20113934304BF8B680C332DE9DE
:1081F000F04108BF8B6090F900300678002B0546EF
:108200000C460FDA437813F002031FBF4B69642159
:1082100093FBF1F001FB103369686420133900FB14
:108220000133636122F47F7222F001025205520D84
:10823000B2F5806F36D106F01803182B27D07007DF
:1082400025D56069514F00F26C7016F068FA1A215A
:10825000E26901FB0071002331F802CB944540F341
:10826000918031075CBF03F1FF312161F60608D42C
:10827000013B0D2101FB003037F81030D21A0132DA
:10828000E2602B7823F0180343F018032B702B784F
:108290002169180701D40B2904D8E2686069FFF747
:1082A00063FFA0612B882E7823F47E7323F00303F1
:1082B0005B055B0DB3F5806F13D13207276901D4DD
:1082C0000B2F0ED8606900F26C7016F028FA0D22A0
:1082D00002FB00772D4AE36832F81720013B134474
:1082E000E36116F0600F4BD0B30749D516F00401D7
:1082F000676923D101223846FFF736FF86F0200850
:10830000C8F34018A0EB08000722C0F1070090FB5B
:10831000F2F3C3EBC303C01AAB7803F03F03013B96
:10832000C3EBC3031844A369A3EB0803134493FBF3
:10833000F2F2C2EBC2029B1A1844E06106F0180385
:10834000182B1DD007F26C7016F0E9F90F4DE26999
:108350001A2101FB0051002331F8027B974213DD03
:1083600037075CBF03F1FF312161F10608D4013BFF
:108370000D2101FB003035F81030D21A0132E260D5
:10838000BDE8F081013367E70133E5E7604E04089B
:1083900013B5074B03600446406801A90C38F8F791
:1083A00005FE204615F0C6FD204602B010BD00BFF8
:1083B000304B040813B5074B03600446406801A91D
:1083C0000C38F8F7F3FD204615F0B4FD204602B056
:1083D00010BD00BFE04A040810B5034B036004461B
:1083E000FFF7E8FF204610BDF44A040810B5034B20
:1083F00003600446FFF7DEFF204610BD084B04086B
:1084000010B5034B03600446FFF7D4FF204610BDB0
:108410001C4B040838B584680546C4BBC820F7F770
:10842000B1F8504B4460C0E90244C0E90444C0E9DB
:108430000644C0E90844C0E90A44C0E90C44C0E964
:108440000E44C0E91044C0E91244C0E91444C0E934
:108450001644C0E91844C0E91A44C0E91C44C0E904
:108460001E440360C0E92044C0E92244C0E924441A
:10847000C0E92644C0E92844C0E92A44C0E92C44A4
:10848000C0E92E44C0F8C04080F8C440A860AB6882
:10849000354A36499967C3E90222354A3549D967D1
:1084A000C3E90422344A3549C3F88010C3E90622DF
:1084B000334A1A62334A5A62334A9A62334ADA6258
:1084C000334A1A63334A5A63334A9A63334ADA6344
:1084D000334A1A64334A5A64334A9A64334ADA6430
:1084E000334A1A65334A5A65334A9A65334ADA651C
:1084F000334A1A66334A5A66334A9A66334ADA6608
:10850000334A34491A67344A5A67C3F884103349E6
:10851000C3F888103249C3F88C103249C3F8901060
:108520003149C3F894103149C3F898103049C3F861
:108530009C103049C3E928122F4AC3F8A8202F4ABB
:10854000C3F8AC202E4AC3F8B0202E4AC3F8B4209A
:108550002D4AC3F8B8202D4AC3F8BC202C4AC3F8D2
:10856000C02038BD48460408E8700408837B04082E
:10857000F7700408887B0408E65404088D7B04081F
:108580006B540408FE7A0408017B04080D7B040880
:10859000147B04081B7B0408237B04082D7B040840
:1085A000367B04083D7B0408467B04084A7B0408AC
:1085B0004E7B0408527B0408567B04085A7B04084F
:1085C0005E7B0408627B04086A7B0408737B0408F2
:1085D000797B0408947B04087F7B04089E7B040855
:1085E000A67B0408AF7B0408B87B0408BC7B0408A6
:1085F000C07B0408C47B0408C87B0408CC7B040847
:10860000D07B0408D47B0408D87B0408DC7B0408F6
:10861000E07B040888422DE9F04104460D4618D05D
:10862000A0B1A1EB000840460021F8F779FC00F169
:108630000C070646214638462A460FF0D8FC41462C
:108640003046F8F761FC3846BDE8F0810248FAF799
:1086500039FC024FF7E700BFB56D0408605F0024E6
:1086600013B5084B044601AA40F8043B16F083F901
:1086700004E0204615F05EFC15F065FB204602B0D4
:1086800010BD00BFE04A040810B50446FFF7E8FF3C
:10869000014B2360204610BDF44A040810B504467F
:1086A000FFF7DEFF014B2360204610BD084B040896
:1086B00010B50446FFF7D4FF014B2360204610BDE0
:1086C0001C4B040813B5084B044601AA40F8043BB0
:1086D00016F051F904E0204615F02CFC15F033FBA0
:1086E000204602B010BD00BF304B04080048704760
:1086F000E47B040810B5034B0360044616F027FA28
:10870000204610BD944B040810B5034B036004468B
:1087100000F00CF9204610BD804B040810B5034B47
:1087200003600446F6F772FF204610BDD04B0408E4
:1087300010B5054B044640F8103B16F014FA2046DD
:10874000FFF7E2FF204610BDBC4B040813B51346EB
:10875000012B00F10802026008BF0E234FF0000257
:1087600018BF0D234260027211460BBF00930093A5
:10877000064B074B0446FEF733FF04E0204614F097
:1087800055FF15F0E0FA204602B010BDED7B04085D
:10879000F46A0408F0B5D2E900752B6893B03A4644
:1087A0001B6904460E46684629469847194A002127
:1087B000684615F091F8014606A816F034F93246DD
:1087C000002106A815F088F801460CA816F02BF930
:1087D0000CA9204600F05EF80CE00CA814F026FF6F
:1087E00006A814F023FF684614F020FF15F0ABFA3A
:1087F000F6E7F8E70CA814F019FF06A814F016FF26
:10880000684614F013FF044B23602046C4E9027548
:1088100013B0F0BDBD690408804B040837B50546A8
:10882000182015F07AFA012300936A460F4B019342
:1088300029460446FFF7AEFF0D4B2360204616F095
:1088400038F8014604F1100000F0F4F807E0204683
:10885000FFF75AFF2046FFF76BF815F074FA054A48
:108860000549204615F081FCF4E700BFF41300240D
:10887000BC4B040831870208544B0408024A0349E0
:10888000034804F0A3B800BF2C460024B3E9030852
:10889000F4130024074B10B5044640F8043B16F0CF
:1088A000DDF804E0204615F045FB15F04CFA2046B3
:1088B00010BD00BF304B040800487047687C0408B6
:1088C00000487047F5800408742A10B51ADC572A4E
:1088D0000CDC4D2A07DC3B2A0CDC242A0EDC0F2A98
:1088E00018DC0E2A16D9C0E9002116E00B4BA2F1C4
:1088F00058040CE00A4BA2F13C0408E0A2F12D035D
:10890000012BEFE7A2F17604182CECD8054BE340DD
:10891000DB07E8D5044B0260436010BD9D00BF1F1C
:108920008F080200BF07F101FC13002410B5034BB0
:1089300003600446FFF72CFD204610BD284C0408B8
:1089400073B50446104616F072F904F1080323606B
:10895000054610B90F48FAF7B5FAD9F755FA0F28B6
:1089600005EB0006019007D9002201A92046FEF779
:10897000C7FD019B2060A36020683246294614F0A1
:10898000B9FE019B2268636000212046D15402B0E9
:1089900070BD00BFD44E040810B5064C0649074808
:1089A000224604F013F8224605490648BDE8104067
:1089B00004F00CB82C460024C9EA0308FC13002478
:1089C000CBEA0308F813002413B5074B03600446F1
:1089D000406801A90C38F8F7E9FA204615F0AAFA20
:1089E000204602B010BD00BF984C0408104B73B570
:1089F00003600B680446A3F10C0053F8043C002B01
:108A000005DBF8F763FB6060204602B070BD002212
:108A100001A90FF0A7FBF6E70E460546204615F024
:108A200089FA013601D015F08EF92846FFF704F8CF
:108A3000984C04082DE9F043804685B00C4621B3DC
:108A40000846D9F7E1F904EB00094C4507461FD069
:108A500001AA0021F8F764FA00F10C050646214648
:108A600028464A460FF0C3FA39463046F8F74CFA22
:108A700003A940460395FFF7B9FF02A9A5F10C0031
:108A8000F8F794FA05B0BDE8F0830248FAF71AFA4D
:108A9000014DEDE7B56D0408605F002401490EF05B
:108AA0005CB800BF844C040808B503468F2B00F265
:108AB0004E81DFE813F090005C0192009400960074
:108AC00098009A009C009E00A200A400A800AA00A2
:108AD000AC00AE00B000B200B400B600B800BA00FE
:108AE000C000C200C800CA00CC00CE00D000D40034
:108AF000D800DA00DC00DE00E000E200E400E6007E
:108B00004C014C014C014C014C014C014C014C01FD
:108B1000EA00EE004C014C014C014C014C014C01AF
:108B20004C014C014C014C014C014C014C01F0003A
:108B30002001F200F400F600F800FA00FC00FE004C
:108B40000001020104014C014C0108014C014C01DF
:108B50000A014C014C014C014C014C010C010E016D
:108B600010011201140116014C0118011A011C0117
:108B70004C014C0144014C014C014C014C014C0195
:108B80004C014C014C012E011E0122012401260141
:108B900028012A012C0130013401EC00C4004A01F3
:108BA000BC00D200BE00A000A600480106013801AA
:108BB0003201C6003A0136014C014C014C014C0116
:108BC0004C01D6004C014C014C01E80046013C012F
:108BD0003E0140014201674808BD6748FCE767481D
:108BE000FAE76748F8E76748F6E76748F4E7674851
:108BF000F2E76748F0E76748EEE76748ECE7674861
:108C0000EAE76748E8E76748E6E76748E4E7674870
:108C1000E2E76748E0E76748DEE76748DCE7674880
:108C2000DAE76748D8E76748D6E76748D4E7674890
:108C3000D2E76748D0E76748CEE76748CCE76748A0
:108C4000CAE76748C8E76748C6E76748C4E76748B0
:108C5000C2E76748C0E76748BEE76748BCE76748C0
:108C6000BAE76748B8E76748B6E76748B4E76748D0
:108C7000B2E76748B0E76748AEE76748ACE76748E0
:108C8000AAE76748A8E76748A6E76748A4E76748F0
:108C9000A2E76748A0E767489EE767489CE7674800
:108CA0009AE7674898E7674896E7674894E7674810
:108CB00092E7674890E767488EE767488CE7674820
:108CC0008AE7674888E7674886E7674884E7674830
:108CD00082E7674880E767487EE767487CE7674840
:108CE0007AE7674878E7674876E7674874E7674850
:108CF00072E7674870E767486EE767486CE7674860
:108D00006AE7674868E7674866E7674864E767486F
:108D100062E7674860E767485EE767485CE767487F
:108D20005AE7674858E7674856E7674854E767488F
:108D300052E7674850E767484EE767484CE767489F
:108D40004AE7674848E7674846E7674844E71AB98B
:108D500016F034FA654A0244654808B965483BE7AD
:108D60001846AFF3008000287FF436AFF6E762487C
:108D700032E700BF047E0408167E0408307E040833
:108D8000407E0408587E0408627E04087C7E040845
:108D90008E7E0408A07E0408B97E0408C97E0408FB
:108DA000D57E0408F27E0408047F0408157F0408B9
:108DB000277F0408337F0408497F0408617F040883
:108DC0006D7F04087F7F04088E7F04089E7F04085F
:108DD000AB7F0408CA7F0408D97F0408EA7F04082F
:108DE0000E8004082C8004084A8004086A80040865
:108DF00081800408908004089F800408B3800408E0
:108E0000CB800408D9800408E6800408FC800408AC
:108E10000B8104081781040846810408578104085F
:108E200072810408858104089B810408A4810408D8
:108E3000BB810408C3810408D0810408E5810408CB
:108E4000F981040817820408228204083582040884
:108E50004D8204085D8204086B8204087F82040846
:108E60008E8204089F820408B2820408BE8204082D
:108E7000E48204080983040829830408678304083A
:108E80008D830408A6830408BA830408D5830408E4
:108E9000ED830408078404080F8404083F84040851
:108EA0005E8404087D84040894840408B58404085E
:108EB000C8840408E1840408F88404080E850408C2
:108EC0002F85040847850408618504087D8504080A
:108ED00090850408A6850408BA850408CD85040891
:108EE000EF85040815860408268604080C00000097
:108EF00000000000E65404080C7E04084269002AC1
:108F000040F26C73A8BF6FF06303134492071FD144
:108F1000642193FBF1F201FB1232DAB94FF4C8720B
:108F200093FBF2F102FB1133B3FA83F35B09D0E94F
:108F30000602400000EB0210184441F2A26398427E
:108F400029D013DC01280CDCC043C00F404270471D
:108F50000023ECE70123EAE7104BC34043F3000092
:108F600070470A381728F7D90020704741F2B463D8
:108F7000984206DC41F2B1639842D4BF0020012040
:108F80007047A0F5B65002381528EDD8044BC34001
:108F900003F0010070470120704700BFCF00CC00F4
:108FA0001F002A002DE9F04F4FF000098FB007464F
:108FB0000D461E464C461378002B00F08E84252B60
:108FC0001DD15378302B22D02B2B20D002F1010859
:108FD000002398F80020313A082A1BD80A2240467C
:108FE00006A9029301F01CFBDDF81880029B0246E3
:108FF00098F8001045290FD108F101080EE0691E0C
:10900000A14240F24B813B5501320134D3E702F1DA
:109010000208DEE70022EBE74F29EDD098F80010B8
:10902000A1F12500552800F23981DFE810F0500445
:109030003701370137013701370137013701370170
:109040003701370137013701370137013701370160
:109050003701370137013701370137013701370150
:109060003701370137017400A000D1001A01370120
:109070004401940134023B023701370137015302A6
:10908000370137015D0237018A0214031C032E03E6
:109090003603B503CD00CF03240437013701370170
:1090A00037013701370156008B00B6000F010F0161
:1090B000370164018B0037014C0234023B0250023D
:1090C000550237015D028302C50093021603230394
:1090D0008303AE03C900BD03EA03B369B04A183382
:1090E00052F823A05046D8F78FFE0AF1FF3A2044E9
:1090F0006B1EA04207D198F80030002B00F0ED83E2
:1091000008F1010257E7A34240F2C8801AF8012F84
:109110003A550134EDE7B269A14B03EB8203D3F872
:109120007CA05046D8F770FE0AF1FF3A20446B1E2F
:10913000A042E0D0A34240F2B1801AF8012F3A5584
:109140000134F5E7964B326953F822A05046D8F720
:109150005BFE0AF1FF3A20446B1EA042CBD0A34233
:1091600040F29C801AF8012F3A550134F5E7336933
:109170008B4A0C3352F823A05046D8F745FE0AF12B
:10918000FF3A20446B1EA042B5D0A34240F2868035
:109190001AF8012F3A550134F5E7814BD3F8A02096
:1091A0001378002BA7D03346291B3819FFF7FAFE96
:1091B000002873DD04449EE7794BD3F8E420EFE701
:1091C000774BD3F89C20EBE7754BD3F89820E7E773
:1091D0007449D6F814E08E45ACBF4FF0000A4FF04A
:1091E000010ABEF1000FB8BF0EF26C714FF06400BF
:1091F000BBBF81EAE17CACEBE17C9EFBF0F0BCFB09
:10920000F0F1A8BF00F1130153B163291CDDDFF8B1
:1092100098C166482B2B08BF6046DFF894C102E076
:109220006248DFF890C1644B0191022A2CBFCAEB5F
:109230000201CAF102015B4A00919645A8BF0346AC
:109240006246291B381921E05848E6E75B485C4A2A
:10925000F368642918BF0246291B381900F0C4FDC1
:1092600016E072693369D6F80CE0002A07EB0400B7
:10927000A5EB040103F101034FF0640C13DB92FB37
:10928000FCFA0CFB1A22CDE900E24E4A00F0ACFDDC
:10929000002803DB0444A5423FF62DAF00242046FE
:1092A0000FB0BDE8F08F02F26C72002AB8BF5242D4
:1092B000B2FBFCFAE5E725218DF8181043B1052A29
:1092C0008DF8193001D9931F06D10DF11A000CE069
:1092D0002B238DF8193004233B4A1E210DF11A006F
:1092E00000F082FD0DF11A0318443849D8F784FDC7
:1092F000334606AA58E73046FFF700FE7169002999
:109300004FF0640310DB91FBF3F203FB12131844DC
:10931000642390FBF3F203FB12001844B0FBF3F25A
:1093200003FB1203264A97E701F26C72002AB8BFCA
:1093300052420028B2FBF3FC03FB1C2304DA244A4C
:109340009142B8BF0120E2E7E1D0164A9142B8BF8E
:109350004FF0FF30DBE7CDE90432D6F814A0114B13
:109360009A45ACBF0023012330460393FFF7C6FDA7
:10937000BAF1000FDDE9043202904FF0640E29DBF0
:109380009AFBFEF1002801F1130C0EFB11A152DC37
:1093900002980144481C34D10CF1FF3C632130E0B9
:1093A000A44C040894F8FFFF4A860408E654040815
:1093B000428604083B8604084C8604084E8604084E
:1093C0005C860408528604086186040865860408E1
:1093D00095F8FFFF0AF26C710029B8BF4942B1FB52
:1093E000FEFC0EFB0CF00490091A0298002807DA24
:1093F000DFF8C4E2F245CBDA0120013103901CE032
:1094000021D14FF0640A0AFB0C1A039921BB2B2BC4
:1094100040F0F58142F20F718A454FF0250140F28C
:10942000E3818DF81830002A40F0E5818DF819109D
:109430000DF11901DBE102980144642904BF0CF12C
:10944000010C0021DDE7DFF874B2DA45F3DA01F14F
:10945000FF3AC9B104998A442D218DF81810002AC9
:1094600040F0CB810DF1190125200870002B40F050
:10947000BE81481C92490292D8F7BEFC029ACDF8F0
:1094800000A0134606AA60E00CF1FF3A0EFB0AFAB0
:109490000AF1630AE0E78B488B4AB3686B2918BF6F
:1094A0000246D9E6B36863B10C2B04D00C2293FBBF
:1094B000F2F002FB10338448824A492918BF024661
:1094C000CAE60C23F7E7F369804A0133C4E633693F
:1094D000013327E7736825E76B1E9C42BFF4DEAEBD
:1094E0000A233B55013406E6B3680B2B784BD4BFF7
:1094F0000022012203EB8203D3F8A4A05046D8F740
:1095000083FC0AF1FF3A20446A1EA0423FF4F3AD07
:10951000A2427FF6C3AE98F800101AF8013F502916
:1095200005D1A3F14101192998BF2033DBB23B5586
:109530000134EAE70322336993FBF2F3654A01330E
:109540008AE673680093B368634A291B381900F0F0
:109550004BFC9DE6336A002B7ADB604803F06DFA22
:10956000B9F1000F01D100F0CDF901F0A1FF336A8C
:10957000002BD4BF00220122282302FB03334FF02B
:109580000109C3585548C3F1000A03F05CFA726937
:10959000B2F145034FEAE27C6CF1000CBCF1000F24
:1095A000A5EB040107EB040002DA03334CF1000CD5
:1095B0009B0843EA8C7302F1FF3E4FF0640B4FEAC5
:1095C000AC0C9EFBFBFEB3EB0E036CEBEE7C4FF49E
:1095D000C87B02F22B1E9EFBFBFE13EB0E034CEB33
:1095E000EE7C463A40F26D1E0EFB02F29B184CEBED
:1095F000E27CF269D6F804B09B184FF0180E4CEBE1
:10960000E27CA3FB0E230EFB0C33D6F808C012EB52
:109610000C0243EBEC734FF03C0CA2FB0C2E0CFB4A
:1096200003EE12EB0B034EEBEB72A3FB0CE30CFB14
:10963000023332681EEB020E43EBE273BEEB0A020A
:1096400063EBEA73CDE90023254A00F0CDFB1FE66A
:109650004FF0000A9BE7336864E66B1E9C42BFF440
:109660001DAE09233DE73368019373680093B36827
:109670001C4AE6E56B1E9C42BFF410AEB3690BB901
:1096800037232EE73033DBB22BE7F369B2690733B8
:109690009B1A072293FBF2F344E63046FFF72EFCB9
:1096A000B26932B1013A0028F36941DC1CD10A33B6
:1096B000EEE70622F7E700BF95F8FFFF94F8FFFFFB
:1096C0006D8604085C8604084E86040871860408CA
:1096D000A44C040876860408858604081C1500241A
:1096E0007B86040880860408D21A7369002B40F236
:1096F0006B71A8BF6FF064010B44990714D164200B
:1097000093FBF0F100FB113181B94FF4C87193FB69
:10971000F1F001FB1033B3FA83F35B09D21A042A88
:10972000CCBF34233523FDE50023F7E70123F5E71C
:109730000123F7E56C4906A8CDE90232D8F75CFBB6
:1097400006A8D8F761FB06AB03EB000A029B0AF1FF
:10975000010AD3464BB106AA1354039A052A01D92C
:10976000931F06D161495846C0E506AA2B2313541E
:1097700004230EA95E4AA1EB0A01504600F034FB17
:109780000028C8BF0AEB000BECE76B1E9C42BFF43D
:1097900085ADB3693033A4E6B2691AB1013AF36911
:1097A000073375E70622FAE77269002A4FF064036F
:1097B00004DB92FBF3F103FB1123B3E502F26C72BD
:1097C000002AB8BF5242B2FBF3F1F4E7716949488D
:1097D000814206DA4FF02D0C8DF818C0A0EB010A7B
:1097E0003DE601F26C7A12E68DF8181006A93023D6
:1097F000881C4B703EE6013A18E6013A32E606A9AB
:1098000032E6336A002BFFF676AC3B4803F015F9DD
:10981000B9F1000F01D100F075F801F049FE336A8B
:10982000002BD4BF00220122282302FB0333C3589C
:109830003148C3F1000903F006F93C2199FBF1F22C
:10984000002AB8BF5242B2FBF1F301FB132200928F
:109850004FF46163294A99FBF3F3291B381900F08F
:10986000C3FA0028FFF61AAD0444A5427FF616ADF0
:109870004FF001093FE4336A002BFFF63CAC1E4871
:1098800003F0DBF8B9F1000F01D100F03BF8336AC7
:109890001B4A002BD4BF0023012352F823904846D3
:1098A000D8F7B2FA09F1FF3920446B1EA04203D168
:1098B000114803F0C8F8DBE7A34204D919F8012FD7
:1098C0003A550134F2E70C4803F0BDF8E6E46B1EAC
:1098D0009C42BFF4E3AC252303E6002D3FF4DFAC4C
:1098E00000233B55DBE400BF8F860408068704088D
:1098F0006186040894F8FFFF1C150024978604086D
:10990000041400242DE9F04F8DB001F0D1FD044680
:10991000B448DFF8D4A2B54F03F09EF80546D8B995
:10992000B34BCAF800001860B24BC7E900334A21B4
:1099300000220023C4E90355C4E90555C4E90823FE
:10994000C4E90D55C4E90F55C4E912232172A5627B
:1099500084F8301025658AE0A54A00231360A64AE2
:10996000CAF8003000200021C7E90022C4E903330F
:10997000C4E90533C4E90801C4E90D33C4E90F3370
:10998000C4E912014A222272A36284F830202365BE
:109990002B783A2B08BF01352B783C2B5BD16E1C02
:1099A000964A97490AAB304600F04AFA00285EDD35
:1099B0000A9BDA1E072A5AD8F35C3E2B57D1023590
:1099C0000A9B05EB0308EB5C2D2B53D108F1010832
:1099D0004FF0FF390023ADF81E30ADF8203008AD50
:1099E0000AABCDE9013503930DF11E0300938549C0
:1099F0000AAB07AA404600F023FA002837DDBDF87D
:109A00001E30BDF820603C2202FB0366BDF81C300E
:109A10004FF4616202FB03660A9B09FB06F608EB42
:109A2000030918F803303C2B40F0F68009F10108D7
:109A3000754A73490AAB404600F002FA002820DC60
:109A400099F801303E2B1CD16C4BA662C7E900335C
:109A5000CAF800600BE0694A6C490AAB284600F07E
:109A6000EFF9002803DD0A9B033B072BA8D90DB0B3
:109A7000BDE8F08F2B2B08BF08F101084FF001095A
:109A8000A8E70A9BDA1E072AF1D818F803303E2B04
:109A9000EDD109F102090A9B09EB030819F803301B
:109AA0002D2B40F0C88008F101084FF0FF3900234A
:109AB000ADF81C30ADF81E30ADF820300A930AAB7B
:109AC000CDE9025301930DF11E0300934D490AABFA
:109AD00007AA404600F0B4F9002800F3B380A6F5C9
:109AE000616304930A9B4FF0000B08EB0305A0464B
:109AF0002B782C2B08BF013595F80090B9F14D0F4C
:109B000040F0B3800AAB0DF12602CDE9013209AA7B
:109B100000923F4903930DF12202284600F090F98C
:109B20000328A4D1BDF822104B1E0B2B9FD8BDF8E3
:109B30002420531E042B9AD8BDF82630062B96D825
:109B4000C8E9031288F80890C8F814300A9B05EB9E
:109B5000030900254FF00203ADF81C30ADF81E508C
:109B6000ADF820500A9599F800302F2B0FD10AAB91
:109B700008AACDE901320DF11E0200922549039396
:109B800007AA484600F05CF9A8427FF7D0AEBDF8BE
:109B90001E20BDF820303C2101FB0233BDF81C2003
:109BA0004FF4616101FB0233C8F818300A9D08F1D7
:109BB00028084D44BBF1000F54D0049B23650F4B84
:109BC0003B606068104BA6627B6001F075FCA26A86
:109BD000236DCAF800209B1A054A18BF01231360A1
:109BE00045E700BFA3860408306000240414002465
:109BF000346000246C7A0408E654040806610024EA
:109C0000A6860408DB860408FA600024B9860408E6
:109C1000C7860408DA8604082B4A2C490AAB484652
:109C200000F00EF900287FF70FAF0A9B033B072BCC
:109C30007FF631AF1BE72B2B08BF08F101084FF06F
:109C4000010934E7BDF81E20BDF820303C2101FB9E
:109C50000233BDF81C204FF4616101FB023309FBA4
:109C600003F33EE74FF0010B42E7B9F14A0F06BF9D
:109C700001354B4644230A220BA92846059300F0E0
:109C8000CFFCDDF82C90059BADF82600A94514D13A
:109C90004D23BBF1000F07D1237203210223C4E936
:109CA0000313C4F814B054E784F830300B220123B6
:109CB000C4E90D230023E3634BE780B288F8083042
:109CC000C8F8140045E700BFFA600024B98604080C
:109CD00010B50C4679B109492046D8F783F850B140
:109CE00007492046D8F77EF828B123780448002B8E
:109CF00018BF002010BD0248FCE700BFED86040835
:109D0000A357040810B583789B06044612D543690F
:109D100083B19847002812DBA37823F00803A370CF
:109D20004FF00003D4E85F2FC4E8513F0029F9D178
:109D3000002010BD15F042FA024B1D221A504FF0C0
:109D4000FF30F6E70C00000010B583789B06044650
:109D50000DD543695BB1012200219847BFF35B8FAA
:109D60002388BFF35B8F9BB203B1013810BD15F0A0
:109D700025FA034B1D221A504FF0FF30F6E700BFC3
:109D80000C0000000FB407B5064B04AA186852F87F
:109D9000041B019200F0AAFC03B05DF804EB04B0D0
:109DA000704700BF24210408F8B50E4B1D68AB783E
:109DB0009B07064612D56F6816F8014B29462CB949
:109DC0000A20B847002805DB204609E02046B847AE
:109DD0000028F1DAAB7843F00403AB704FF0FF30AA
:109DE000F8BD00BF242104080CB430B589B0054685
:109DF0000C461C22002101A814F0E0FE02238DF87D
:109E000006300E4B0293059523462CB1B4F1004F5A
:109E100028BF4FF00043013B1D440DAA0C99069545
:109E200001A8009200F062FC14B1059B00221A7098
:109E300009B0BDE8304002B0704700BF9FF1030891
:109E40000EB470B589B00DAC054654F8046B1C22F5
:109E5000002101A814F0B2FE01238DF8063022463D
:109E6000064B0393314601A80595009400F09AFE35
:109E700009B0BDE8704003B0704700BF8BF1030824
:109E80002DE9F84F00228046894618F80230202B31
:109E900002F1010100F0A181A3F10900042840F2C0
:109EA0009C812B2B0D4633D02D2B36D01846042405
:109EB00040F02003692B32D06E2B62D000224FF08D
:109EC0000A0A964694461346114614F400666DD06D
:109ED00040F02007A7F1610BBBF1050F66D8573F93
:109EE000FFB2BA4540F3F48044F08006E005B6B214
:109EF0006AD5F40506F400707BD5002F18BF4CF02E
:109F0000010C00B9013218F8050034460135DCE7D0
:109F1000042418F80100951CCAE74424F9E7B04B63
:109F2000B04F002613F8011B51B118F8052042F07C
:109F300020028A4205F1010027D0AB4A934231D179
:109F400032463B4630463946D6F71EFE50B918F821
:109F50000530282B06D1013518F80530292B05F1DD
:109F6000010514D1630602D507F100431F46B9F17C
:109F7000000F02D04544C9F8005030463946BDE8CC
:109F8000F88F9A4B9A4F0026CCE70546CAE723F094
:109F90002002413A192ADFD9A3F13002092ADBD97C
:109FA0005F2BD9D0002600270025E0E7A0F130077D
:109FB000FFB257452DDA44F0800614F48070B6B233
:109FC00097D1BAF10A0F06D0BEF10F0F91DD44F41C
:109FD000C076B6B28DE7BEF1100F8ADD44F4C076CC
:109FE000042FB6B285D9052F08BF07464FF0020CE3
:109FF0007FE700B1013AAAFB0334FB180AFB0144D6
:10A0000044F1000153EA01003FF47DAF0EF1010E6F
:10A0100079E7FE2F5CD1A70556D52006C2D5002EC4
:10A0200040F0988053EA010005F1FF3500F0D2803E
:10A03000200540F1B3803632B1F5800FC0F0938037
:10A040006C4FB1F5000F80F09280BA42C0F28F8061
:10A050004CEA030303F00306032E084604D003F082
:10A060000606062E40F08C80043341F10000B0F566
:10A07000000FC0F085800132B2F5806F80F2A780BA
:10A0800000234FF4801102F2FF3221F4801141EAE3
:10A090000257184639461E4601F0CCF9013802280D
:10A0A00004D815F08BF8544B22221A50304639460A
:10A0B00001F0C0F9013802283FF654AF15F07EF8E0
:10A0C0004D4B22221A504DE744F40076B6B21AE7FF
:10A0D00040F02000782804F0800709D147B153EA06
:10A0E000010A05D144F40066B6B24FF0100A0AE73F
:10A0F000002F3FF457AF7EB392007026864291D175
:10A1000018F805002B2805F1010604D02D2825D1CB
:10A1100044F48064A4B218F80600A0F13006092EB9
:10A1200080D8AE1C354640F2D34A00264FF00A0BC9
:10A130005645DCBF30380BFB060618F80500A0F1C9
:10A140003007092F05F10105F2D9670548BF7642AE
:10A15000324467E72E20CFE76526CFE7A0F130072E
:10A16000092FDFD95EE7DB184941013A64E75E0851
:10A1700046EAC17603F0010333434908013260E740
:10A18000B2F5806F23DA9B08B0F5800F43EA807345
:10A190004FEA9001BFF477AF002278E70EEB0200A0
:10A1A00010F5A27F10DDB0F59B7F10DA03F00100FF
:10A1B00040EA0C0001308008181841F1000100F05D
:10A1C000CBFE06460F4671E7002600276EE7054FD7
:10A1D00000266BE700260027C4E60A4655E600BFC6
:10A1E000268704080000F07F2987040823870408D5
:10A1F0000000F87F02FCFFFF0C0000002DE9F04793
:10A20000002280460F4618F80230202B02F101018F
:10A2100000F08481A3F10900042840F27F812B2BF8
:10A220000E4636D02D2B39D09946002549F0200313
:10A23000692B35D06E2B5ED000214FF00A0C0846FA
:10A240000C460A4615F4006A68D049F0200EAEF1BB
:10A250006103052B62D8AEF1570E5FFA8EFEF4450E
:10A2600040F3DC8045F0800315F4807F9BB264D01E
:10A2700013F4807F03F4007573D0BEF1000F18BF94
:10A2800044F0010405B9013118F806901D46013665
:10A29000D8E7002518F80190961CC7E74025F9E794
:10A2A0009F4B4FF0FF4413F8011B51B118F80620E3
:10A2B00042F020028A4206F101001FD0994A9342DF
:10A2C00029D121462046D6F753FF50B918F8063059
:10A2D000282B06D1013618F80630292B06F1010685
:10A2E0000ED16B0601D504F100440FB146443E6027
:10A2F0002046BDE8F0878C4B8C4CD4E70646D2E76D
:10A3000023F02002413A192AE5D9A3F13002092AA3
:10A31000E1D95F2BDFD000240026E6E7A9F1300E5B
:10A320005FFA8EFEE64524DA45F0800315F4807965
:10A330009BB29DD1BCF10A0F05D0072898DD45F4EA
:10A34000C0739BB294E7082892DD45F4C073BEF158
:10A35000040F9BB28CD9BEF1050F08BFCE46022474
:10A3600086E705B1013902FB0CE2002A8CD00130EE
:10A370008AE7BEF1FE0F51D1AB054BD52B06CAD5EE
:10A38000BAF1000F40F09580013E002A00F0C48031
:10A390002B0540F1AC801931B2F1007FC0F0948000
:10A3A000B2F1806F80F0938011F17E0FC0F28F8048
:10A3B00042EA040303F00302032A04D003F0060276
:10A3C000062A40F08A800433B3F1806FC0F08580A4
:10A3D00001317F2900F39D80DC087F3124F40004E3
:10A3E00044EAC154204601F049F80138022804D853
:10A3F00014F0E4FE4E4B22221A50204601F03EF8A3
:10A40000013802283FF66DAF14F0D8FE484B2222E7
:10A410001A5066E745F400739BB235E749F0200314
:10A4200005F0800C782BE64609D1BCF1000F06D070
:10A430002AB945F400639BB24FF0100C24E7BCF13D
:10A44000000F3FF468AFBAF1000F34D089004FF02D
:10A45000700C9C4598D118F806302B2B06F1010C96
:10A4600004D02D2B2AD145F48065ADB218F80C30FC
:10A47000A3F1300CBCF1090F86D806F1020C664638
:10A480004FF00A094FF0000CBCF1DF0FDCBF303B8E
:10A4900009FB0C3C18F80630A3F1300EBEF1090F91
:10A4A00006F10106F0D96B0548BFCCF1000C614400
:10A4B0006AE72E23CAE74FF0650CCAE7A3F1300E16
:10A4C000BEF1090FDBD95FE75200013964E702F002
:10A4D000010343EA5202013162E77F2919DCB3F13B
:10A4E000007F4FEA9304BFF478AF002178E7084477
:10A4F00010F12D0F0BDB27280BDC02F001002043AD
:10A50000013002EB900014F03FFD044675E7002493
:10A5100073E74FF0FF4470E70024E2E60A4672E674
:10A5200031870408348704082E8704080000C07FA0
:10A530000C000000242A2DE9F041044601D8012A2C
:10A540004CD114F03BFE354B16221A5001B10C6071
:10A5500000273846BDE8F08135462E4616F8010B37
:10A560002028F9D0A0F10907042F0346F4D92B289D
:10A5700036D02D2837D14FF0010C6B78AE1C302B24
:10A5800038D1307840F0200078282FD132F01000F8
:10A590002CD173783446102202360CF10040013879
:10A5A0000027B0FBF2FE02FB1E08392B82BF03F12D
:10A5B000FF3343F02003263B303B9A421ED97745B8
:10A5C00002DC03D1984501D24CF0020C354607FB62
:10A5D000023715F8013B34462E46E6E70546BCE750
:10A5E0004FF0000CC9E74FF0000CC8E7002A08BF85
:10A5F0000822D2E7002A08BF0A22CEE701B10C6088
:10A600001CF0010F18BF7F421CF0020FA1D00746BB
:10A6100014F0D4FD014B22221A509AE70C000000DE
:10A62000242AF0B5044601D8012A40D114F0C6FD11
:10A630002D4B16221A5001B10C600020F0BD2F46A0
:10A640003D4615F8010B2028F9D0A0F10906042E8B
:10A650000346F4D92B282CD02D282CD101267B7829
:10A66000BD1C302B2DD1287840F02000782824D133
:10A6700032F0100021D16B782C46102202350020D8
:10A68000392B82BF03F1FF3343F02003263B303BDD
:10A690009A421AD9A0FB02040CB9C01801D346F0A3
:10A6A00002062F462C4617F8013B3D46E8E70746D1
:10A6B000C6E70026D3E70026D3E7002A08BF082212
:10A6C000DDE7002A08BF0A22D9E701B10C60F207D2
:10A6D00048BF4042B307B1D514F070FD024B2222AF
:10A6E0001A504FF0FF30A9E70C0000002DE9F04FA1
:10A6F0008DB043680293837815469A07804640F1EF
:10A700000D8100240E78002E00F00A81252E0BD03A
:10A710004B1C03930134029B414630469847002866
:10A72000C0F2F6800399EDE74E788B1C252E03933B
:10A73000F0D00027B946BB46BBF11F0F38D8A6F1B1
:10A740002003102B0AD8DFE803F02A090930090991
:10A75000092109090928092D09091F00A6F130035B
:10A76000092B33D92A2E37D11BF0400F55F8043B63
:10A7700040F08280002BA7BF4BF0200B9946C3F11D
:10A7800000094BF0280B01E04BF0010B039B13F881
:10A79000016B0393002ECFD130E04BF0020B4BF056
:10A7A000040BF3E74BF0080BF0E74BF0100BEDE771
:10A7B000BBF17F0F19D8A6F13003092BD2D81BF0BB
:10A7C000400F03D00A2101FB0737DFE70A2101FB15
:10A7D00009394BF0200BD9E72E2E06D11BF0400F84
:10A7E00040F09E804BF0400BD0E76C2E31D02BD840
:10A7F000682E36D06A2E3CD04C2E3AD0002F46F030
:10A800002003B8BF2BF04002A3F16501BCBF1FFAC3
:10A8100082FB0027022901D9612B2FD1073525F0B2
:10A820000705DFF8ACA2083507271BF0080F66D034
:10A830000AEB070B56465E4563D1A4EB0A0A06EB0A
:10A840000A02A9EB07096FE1742E9FD07A2E9DD0E2
:10A85000D4E71BF0800F18BF4BF4007B4BF0800B4C
:10A8600094E71BF4807F18BF4BF4007B4BF4807B94
:10A870008CE74BF4207B89E71F4687E7A6F163014D
:10A88000122900F2F080DFE811F013004F00EE0013
:10A89000EE00EE00EE004F00EE00EE00EE00EE00E7
:10A8A000EE00FE00E900EE00EE001B00EE00AF003F
:10A8B00055F8043B8DF8183001270DF1180AB4E75C
:10A8C00055F804AB834BBAF1000F08BF9A461BF052
:10A8D000400F14BF39464FF0FF31504614F0BDF918
:10A8E0000746A2E7029B41462020984700280FDB3D
:10A8F000013EB742F6D34C44A41BB14698E74E46FE
:10A90000F7E716F8010B029B41469847002892DAB8
:10A9100098F8023043F0040388F802304FF0FF3417
:10A9200020460DB0BDE8F08F1BF0800F34D01BF433
:10A93000007F2CD0073525F00705AA4669685AF82C
:10A94000080B2BF010050029ADB237DA404261EB5D
:10A95000410145F480650DF1180B0A235A4614F0A5
:10A960004EFAA0EB0B0301936B0662D5019B25F019
:10A9700001019F4289B240F3A180002E00F099802E
:10A9800015F0100240F09C80BB460D4623E0AA461D
:10A990005AF8040BC117D4E7AA461BF4807F5AF873
:10A9A000041B01D10846F5E71BF4007F15BF48B230
:10A9B00008B241F3C01141F3C031C2E750EA0103CC
:10A9C000C9D11BF0400FC6D0002FC4D12BF011020B
:10A9D00095B2BB46019740F2064115EA01021CBF41
:10A9E0000BF1010B00222CE02BF010021FFA82FB6E
:10A9F0000A231BF0800C49D01BF400711DBF0735E2
:10AA000025F00705AA46AA461ABF5AF8080B696836
:10AA10005AF8040B50EA010545D12BF016051BF03E
:10AA2000400FADB242D0002F40D12BF0170295B2AB
:10AA3000019715F0100248D0019B002E42D103F17E
:10AA4000010B29075AD4EB0706D5D9456FDD0199CB
:10AA5000A9EB0B035F18CB465B4649E04BF0100BAC
:10AA600010237826C5E7782B04D1C6F1780343F08C
:10AA70001003BEE7029B4146252098470028FFF6B9
:10AA800047AF023447E608230026B2E7AA461BF484
:10AA900080715AF8040BBDD01BF400711ABFC0B20C
:10AAA000614680B2B6E72BF0060295B20DF1180BA5
:10AAB00054E725F01105ADB2BB468CE70D46B8E76B
:10AAC0003B460D4603F1020BBBE7DDF804B082E71D
:10AAD00039870408944E0408CDE904324146029BAC
:10AAE000202098470028FFF613AF049B059A0133F6
:10AAF0009945F1DCA4EB0B01CC189B460AB3029BF1
:10AB00004146302098470028FFF602AF8EB9013445
:10AB10002744019B391B994224DC1D465DBB019AE9
:10AB2000A9EB0B09224455461446914435E0019F98
:10AB300092E7023441463046029B98470028E7DA04
:10AB4000E6E640F206410D42E2D015F0020F14BFD6
:10AB50002B20202015F4806F04F10104414618BF1A
:10AB60002D20E9E7029B414630209847002804F158
:10AB70000104CEDACCE606AB013D4146585D029BAE
:10AB800098470028CADAC3E6029B4146202098472E
:10AB9000002804F10104FFF6BBAEA9EB0403002B6F
:10ABA000F2DCBFE52DE9F04F89B08046002002922B
:10ABB000079082460D4615F8014BACB1202C17D0FA
:10ABC000A4F10903042B13D9252C17D007A940465B
:10ABD00014F06CF9031EC0F2CE80DBB2A3420BD09E
:10ABE00007AA414614F06CF9504609B0BDE8F08F51
:10ABF00007A9404614F06CF92946DBE74C78252C70
:10AC000001F10205E2D02A2C20D18C78CD1C01263E
:10AC1000002706E00A2215F8014B46F0020602FB67
:10AC20000737A4F13003DBB2092BF3D916F0020F7A
:10AC300008BF4FF0FF376C2C33D009D8682C24D0D4
:10AC40006A2C3CD04C2C35D034B9CDE70026DFE758
:10AC5000742C31D07A2C2FD09F48214613F0D8FF86
:10AC60000028C1D016F00103039303BF029B53F8E1
:10AC7000049B02934FF000096E2C23D1079A009693
:10AC80000023484614F039F9B6E72C78682C03D035
:10AC900046F020060135D7E746F030066C780235DD
:10ACA000D2E72C786C2C02D046F00406F2E746F08E
:10ACB0000C06F3E746F00C0615F8014BC4E746F026
:10ACC0000806F9E7632C18D116F0020F08BF012718
:10ACD00007A9404614F0EAF800284CDBB9F1000F50
:10ACE00001D009F8010B013FF2D1039B002B83D166
:10ACF0000AF1010A5FFA8AFA7EE75B2C54D12B78BD
:10AD00005E2B06BF01354FF0010B4FF0000B002406
:10AD100007A9404614F0CAF800222E469446114670
:10AD200005F1010E16F8013BFBB1764508D05D2B0D
:10AD300012D02D2B04D132B90B4601221946F1E76E
:10AD4000002A08BF194688424FF00002F6DB9842FD
:10AD5000D8BF4FF0010CF1E7002805DBE34511D126
:10AD600007AA414614F0ACF8ACB998F8023013F0D9
:10AD70000C0F3FF439AFBAF1000F14BF50464FF03B
:10AD8000FF3032E7B9F1000F01D009F8010B013FA4
:10AD90004FF00104BCD1B9F1000F01D13546A4E751
:10ADA000002389F80030F9E707A9404614F090F82D
:10ADB0000028E0DB6F2C58D031D8642C57D0693C88
:10ADC00018BF0124240107A9404614F06FF82B286E
:10ADD00003D02D2809D146F04006013FC5D007A970
:10ADE000404614F063F80028BFDB30286ED17B1E8C
:10ADF000049306D007A9404614F058F80028049B95
:10AE000037DA0027BB46730602D57F426BEB4B0B4C
:10AE100000963A465B46484614F06FF865E7732C97
:10AE20000BD0752C0CBF0A241024CCE7B9F1000F0D
:10AE300001D009F8010B013F0FD007A9404614F0DB
:10AE400035F8002809DB202803D0A0F10903042BE2
:10AE5000ECD807AA414614F033F8B9F1000F3FF4DB
:10AE600044AF002389F800303FE70824ABE70A2409
:10AE7000A9E740F02002782A46F080060ED134F08F
:10AE800010020ED1BB1E0493BBD007A9404614F09C
:10AE90000DF80028049BB4DB102402E0002C08BF4E
:10AEA00008240027BB463928024682BF00F1FF3242
:10AEB00042F02002263A303A94420FD807AA41467F
:10AEC00013F0FEFF32067FF550AF9CE73B46002CA7
:10AED000E7D10A24E5E700BF41870408A4FB077116
:10AEE000D71904FB0B1141F1000B013BCDE90433F1
:10AEF00046F0800687D007A9404613F0D7FF002808
:10AF0000049BD0DA7FE700BFF0B589B005460C4658
:10AF1000164600211C2201A81F4613F04FFE0223F3
:10AF20008DF806300B4B0293059520462CB1B4F1F9
:10AF3000004F28BF4FF00040013805443A463146E3
:10AF400001A80695FFF7D2FB14B1059B00221A70E9
:10AF500009B0F0BD9FF103082DE9FF478046164672
:10AF60000F46002900F09E80B1FA81F4341B002EB8
:10AF700004F10A04C0F29E80304600F0CBF804448D
:10AF8000304600F0CDF8A4EB060905466946304688
:10AF900000F0E6F8A9EB05037D336A4640463946E2
:10AFA00013F0C1FFA64282460D467FDCB9F13F0F88
:10AFB0007EDC4FF0FF33A9F1200003FA00F003FA22
:10AFC00009F2C9F12001024323FA01F10A4303FA0D
:10AFD00009F328EA030327EA020213430CBF012006
:10AFE0000020002D00F08880B5FA85F3E31A03F203
:10AFF0003E4340F2FE72934200F38780002B23EA27
:10B00000E376CCBF32460122121BA2F23341C1F1DA
:10B01000200CA2F23447A2F253442AFA01F305FAB3
:10B020000CFC43EA0C0325FA04F4C7F1200EA2F24B
:10B03000544C234305FA0EFE2AFA07F425FA0CFCB9
:10B0400044EA0E0444EA0C0414F0010F25FA01F15D
:10B05000C7F1200CA2F2544252D0A8B14FF0FF30F9
:10B0600000FA02F200FA07F4144320FA0CF2B84096
:10B0700014432AEA000A03F0010225EA04054AEA19
:10B08000020A5AEA050A3BD0013341F10002C2F339
:10B09000130253EA020136D0184642EA065104B0C0
:10B0A000BDE8F087B0FA80F420345FE7012098E72C
:10B0B000002096E7C6F10009484600F031F8241A4E
:10B0C000484600F02DF8A61B0546694648462E4422
:10B0D00000F0BAF806F17C036A464046394613F0A0
:10B0E00022FF82460D464046394600F021F8814550
:10B0F0008CBF0020012074E7BAFA8AF3203375E789
:10B10000C1F31302C8E70136C6E701490020C6E7CC
:10B110000000F07F014B5843C00C70474F93120062
:10B12000024B5843C00C0130704700BF4F931200D0
:10B130000A4A70B503464FF0CC3600204FF0333545
:10B1400006FB03F402FB0144A3FB023121449D42B0
:10B1500075EB010401D30130F2E770BDCDCCCCCC4E
:10B160002DE9F04F1A23354EB0FBF3FA03FB1A0317
:10B1700089B004460D4606EB0A1653B9D6E90023FA
:10B18000C1E90023D6E90201C5E9020109B0BDE821
:10B19000F08F2B4A02EBC303D3E9008904AB009381
:10B1A000D6E902234046494613F0B5FF06AB0093AB
:10B1B000D6E9002383460F464046494613F0ABFFCD
:10B1C000DDE9066216EB0B0652EB07084FF00003B1
:10B1D00028BF0123814633B1049B059A013342F114
:10B1E0000002CDE904322046039100F021FA07461F
:10B1F0001A2000FB0AF000F01BFA3F1A32464346C1
:10B2000003990097484613F0A1FF4FEA141C0D4A1A
:10B21000640004F01E0352F82C40DC4004F00304E8
:10B22000241841F10001C5E90041DDE9042300973C
:10B230003046414613F08AFFA6E700BF901D040880
:10B24000C01C0408A04D04082DE9F04F1A27DFF8B0
:10B25000E4A000F11905B5FBF7F56F433A1A4FEA80
:10B26000051B89B004460E460AEB05150AD1D5E93F
:10B270000023C1E90023D5E90201C6E9020109B0B2
:10B28000BDE8F08F2C4B03EBC203D3E9008904AB7C
:10B290000093D5E902234046494613F03CFF5AF893
:10B2A0000B206B68013ACDE9020106A963F10003A6
:10B2B00000914046494613F02EFFDDE906528A46CA
:10B2C00002996D18039952EB01084FF0000328BF53
:10B2D0000123814633B1049B059A013342F10002F8
:10B2E000CDE90432384600F0A3F90746204600F0C5
:10B2F0009FF93F1A2A46434600974846514613F0A5
:10B3000025FF4FEA141C0D4A640004F01E0352F896
:10B310002C40DC4004F003040134241841F1000106
:10B32000C6E90041DDE9042300972846414613F0B1
:10B330000DFFA2E7601E0408C01C0408F44D0408B9
:10B34000C1F30A52F8B5A2F2FF36132E04460D4699
:10B350000B4607461EDC002E0DDA00293EDA21F0EE
:10B36000004303434FF000021E4B08BF4FF0004361
:10B370001D46144618E01C4A32411140014313D0C7
:10B38000002DBEBF4FF4801131415B1823EA020348
:10B390000022EDE7332E0ADDB6F5806F04D10246B8
:10B3A000D4F7D4FF04460D4620462946F8BDA2F244
:10B3B00013414FF0FF32CA400242F5D0002D0ADAA5
:10B3C000142E01D1013306E0C6F134060121B1404B
:10B3D00009180F46F6D227EA0202C9E700221346EF
:10B3E000C6E700BF0000F0BFFFFF0F00C0F3C75368
:10B3F0007F3B162B10B5014614DC002B07DA013316
:10B4000000F0004101D141F07E51084610BD084ACC
:10B410001A410242F9D04FF480011941014421EA56
:10B420000201F2E7802BF0D1D5F706FC0146ECE7EC
:10B43000FFFF7F000B4631F0004107D190B10D4A6C
:10B440001A40002A14BF042003207047094A1342FF
:10B450000AD0094B994209D9914209D1B0FA80F03A
:10B46000400970470220704703207047042070474E
:10B47000002070470000F07FFFFFEF7F30F00040BA
:10B480000DD0A0F50003B3F1FE4F0AD3074B421EC7
:10B490009A4208D9A0F1FF43584258417047022010
:10B4A0007047042070470320704700BFFEFF7F00F5
:10B4B00000487047E83C00242DE9F0470446FFF7B8
:10B4C000F7FF40F2B1739C4240F3AC806FF4F66238
:10B4D000A118A4F2B27340F26D12891002FB03119D
:10B4E0006FF4C8656FF06302A4F26D734E4E93FB68
:10B4F000F2F319444FF4C87263194460B3FBF2F3DA
:10B5000000F1500719440246137A55694A2B3CD181
:10B5100014F0030F01EB050334D14FF0640E94FBDC
:10B52000FEFC0EFB1C4CBCF1000F08D14FF4C87898
:10B5300094FBF8FE08FB1E4EBEF1000F05D13B2D1B
:10B54000D4BF4FF0000C4FF0010C6344013B9569F0
:10B550004FEAE57CC3FB065C936AED184CEBE373A2
:10B56000C2E9085328329742CED1D0E90843D0E946
:10B5700012128C429341B4BF0123002303600120C7
:10B58000BDE8F0874FF0000CDFE7442B01D14B19E9
:10B59000DDE7A3073DD14FF0640C94FBFCF30CFBFB
:10B5A0001343C3BB4FF4C87C94FBFCF30CFB134365
:10B5B000B3FA83F35B09DFF87480D2F80C904FF094
:10B5C0000C0C0CFB038808F1FF3C0B469CF801E0D7
:10B5D0000CF1010A0CF1020CACEB080CE1451CDC8F
:10B5E00003F104084FF0070C98FBFCFCCCEBCC0CEF
:10B5F000A8EB0C0CB5EB0C0C156905F1FF3548BF39
:10B600000CF1070CC5EBC5056544754508DA2B44FC
:10B610009DE70023CFE70123CDE77344D446D5E768
:10B62000073DF2E70020ABE7805101004D87040899
:10B63000024B5843C00C0130704700BF4F931200BB
:10B64000704703460A4600681979012303FA01F19D
:10B6500003691B68194218BF82F0010212B18368A6
:10B66000DB68184783681B69FBE790F83D0070476B
:10B67000002070477047D0F8343153F821007047EC
:10B680000146D0E90A0318477047704710B50446D1
:10B6900004210BF0D6F9204610BD01F0BAB8F3F73B
:10B6A000EDBE012A02D1016000207047002AFBD1C3
:10B6B0000260F9E7012A02D1016000207047002AE8
:10B6C000FBD10260F9E7012A02D101600020704736
:10B6D000002AFBD10260F9E7012A02D101600020B3
:10B6E0007047022A05D0032AF9D0002AF7D1026058
:10B6F000F5E70B680360F2E7012A02D10160002040
:10B700007047022A05D0032AF9D0002AF7D1026037
:10B71000F5E70B680360F2E7002808B506D001DA08
:10B72000F7F7A0FBBDE80840F3F72CBF08BD38B51C
:10B73000044604B938BDE068FFF7F9FFA568204664
:10B7400018212C460BF07DF9F3E7436B586A38302B
:10B7500002210BF04AB901607047EFF3118210210A
:10B7600081F31288BFF36F8F02607047036883F321
:10B770001188BFF36F8F7047F7B505460027012684
:10B7800001A8FFF7EAFF2C6824B901A8FFF7EEFF34
:10B7900003B0F0BD6B6801A89C4208BF6F6063688E
:10B7A00066602B60FFF7E2FF236820461B6898471E
:10B7B000E6E710B58368044613B1032201469847B3
:10B7C000204610BD2DE9F04104460CB9BDE8F081DA
:10B7D000E06804F11007FFF7F5FFA668D4E90A58FE
:10B7E000A8450ED1A06A18B1216B091A0BF029F9EE
:10B7F000384611F01BFF2046342134460BF021F966
:10B80000E3E728461035FFF7D4FFE9E710B5044613
:10B81000743011F00BFF04F15C0011F007FF04F12C
:10B82000440011F003FF04F12C0011F0FFFE04F1BD
:10B83000140011F0FBFE204610BD10B50446006850
:10B8400018B1A168091A0BF0FCF8204610BD10B51C
:10B850000446D6F7FFFE242120460BF0F2F82046DE
:10B8600010BD70B5044604B970BDE06804F110065F
:10B87000FFF7F7FF94F84030A56804F12800022B89
:10B8800003D9032B0AD111F0D1FE304611F0CEFEC0
:10B89000204644212C460BF0D4F8E4E7FFF7CDFF17
:10B8A000F3E70022C0E900228260704710B5044629
:10B8B000D6F75EFF442120460BF0C3F8204610BDAA
:10B8C000A0F10400F2E710B50446006818B1A168C1
:10B8D000091A0BF0B6F8204610BD08B5D6F7F6FFEA
:10B8E00008BD38B504460D46AC4200D138BD2368CA
:10B8F000204610345B689847F6E710B50446D7F742
:10B9000071F84FF4377120460BF09BF8204610BDBC
:10B91000A0F10400F1E710B50C1A134605D001465A
:10B920002246184613F030F90346181910BD70B5B9
:10B930000B6804460D4603604B6843600B89038126
:10B94000D1E90336F61A0023C0E9033343613046D8
:10B95000FFF7E2FE064402466661C4E90300D5E94A
:10B960000301FFF7D8FF2061204670BD10B51146D6
:10B970000446FFF7DCFF80232046238110BD13B56A
:10B9800011460446FFF7D3FF802304F10C0002AAFE
:10B990002381002301A90193D7F73CF8204602B088
:10B9A00010BD4FF290139A422DE9F043044685B042
:10B9B000154620D10026ADF8002001A801F115029E
:10B9C00004310396CDE90166D7F724F8BDF80030BD
:10B9D0002380019B01966360029BA360039BCDE9DA
:10B9E0000266E360012301A82374FFF726FF2046C7
:10B9F00005B0BDE8F0834FF28C139A421AD1D1E919
:10BA00000689C84516D0A9EB0806ADF800203046D7
:10BA1000FFF782FE07460246494640463E44FFF78E
:10BA20007AFF00232580E6600193C4E90176CDE921
:10BA30000233D7E700232374D9E72DE9F341044605
:10BA400000F138084FF0FF364FF0FF370022072192
:10BA50004046CDE900670AF0CFFF05460146404663
:10BA60000AF0C6FFE90703D563680BB12068984761
:10BA7000AA0703D5E3680BB1A06898476B07E5D523
:10BA800002B0BDE8F081084608B5FFF7D6FF08BD53
:10BA900003461046C91A013B30B55518AC1A002CA4
:10BAA00003DC0029A8BF401830BD13F8014F02F88D
:10BAB000014BF3E710B50446D6F7D6FE1021204619
:10BAC0000AF0BFFF204610BD10B50446D6F70EFDA4
:10BAD000382120460AF0B5FF204610BD10B50446B7
:10BAE000D6F724FD1C2120460AF0ABFF204610BDEE
:10BAF00010B50446D6F7BAFD342120460AF0A1FF5E
:10BB0000204610BD10B50446D6F7FCFC4FF4447136
:10BB100020460AF096FF204610BD10B504461421B9
:10BB20000AF08FFF204610BD10B50446D6F7CCFCB6
:10BB3000202120460AF085FF204610BDA0F1080014
:10BB4000F2E70A4601460020D7F7BCBF0020704745
:10BB5000836800EBC101B3F5004F2CBF51F8220000
:10BB600031F81200704700EBC1018068B0F5004F5A
:10BB70002CBF41F8223021F812307047012208B55D
:10BB8000FFF7E6FFD04008BD836800EBC101B3F5C5
:10BB9000004F08D34B681AB143F001034B60704764
:10BBA00023F00103FAE74B881AB143F001034B80FD
:10BBB000704723F00103FAE753000122FFF7D3BFD8
:10BBC0008368B3F5004F34BF04230823C91A081A49
:10BBD000C0087047B0F5004F01F1010034BF0423E5
:10BBE00008230833A0EBD300B0FA80F0C0F11F00A7
:10BBF00070472DE9F0410E46174603220446FFF731
:10BC0000A7FF8642054607F104080AD10122E3682E
:10BC1000BA4023EA0203E360002344F82830BDE879
:10BC2000F081314602222046FFF792FF06462B465E
:10BC300001460322204644F82850FFF794FF33467C
:10BC4000294620460222BDE8F041FFF78CBF70B5BF
:10BC500086680D460446FFF791FFB6F5004F014692
:10BC600001D3012809D03046FFF7B4FF2946024628
:10BC70002046BDE87040FFF7BCBF70BD2DE9F0471E
:10BC800005468068FFF7A6FF884605EB800A064652
:10BC9000DAF81090B9F1000F1BD00327DAF8104042
:10BCA00028462146FFF76AFF404507D33246214622
:10BCB0002846FFF79EFF2046BDE8F0870322214675
:10BCC0002846FFF745FF013FCAF8100001D0814523
:10BCD000E4D101364FF0FF34EB68B4401C40EAD0A9
:10BCE00094FAA4F2B2FA82F2131D55F82340DEE76B
:10BCF0002DE9F04114460E460546FFF73FFF371B7E
:10BD0000A4EB06083146074442462846FFF754FF95
:10BD10003A4621462846FFF74FFF43460022214678
:10BD20002846FFF720FF21462846FFF727FF3B461E
:10BD3000211800222846BDE8F041FFF714BF2DE985
:10BD4000F041164604460F46FFF718FF05463146F8
:10BD50002046FFF713FF0544394620462A46FFF7E1
:10BD60002BFF31462046FFF709FF2B4631180022F2
:10BD70002046BDE8F041FFF7F6BE2DE9F0418668A8
:10BD80000D460446FFF7FAFEB6F5004F014601D313
:10BD9000012832D03046FFF71DFF04EB80010E6909
:10BDA00096B90122E3688240204613430222E360F1
:10BDB0002B460D612946FFF7D6FE03222946204671
:10BDC000BDE8F041FFF7CFBE022231462046FFF723
:10BDD000BFFE2946034607462046FFF7C4FE03225E
:10BDE000334629462046FFF7BEFE39462B462046FD
:10BDF000FFF7B9FE02223146E1E7BDE8F081F8B570
:10BE00000C460546FFF7BAFE0122261828463146A1
:10BE1000FFF79EFEC3070CD431462846FFF717FFF5
:10BE200021462846FFF7AAFE214622182846FFF79A
:10BE300086FF002221462846FFF78AFE271A0122A4
:10BE400028463946FFF784FE10EA020613D1394628
:10BE50002846FFF7FCFE214632462846FFF778FECB
:10BE60002246211A2846FFF76AFF21463246284615
:10BE7000FFF76EFE241A21462846BDE8F840FFF77A
:10BE80007CBF38B571B1056800222846FFF798FEDF
:10BE9000044601462846FFF777FE2146BDE83840B4
:10BEA000FFF7ADBF38BD70B5056809B9002070BD9A
:10BEB000AB6801F007042846B3F5004F04F107040E
:10BEC0002CBF082204221444E40804EBD1049C4251
:10BED00028BF1C462146FFF7D1FE06460028E5D0C4
:10BEE00001462846FFF74AFEA04209D934443146AC
:10BEF00028462246FFF7FCFE21462846FFF73DFF75
:10BF0000284601223146FFF73FFEAB68B3F5004FEC
:10BF100034BF0423082303EBC6031844C7E71146C4
:10BF2000FFF7C1BF2DE9F8430668144601F1FF3958
:10BF30000F46B268B2F5004F34BF0423082319EA54
:10BF400001090BD0494239404F468B42894628BFF0
:10BF50000B4654B900252846BDE8F8839942F8D825
:10BF60002146BDE8F843FFF79EBFFB1AE10804F045
:10BF70000700B2F5004F01EBD30103F0070300F116
:10BF800007002CBF08250425034430462B4401EB51
:10BF9000D301914228BF1146FFF770FE804600286A
:10BFA000D8D0B36809EBC0053046B3F5004F34BFB5
:10BFB000042308231D447B1E35441D44B5FBF7F5BF
:10BFC0007D43A5EB09052C442946FFF7F9FD804583
:10BFD00004F10704074624F00704A4EB06044FEA23
:10BFE000E40408D2024641463046FFF781FE41464E
:10BFF0003046FFF7C2FE39463046FFF7BFFD3844F2
:10C00000844208D2394630462246FFF771FE214667
:10C010003046FFF7B2FE012239463046FFF7B4FD45
:10C0200099E7B2F5802F2CBF08230423D21A2DE9FB
:10C03000F0418C18CD1D002625F0070524F00704DB
:10C04000641B0560EE60E40821462046AC60FFF703
:10C05000C1FD421D013031464FEA820205F1100058
:10C0600002F10707A2F11002B8BF3246FF0812F032
:10C07000A5FD31463A462846FFF79EFDA4EB07088A
:10C080003346324631462846FFF76DFD2846314695
:10C090000122FFF779FD42463946FFF78DFD3B4609
:10C0A000324639462846FFF75EFD21462846FFF70F
:10C0B00083FD4346324621462846FFF754FD21467C
:10C0C00028460122FFF760FD3946BDE8F041FFF741
:10C0D00054BE2DE9F04706460D46174698462BB349
:10C0E00098F800404FF0000A93F80190A400DB7824
:10C0F00004EB430498F802301C444444CA4509D375
:10C1000008F10803D8F8042039463046AC46BDE8AB
:10C11000F047604714F8013B0AF1010A204648F84D
:10C120002340D5F771FE01300444E7E76FF01500B6
:10C13000BDE8F08770B5002502462846144614F87D
:10C14000013B0BB9184609E098B18D4207D1702B1D
:10C1500004D0A3F140023A2A0BD8002070BDA3F10D
:10C1600040063A2E05D853780135941C002BE9D0AF
:10C170000020252B224608BF80F00100DEE70020CA
:10C1800070470FB407B504A951F8040B0191D7F714
:10C19000A9FE03B05DF804EB04B0704708B5EAF7F8
:10C1A00015FE002008BD08B5EAF74CFE10F10B0F94
:10C1B00005D010F1100F08BF6FF0730008BD6FF0CD
:10C1C0007300FBE7002070470CB4034607B504AAD0
:10C1D0000846DB6852F8041B0192984703B05DF8EB
:10C1E00004EB02B0704700207047EAF7F5BCEAF7AD
:10C1F0006BBDD7F7D1BE10B50369024613F0080036
:10C2000009D11368D4689C4297BF526AE31A01208F
:10C21000D31A0B6010BD00231846FAE713B501A925
:10C220000446FFF7E8FF20B1019BE268013B13449D
:10C230000193606A019BC01A013802B010BD10B5AD
:10C24000044650182269636AD20702D5013B1840A0
:10C2500010BD984228BFC01AFAE710B504460A4636
:10C26000C168FFF7ECFF2369E06023F00803236156
:10C2700010BD38B58B00026A0D46016843F0020319
:10C28000044642F821302A460168FFF7D8FFE368E8
:10C2900061682A4698422060204602BF236943F025
:10C2A00008032361FFF7CBFF606038BD2DE9F74F2E
:10C2B000C7689B46066A04468846914606EB870394
:10C2C000009316F8273003F00303022B4FF000030E
:10C2D0000BD01360CBF8003023699B0713D44FF0C9
:10C2E000000A504603B0BDE8F08F56F827101360DF
:10C2F0008908CBF80030EFD0FFF7AFFFE368A36009
:10C300004FF0010AEDE7E36906EB8700984716F85E
:10C310002720054612F0010AE1D012F002021FD0D8
:10C32000B8F1000F03D041462046FFF7A2FF616835
:10C330002A462046FFF783FF6060D4E9022191423C
:10C3400006D14FF0000A2A462046FFF778FFA0608A
:10C35000A2682260E260226942F008022261C0E71E
:10C36000014620460192FFF778FFE368A360B8F129
:10C37000000F04D02168236A019A43F8212005EBBD
:10C3800008022046CBF800202168FFF758FF2369F8
:10C39000206043F00803236116F827306FF3000391
:10C3A00006F82730009BC9F80030A9E770B50446AD
:10C3B0001546FFF744FF2368834205D123692160B6
:10C3C00023F00803236170BDAB00226A204643F0CE
:10C3D000020342F821302A466168FFF730FF6060AF
:10C3E000F1E738B5036904465B0706D5856AFFF7B0
:10C3F00015FF85422CBFA562A06238BD38B50D4639
:10C4000020220021044612F0D9FBEB680022E361F0
:10C41000AB68A3612B6823626B68A26263622A69BE
:10C4200023B1591E194208BF42F0010222610122C4
:10C4300004F12C000021BDE8384009F067BE2DE969
:10C44000F04F87B0002504460E4600939246436A9B
:10C45000A94603958B42059539D3EFF3118B102331
:10C4600083F31288BFF36F8F059AD8462AB1294605
:10C470002046FFF79BFF0023059304A92046FFF702
:10C48000BAFE04990746B1422AD322682046236A9D
:10C4900013F8221003EB820921F0030103F82210A4
:10C4A00032462168FFF7CBFEE3682060984212D045
:10C4B000002788F31188BFF36F8F039929B1A26910
:10C4C0000AB12046904700230393002FC5D1484668
:10C4D00007B0BDE8F08F236943F008032361E7E765
:10C4E00018B12046FFF7C5FEE3E7009B5AEA0302B6
:10C4F0001CD0019109F0FFFE0199B8B9BBF1000F02
:10C5000014D187F31188BFF36F8F5246009B04F15B
:10C510002C00EAF797FCEFF31188102383F31288BD
:10C52000BFF36F8FB0FA80F77F09C2E705AB03AAAC
:10C5300020462568FFF7BAFE0746BAE770B50446FD
:10C54000C36908460D4698470246EFF3118610234B
:10C5500083F31288BFF36F8F2B78204643F00103DB
:10C560002B706168FFF76BFE60602046FFF739FFB4
:10C5700086F31188BFF36F8F70BD2DE9F04104463B
:10C580001027EFF3118687F31288BFF36F8F2369AB
:10C5900013F0080FA36802D16268934200D9626A5F
:10C5A000D21A216A32B986F31188BFF36F8F4FF028
:10C5B000000833E011F8232001EB830812F0030098
:10C5C000F1D0022803D151F82350AD0805D1D0078E
:10C5D00012D4E369404698470546A1682A4620469A
:10C5E000FFF72DFE2946A0602046FFF736FE86F3B2
:10C5F0001188BFF36F8FC4E742F00202404601F892
:10C600002320A568E3699847294602462046FFF79C
:10C6100016FEA06086F31188BFF36F8F4046BDE819
:10C62000F081F8B50446C36908460D4698470646AA
:10C63000EFF31187102383F31288BFF36F8F2B78EA
:10C640006FF300032B7023699B0705D5E268236A0B
:10C6500003EB82039D421AD12B786FF341032B70B9
:10C66000D4E90231994204D132462046FFF7E7FD72
:10C67000A06031462046FFF7F0FD87F31188BFF335
:10C680006F8F04F12C00BDE8F840EAF79FBB2B68E0
:10C6900060F39F032B60F0E7EFF31181102383F326
:10C6A0001288BFF36F8F036913F0080F836802D1FC
:10C6B0004268934200D9426AD31A81F31188BFF3CA
:10C6C0006F8F181E18BF01207047704708B509F01A
:10C6D0009BFF0A220023D4F713FE08BD03785B07F3
:10C6E0005FBF03684288C3F34A2303EB12105DBFA8
:10C6F000173020F0070080080020704700207047A6
:10C700000346BFF35B8F53E8000F421C43E8002150
:10C710000029F8D1BFF35B8F704708B509F074FFAB
:10C720000A220023D4F7ECFD08BD0120D7F74ABE4A
:10C73000002070474368DA7101224368196043683A
:10C740005A71D7F731BE70B5D2E901360C4615469D
:10C750009B1B8B420AD313680A460146981912F0B4
:10C7600005FAAB6820462344AB6070BD6FF01B0038
:10C77000FBE770B50E4615461946044618B9BDE8E4
:10C780007040D7F71FBE33B1C2F34A231030120DE9
:10C79000184412F0EBF92046C4E90056BDE8704099
:10C7A000D7F7B8BF2DE9F3415F1C06460C46154686
:10C7B0004FEA870808F1170020F007008008D7F734
:10C7C00083FE00238DF80470ADF805308DF8073036
:10C7D00068B1019A0346A8F1040143F8102F2A46D4
:10C7E000294452F8045B8A4243F8045FF9D1A2015C
:10C7F0000023314602F4E07242EA482222F07F42EE
:10C8000022F4700222F03F0202B0BDE8F041FFF7CF
:10C81000B0BF07B50123019201AAFFF7C3FF03B020
:10C820005DF804FB07B5CDE9002302236A46FFF754
:10C83000B9FF03B05DF804FB1FB5CDE90123069BEA
:10C8400001AA03930323FFF7ADFF05B05DF804FBD6
:10C85000F8B506460D4614461F4604B9F8BD2146F4
:10C8600028463A46B047241A0544F6E710B5426810
:10C87000044681680068D2E90023FFF7E9FF636896
:10C8800000221A6010BD38B54B6805460C461A6880
:10C89000CB689A4202D10846FFF7E8FF6368BFF30E
:10C8A0005B8F53E8002F511C43E800100028F8D19B
:10C8B000BFF35B8FA36800209D5438BD0A2838B5AC
:10C8C00004460D4602D10D20FFF7DDFF2946204624
:10C8D000FFF7D9FF002038BD2DE9F043054687B0AA
:10C8E00008460E8891F800900C46D1F8088017464B
:10C8F000D7F7B4FF011EC6F38216C9F3C2091FDBC6
:10C900004846D7F719FF03462146608851F8102B97
:10C91000C0F30B100196C2F34A22002A01EB020475
:10C920004FF0000208BF00210092CDE90407CDE9D5
:10C93000021428464146D7F7BDFF07B0BDE8F08393
:10C940000023E1E7436800201B685B68996170473A
:10C9500043681B681A685268536070472DE9F041BC
:10C96000436801211B685A6811771D68D5E90136B3
:10C970002F68D3E900481CB96B681C60BDE8F081E2
:10C98000214630464246B847241A0644F3E7436836
:10C990001B681868D8F7F8B870B543680C461D686E
:10C9A0006B689869D7F7EAFC214603460F2228688E
:10C9B000BDE87040184701460068D8F73FB908B590
:10C9C000D8F798F9BDE80840D8F7B8B90B46014642
:10C9D0001846FFF7BBB80A460121FFF71ABF00212E
:10C9E0000120D8F72BB961B662B680F31188BFF386
:10C9F0006F8F704772B6002383F31188BFF36F8F78
:10CA0000BFF34F8F30BF62B6BFF36F8F70472028E0
:10CA100009D9B0F1004F08D80138B0FA80F0C0F160
:10CA20001F0040007047082070473E20704708B53F
:10CA3000D1E904319847002008BD4FF0FF324FF094
:10CA4000FF33EAF7C9B8EAF73FB908B5D8F7CEFE21
:10CA5000002008BDD8F728BFD9F764B81FB5044631
:10CA600069460120D8F7D2FF00280ADB0020DDE963
:10CA70000023C4E90023029B4FF47A72B3FBF2F364
:10CA8000A36004B010BD7047816A8968D9F7EAB81D
:10CA9000034618465B68002BFBD17047426810B50F
:10CAA0002AB10B461C465B68002BFBD162604160DB
:10CAB00010BD10B5044620B90B7A084601330B723D
:10CAC00010BD034618465B68002BFBD1FFF7E6FF5D
:10CAD0002046F5E72DE9F04107460D46144634B9E6
:10CAE000A0464046BDE8F0819B1A6468F7E7228AB9
:10CAF0009A42F9D9069A4FF00008954228BF154688
:10CB0000002CEED0002DECD0268A07EB0800E1685F
:10CB1000F61A1944AE4228BF2E463246B04412F0EF
:10CB200025F8AD1B64680023EAE783680B440360C3
:10CB300070478388026819448180D018704730B4E8
:10CB400084880568A3188380281930BC12F00EB8B9
:10CB500082880346521A8280006808441860704731
:10CB6000034600689A88521A01449A8019607047F7
:10CB70008388C2888168D21A03685B1AD01A70470A
:10CB800003688268C0889B1AC01A80B270470CB4D0
:10CB9000034607B504AA0846DB6852F8041B019255
:10CBA000984703B05DF804EB02B07047EAF714B899
:10CBB000EAF78AB8D7F79EBA08B5DDF767F9B0FA91
:10CBC00080F0400908BD013801288CBF00200120F9
:10CBD0007047DBF75BBB002905DA036F494243F07E
:10CBE000040341600367704770B50446D0F89800AD
:10CBF0000D46049E28B14FF0FF324FF0FF33E9F7A6
:10CC0000EBFF002E05DA236F764243F004036660E3
:10CC1000236704F17406E5B9304609F073FA88B960
:10CC2000236F43F001032367304609F00EFA04F145
:10CC30009000EAF711FBD4F89800A8B1BDE8704065
:10CC4000EAF742B890F8373043F0020380F8373003
:10CC5000EDE795F83730294630466FF3410385F804
:10CC6000373009F027FAE2E770BDF8B5B0F8A660F2
:10CC7000044600F17407C6F341060022002338463B
:10CC8000EAF772F8054640B9384609F0DEF904F1D2
:10CC90009000BDE8F840EAF7DFBA032E05D1FFF7B0
:10CCA000E4FF2846DDF72CFDE7E702F05BFEE4E752
:10CCB0002DE9F04F154689B081461A460E4621B13E
:10CCC000DDB92F464FF0FF3B04E0002DF9D00F46B1
:10CCD000D5F800B002F002034FF0000809F1740A21
:10CCE0000193CDF80880BBF1000F08D10FB1C5F852
:10CCF00000B0029809B0BDE8F08F0127E8E7504680
:10CD000009F0FCF904460028F0D08045EED0B8F1D7
:10CD1000000F08BF804602F08BFF83455A460299F8
:10CD2000034628BF024611440291ABEB0201049175
:10CD3000BFB102B3019919B1E1680391216905916D
:10CD400031682046CDE9062302F008FF3168069AD3
:10CD5000079B1144019A316082B1039BE360059BFC
:10CD60002361002200235046E9F7FEFF01465046AA
:10CD700009F0A0F915E0019A002AF2D19B4510D3E1
:10CD8000002300225046E9F7EFFF90F837309B0769
:10CD900042BFD9F8703043F00103C9F8703002F097
:10CDA000E1FDDDF810B09EE7D9F7E0BBD9F70ABC8A
:10CDB000D9F73CBCD9F762BCD9F7CABCD9F7F0BCEB
:10CDC000002307B5CDE90033D9F7EAFC03B05DF8DD
:10CDD00004FBD9F769BD10B5D0F8982004460B467E
:10CDE00092B1426F0AB1002010BDD0F89810D3E97B
:10CDF00000239030EAF756FA0028F5DB236F5B0733
:10CE0000F1D560684042EFE76FF01500ECE7D9F725
:10CE1000A5BDDAF76FB8002307B5CDE90033DAF71F
:10CE200069F803B05DF804FBDAF792B8DAF7C8B82E
:10CE3000DAF7A4B9DAF7B0BADAF708BB006800F09D
:10CE4000F000A0F1E00358425841704710B100686B
:10CE500000B18068704710B1006800B10068704789
:10CE600010B5FFF7F8FF836823B1DB6813B1BDE8A5
:10CE700010401847002010BD08B5FFF7E7FF007EFF
:10CE800008BD70B50446FFF7E6FF85688DB161B94E
:10CE90002046DAF743FFAB680BB9002070BD20468F
:10CEA000FFF7D9FFBDE8704018476B68002BF9D138
:10CEB000F3E76FF00100F1E70378FF2B11D143781E
:10CEC000FF2B0ED18378FF2B0BD1C378FF2B08D11A
:10CED0000379FF2B05D14079A0F1FF035842584157
:10CEE000704700207047B1F5006FF8B5144624D1A3
:10CEF0009368DD682846FFF7DFFF40B9012294F808
:10CF00003730012062F3061384F83730F8BD05F19D
:10CF100010063046FFF792FF0028EFD19769DDF742
:10CF200091F82A6903689A42E8D031463846DBF71F
:10CF3000A3FE0028E2D10220E8E748F2DD6399422F
:10CF4000F9D10222DBE70369ABB1BFF35B8F50F885
:10CF5000043CBFF35B8F427D03F0010302F001014B
:10CF6000994208D063F30002427500690BB101F0E9
:10CF700032BB01F044BB704701230B7000234B70A0
:10CF80005E238B704378CB7003F07F0382780A7145
:10CF9000C278CB704A71704708B5FFF757FFBFF3EF
:10CFA0005B8F50E8003F43F0010240E80021002978
:10CFB000F7D1DB07BFF35B8F04D40430BDE8084032
:10CFC000EAF7A6B808BD08B5FFF740FFBFF35B8FCF
:10CFD00050E8003F23F0010240E800210029F7D18A
:10CFE000DB07BFF35B8F04D50430BDE80840EAF7E8
:10CFF0008FB808BD03680B604368016003B94160E6
:10D000007047136839B9416803608A4200D14360B0
:10D010000023136070470B6043689A4208BF416069
:10D02000F6E710B1006800B110307047027803468F
:10D0300062B9407850B99A785AB9D87840B91A7913
:10D040003AB95879B0FA80F040097047002070472B
:10D050001046704708B509F0D7FA0A220023D4F722
:10D060004FF908BD0378FF2B11D14378FF2B0ED168
:10D070008378FF2B0BD1C378FF2B08D10379FF2BCB
:10D0800005D14079A0F1FF03584258417047002074
:10D09000704740B1006830B1BFF35B8FC068BFF329
:10D0A0005B8FC0F340307047E9F796BD31B106237E
:10D0B00043700B68C0F802308B88C380704790B112
:10D0C00090F83D309B070DD50388012B0AD190F9CC
:10D0D0002930012B06D119B10A6843689A4201D15F
:10D0E000043070470020704730B500B930BD846807
:10D0F0008C4203D1C5681468A542F7D003B118600B
:10D100000068F2E7E9F7E0BD08B50346FFF7C1FFA5
:10D1100028B903F12C00BDE80840FFF7F3BF08BDB4
:10D1200038B5044619B100F11805A3692BB90023DD
:10D13000A360E3602361A38238BD4FF0FF324FF05C
:10D14000FF332846E9F710FE02F00CFCEDE72DE96D
:10D15000F743904682680E4605461146002329B9DA
:10D160001B2B07D8022003B0BDE8F083088A49686A
:10D170000344F4E7D4682388B3F5807FF2D1638851
:10D18000082BEFD12279062AECD16379042BE9D15F
:10D19000A37B7F2BE6D0E388B3F5807F08D0B3F57F
:10D1A000007F00F0B080284602F0DCFB0020DAE7C8
:10D1B000D5F8189004F108074846FFF732FF811CA4
:10D1C000384611F015FD0028CCD04046FFF74AFF45
:10D1D000C0B104F112021046FFF744FF18B910461F
:10D1E000FFF724FF70B1A269D4F80E309A4209D13A
:10D1F00000233A4604F10E01484600930123DAF772
:10D20000D9FCD0E7DAF702FA06220146404611F0CF
:10D21000EFFC28B9D4F80E3003F0F003E02BA1D0D6
:10D22000D5F8188004F11801D8F80800FFF747FF77
:10D23000002897D004F11200FFF7F8FE48B101234F
:10D240003E463A4604F10E01009340460023DAF7C9
:10D25000B1FC4FF47A720023AF691C21CDE90023A1
:10D26000002338461A46DDF71DFE044600289AD0F2
:10D2700080681C214FF001080C30FFF75AFCA368AE
:10D28000AA680820DB68D1680022987006201A700E
:10D29000DA70187104209A71022283F80180DA7121
:10D2A00003F1120258713068C3F81200B088D882B6
:10D2B0003846FFF7B6FED0F802609E60C0889881BD
:10D2C000D1F80E0098618969C3F80E103846FFF74F
:10D2D000A8FE811C04F12400FFF7E8FE114604F1CA
:10D2E0002C000022FFF7E2FE40F606032146A0696B
:10D2F000A38694F8373068F3061384F83730002398
:10D3000001F036F84FE704F118063046DBF72EFD42
:10D3100038B1002304F1080204F10E010093A8695A
:10D320006DE7DCF78FFEA26903689A42F1D03146BF
:10D330000020DBF7A1FC00283FF435AFE9E71046F9
:10D3400092F83730012200F1260162F3061300F152
:10D350002E0280F83730FFF7FABE026803464AB95A
:10D36000406848B99A6842B9D86800F17F4358428A
:10D3700058417047002070471046704738B590F804
:10D38000383004460D466FF3820380F838308368E6
:10D390007BB199B194F83830204643F0040384F807
:10D3A000383002F076FB94F83730C3F30213032BC6
:10D3B0000DD92046BDE8384002F0D4BA0146806954
:10D3C00000F0CDFF0128E5D00028F2D138BDA368D8
:10D3D000DB681B7803F0F003602B04D1294620465C
:10D3E000DEF7D2F9F0E7402BE3D12946204603F0DF
:10D3F00091F8E9E708B5D8F7F1FC02F04CFDDDF74C
:10D4000003FCDEF71BF9DEF723F903F050F903F014
:10D410007BFCDEF7F5F8E1F7A3FBDFF771FCDCF747
:10D4200065FFDCF737FBDDF775FDDCF703FC00205B
:10D4300008BD70B504462430A56904F12C064DB929
:10D440000822294611F092FB00231A68E2625A680A
:10D45000726070BD296841B10B6963624B694360BA
:10D460002B68002BF0D01033EFE7082211F07EFB81
:10D47000F6E7816809B9FFF781BF4968FAE738B56F
:10D4800005460C46002938D0002836D08B68002B82
:10D4900036D0DA68A2B31B8A93B3036813B96FF06E
:10D4A000720038BDBFF35B8FDB68BFF35B8FDB07B8
:10D4B000F5D591F83730084643F0010381F837304D
:10D4C00002F0E7FAA5612B68EBB11B7C84F82430ED
:10D4D00084F82C30A36853B994F84100DDF712FDAD
:10D4E0002146C0B2DDF702FD18B90020D9E75B681C
:10D4F000F1E7204602F036FAF7E76FF01500D0E7C3
:10D500006FF03C00CDE71B78FFDE2DE9F0431746B6
:10D5100085B01E460446002800F015818368002B64
:10D5200000F011818369002B00F0108102F07CFA79
:10D53000204602F0AEFA94F83730C3F30213022B00
:10D5400040F0A380A28E48F2DD639A4265D1A368C1
:10D55000DD68EB79002B00F0EA80DCF777FD102224
:10D56000014605F1180011F043FB20B96FF07C0073
:10D5700005B0BDE8F083A368DD6818352846FFF7DD
:10D58000ECFE0146A8B3A368DD6894F837301B07AA
:10D5900034D405F108026F4605F1180C13461868DB
:10D5A000083353F8041C3E46634503C63746F6D19C
:10D5B000283553F8041BAB4242F8041BF9D1A36889
:10D5C0006A4604AEDB6818331546083303CDB5420E
:10D5D00043F8080C43F8041C2A46F5D148F2DD63F1
:10D5E0002046A386FFF725FF01212046FFF7C6FE50
:10D5F000A0E02846DBF73AF80028C4D1A368D86831
:10D60000037EFF2B04D1437E03F00F03012BEBD0ED
:10D610000830FFF7A2FE0028A8D194F837106369FC
:10D62000C1F3021133B3012940F08680A268D268A9
:10D63000126902F0F002E02A1CD193F8A330CBB1BA
:10D6400000220023204602F0BDFB054690B1A069F0
:10D65000A86138B10368002B7BD01B7C85F824308F
:10D6600085F82C302946FFF70AFF002802DA284601
:10D6700002F078F93A4633462146A06900F088FE68
:10D68000022857D16FF0040072E7012BC5D1A38E99
:10D69000B3F5006FC1D1A368DD682B7A002B46D0AB
:10D6A000DCF7CCFC2A6903689A423FF45FAFA368B9
:10D6B000DD682B7C7F2B0CD1A368DB68DA68A3685C
:10D6C000DB681969D960A368DB681A614FF40063ED
:10D6D00086E7D4F81880DCF7B5FC2A6903689A421B
:10D6E0001ED005F110014046DBF7C6FA0146B8B975
:10D6F000A368D3F80C9009F110084046DBF736FB1D
:10D7000005460028D8D1DCF79DFCD9F81020036825
:10D710009A42D1D041462846DBF7AEFA0028CBD159
:10D72000A368DB681B7B7F2B7FF477AF1EE7204667
:10D7300002F018F900201BE702299BD1A268D268E9
:10D74000127EFF2A78E76FF03C0011E76FF01500BA
:10D750000EE71B78FFDE00230B60436813B9C0E9B6
:10D7600000117047196041607047036800220BB9CF
:10D77000184670478B4210D10B6842B9426803606B
:10D78000914200D14360002301200B607047136079
:10D790004368994208BF4260F5E71A461B68E6E70E
:10D7A000026803464AB9406848B99A6842B9D868DD
:10D7B00000F17F435842584170470020704710469F
:10D7C000704740F2FF230B6000238B80CB800B81DE
:10D7D0004FF480734B81FF230B73437B4B73C389DF
:10D7E000CB81704710B1006800B14068704710B13C
:10D7F000006800B10068704710B428B1C46C1CB157
:10D800002346426810BC184710BC704710B5034649
:10D81000FFF7E8FF28B1C2681AB11846BDE810400A
:10D820001047002010BD70B505460024E300944267
:10D83000D8B214DA2B5D0E5DB34202D10134E4B2EA
:10D84000F4E773401C060AD400F10802D2B201309A
:10D850005B00C0B2DBB2904201D01906F7D570BDB3
:10D8600048B1006838B1BFF35B8FC068BFF35B8F0E
:10D87000084100F001007047802AF8B507460E46BF
:10D88000144617D8D5082A4611F0B2F990B9644267
:10D8900014F0070410D07B5DC4F10801725D5A409A
:10D8A000FF238B40DB43DBB2A3401A420CBF0120B5
:10D8B0000020F8BD0020FCE70120FAE7102208B59F
:10D8C00011F096F9B0FA80F0400908BD08B508F0EB
:10D8D0009BFE0A220023D3F713FD08BD00231A463E
:10D8E000DCF7CABC80B1036873B101220C33BFF30B
:10D8F0005B8F02FA01F153E8000F084343E800028E
:10D90000002AF8D1BFF35B8F704788B103687BB101
:10D9100001220C33BFF35B8F02FA01F1C94353E8D4
:10D92000000F084043E80002002AF8D1BFF35B8FE4
:10D9300070471FB540F2FF23ADF800300023ADF86B
:10D940000230ADF80430ADF80630ADF80830ADF86F
:10D950000A30ADF80C304FF48073ADF80E306946E4
:10D96000DEF7ECFE05B05DF804FB7FB543680446C6
:10D970000E46A3B1FFF74AFFC20705460FD56368FD
:10D9800013B12046FFF7D5FFAB0708D4636833B166
:10D9900030466946FFF715FF2046DEF7CFFE04B09C
:10D9A00070BDE9F719B94FF0FF324FF0FF3318306F
:10D9B000FFF7F7BFE9F788B92DE9F0470C4688B0C3
:10D9C000064690461F46FFF7EEFF022C4FD17468C3
:10D9D0000CB900243CE069464046FFF7F2FE94F89B
:10D9E0003D30C3F340059B0718D494F87D30980769
:10D9F000EFD54FF0FF3904F1440A04A95046FFF770
:10DA0000E0FE6846FFF75AFF00B101354146504637
:10DA1000FFF754FF024630B3012215E004F1040978
:10DA200004A94846FFF7CDFE6846FFF747FF414689
:10DA300005464846FFF742FF0028D6D094F87D30CF
:10DA40009907C3F340020BD407B13D6004EB821485
:10DA500006F11800FFF7AEFF204608B0BDE8F087DA
:10DA60004FF00009C7E7B9F1000FB2D1ECE7012C84
:10DA7000AFD1B468002CEBD094F83D30C3F3400232
:10DA80009B0701D41446E3E76268D8F800309A4255
:10DA900018BF0024DCE72DE9F04F89B01D46049043
:10DAA00002910592FFF77FFF049B5F68002F00F053
:10DAB00097800024391D4FF0FF3A2646A146A04624
:10DAC0000194039407EB881393F83D30980727D50A
:10DAD00031F8043C022B23D10B4648F2FE0233F806
:10DAE000040990421CD091F925B00BF1FF32D2B25B
:10DAF000012A15D81022029807930691FFF793FE8A
:10DB0000059B984228BF1846BBF1020FC0B2DDE961
:10DB1000061321D1BAF1010F02D02A78824221D90D
:10DB20004031B8F1000F14D0129B990744D546B18B
:10DB3000043621463046FFF7C1FE10B9019B34463A
:10DB40002B7004981830FFF735FF204609B0BDE868
:10DB5000F08F4FF00108B5E72A78824202D9BAF176
:10DB6000020FDDD107EB881292F83D2052070BD54A
:10DB70003F2809D8029A1278FF2AD1D1029A527806
:10DB800002F00F02032ACBD107EB8812129C92F805
:10DB90003D20E407C2F3C00209D4002A0C46019AD2
:10DBA00004BF1E46024628700192DA46B8E789464D
:10DBB0000C4628700390F8E7129BDA070CD5B9F1F0
:10DBC000000FBED021464846FFF778FE0028B8D1A6
:10DBD000039B4C462B70B4E7129BDB05B1D5A6E73F
:10DBE0003C46AEE72DE9F743064688461746994678
:10DBF000FFF7D9FEB4680CB900251EE094F83D305B
:10DC00009B07F9D594F92930012BF5D12388012BF5
:10DC1000F2D1251D2846DAF737F94845ECD1226CB8
:10DC200040466368134004220DEB02010193FFF7A5
:10DC3000FAFD3B788342DFD8387006F11800FFF711
:10DC4000B9FE284603B0BDE8F083F8B50E46174686
:10DC5000054630B3FFF7A7FEAB682BB900241BE0E5
:10DC6000002F18BF002417E093F83D20C2F34004B2
:10DC7000920711D5711C03D093F92920B242EDD13E
:10DC80001A88012AEAD11C1D2046DAF7FDF800287F
:10DC9000E6D0002F08BF002405F118002546FFF745
:10DCA00089FE2846F8BD70B504460D46FFF77BFE99
:10DCB000A36833B9002604F11800FFF77BFE304655
:10DCC00070BD93F83D20C2F340069207F2D51A8842
:10DCD000012AEFD11A6C5B6863EA02032A68934257
:10DCE000E8D1E8E710B5A8B1006898B101230C307D
:10DCF000BFF35B8F03FA01F150E8003F43EA0102F2
:10DD000040E80024002CF7D11942BFF35B8F14BF09
:10DD10000120002010BD30B5B0B10068A0B10123D2
:10DD20000C30BFF35B8F03FA01F1CA4350E8003FA8
:10DD300003EA020440E80045002DF7D11942BFF381
:10DD40005B8F14BF0120002030BDDAF79FBA2DE9A8
:10DD5000F04104460D4617469846FFF724FE082179
:10DD60002046FFF77DFDD0B9062F1BD8D4B1266819
:10DD7000C6B106F112006DB9C6F8125085800025B3
:10DD800086F81080777404F11800FFF713FE284618
:10DD9000BDE8F0813A46294610F0E8FEEFE74FF083
:10DDA000FF35F0E76FF01505EDE770B505460E4657
:10DDB000FFF7F9FD6C68ECB194F83D309A0708D58F
:10DDC0002388022B05D18022211D3046FFF754FD08
:10DDD000B0B994F87D309B0714D5B4F84030022BCD
:10DDE00010D1802204F144013046FFF745FD58B1BF
:10DDF00040231C4405F11800FFF7DCFD204670BDF0
:10DE00000023F6E70024F5E70446F3E738B50C46AF
:10DE1000054660B159B1FFF7C6FD237E05F1180034
:10DE20006FF341032376BDE83840FFF7C3BD38BD2B
:10DE300038B50C46054660B159B1FFF7B4FD237EF5
:10DE400005F1180043F002032376BDE83840FFF7E0
:10DE5000B1BD38BD70B506460D46FFF7A4FD746828
:10DE600054B394F83D309A072CD56B1C08D1238805
:10DE7000022B1BD094F87D30980729D400241BE096
:10DE800094F92930AB4208D094F87D309907F5D544
:10DE900094F96930AB421BD0F0E72388022BF3D111
:10DEA000A28848F2FE039A42EED104E0A28848F22A
:10DEB000FE039A42DED1043406F11800FFF77AFD22
:10DEC000204670BD94F87D309A07D7D56B1CDFD102
:10DED000B4F84030022BD1D1B4F8442048F2FE030C
:10DEE0009A42CBD14434E7E72DE9F0410F4605468D
:10DEF00018B9DAF751FA054678B32846FFF753FD0B
:10DF00006E682EB396F8F9309A07C3F340040AD529
:10DF100096F8F820394606F1E400FFF7ADFC044618
:10DF200008B106F1D40496F821319B070FD596F875
:10DF30002081394606F586704246FFF79DFC30B1D8
:10DF40001CB194F82430434501D906F1FC0426465F
:10DF500005F118003546FFF72DFD2846BDE8F08194
:10DF6000F8B505460E461746FFF71DFD6C68ECB187
:10DF700094F8F9309A0706D53A46314604F1E400A0
:10DF8000FFF77AFCC0B994F82131C3F340029B0734
:10DF900014D53A46314604F58670FFF76DFC78B12A
:10DFA0000123282202FB034303F1D40405F11800E6
:10DFB000FFF700FD2046F8BD0023F2E71446F5E721
:10DFC0000446F3E70A460221DAF7D6B80221D9F768
:10DFD000B1BF38B504460D46FFF778FC2584E061F3
:10DFE000BDE83840D9F7DEBF07B5002300920A46E6
:10DFF0000221DAF715F803B05DF804FBDAF792B8FE
:10E0000038B50546FFF7CFFC00212846DAF722FA9B
:10E01000002809DB6C680CB194F83A4105F118004E
:10E02000FFF7C8FC204638BD0024F7E738B50546A1
:10E03000FFF7B9FC00212846DAF70CFA002809DBC3
:10E040006C680CB194F8394105F11800FFF7B2FC87
:10E05000204638BD0024F7E738B504460D46FFF7E3
:10E06000A2FC00212046DAF7F5F9002803DB6368FB
:10E070000BB183F8395104F11800BDE83840FFF7BF
:10E0800099BC4FF48072DAF759BD002337B50C46BE
:10E09000014618460193FFF7F4FF0546DBF7D6FF6C
:10E0A00085420DD001A92846DAF7E0FA04B12560CF
:10E0B000019B13B9DAF770F90190019803B030BDF4
:10E0C000002CF4D1F6E70021FFF7DFBF37B5D0F819
:10E0D00024416508042104EB44040DEB0100C5EB69
:10E0E0005404D7F75BFE0198B0FBF4F304FB130074
:10E0F000284403B030BD70B505460E46FFF753FC0B
:10E10000AB688BB193F83D200021C2F34004920725
:10E110000BD51A88012A05D1586832681B6C424019
:10E120001A4202D00C4600E01C4605F11800FFF729
:10E1300041FC204670BD0122FFF787BD0022FFF79A
:10E1400084BD38B5FFF701FE044640B1FFF72BFC54
:10E15000A5685DB904F118002C46FFF72BFC20469A
:10E1600038BD2B88012B18BF0025F3E795F83D300B
:10E17000C3F340029B07F4D41546EBE7002337B501
:10E180000D46014618460193DAF78EFD0446DBF78B
:10E1900055FF844207D1DAF7FFF8019005B12C60F2
:10E1A000019803B030BD01A92046DAF7DFFD019BDD
:10E1B000002BF3D1EFE70021FFF7E0BFF8B50546EC
:10E1C0000F461646FFF7EFFB00212846DAF720FD41
:10E1D000002819DBAB68BBB193F83D200021C2F3E6
:10E1E000400492070AD51A88012A0FD158683A6864
:10E1F0004240186C024209D132681A6405F11800D5
:10E20000FFF7D8FB2046F8BD0024F7E70C46F5E7FA
:10E2100038B50546FFF7C7FB00212846DAF7F8FCBA
:10E22000002809DBAC680CB194F8644005F11800D3
:10E23000FFF7C0FB204638BD0024F7E738B5054698
:10E24000FFF7B1FB00212846DAF7E2FC002809DBE2
:10E25000AC680CB194F8654005F11800FFF7AAFB13
:10E26000204638BD0024F7E710B50023FFF7A4FBD4
:10E27000B8B1BFF35B8F436900F11402BFF35B8F4A
:10E280007BB1591CBFF35B8F52E8004F9C4204D115
:10E2900042E8001CBCF1000FF6D1BFF35B8FE8D160
:10E2A00010BD0020FCE737B50C460546E8B1B9B112
:10E2B000FFF779FB6B6873B101AB22460221284658
:10E2C000DAF71EFE00280EDD019B93F83D206FF368
:10E2D000041283F83D20002405F11800FFF76AFBC3
:10E2E000204603B030BD0124F6E70446F8E72DE9E7
:10E2F000F0411F4691F83D30164605469A070C46F8
:10E3000012D50B88022B0FD191F82830012B0BD19D
:10E3100001F104083A4630464146FFF7ADFA18B11C
:10E3200041462846FFF7BFFF94F87D309B0714D580
:10E33000B4F84030022B10D194F86830012B0CD186
:10E3400044343A4630462146FFF796FA28B1214632
:10E350002846BDE8F041FFF7A6BFBDE8F0810346BF
:10E3600010B5FFF73FFA02681846BDE810401047A5
:10E3700010B50C468B684BB994F8410001F09AFD3A
:10E380002146A069BDE81040DAF7C6BF5B68F2E736
:10E390002DE9F0410C464E6909210546174698467D
:10E3A000FFF75EFA60B96FF072071EB1394630466A
:10E3B000FFF722FA94F82D30002B51D102202CE0E7
:10E3C00004212846FFF74CFA0028ECD10121284609
:10E3D000FFF746FA70B994F825305BB9A3690BB919
:10E3E0005B78FFDE1B68002BFAD05A7C03F1120128
:10E3F000062A14D9D6B1B6F8A630C3F38112032A7F
:10E4000014D1C3F3C203013B012B0FD828463A466F
:10E4100043462146FFF7ACFF0020BDE8F08104F140
:10E42000260084F8252010F0A1FBE3E794F83730AC
:10E43000C3F30213022B09D0012BE7D1204602F0CF
:10E4400034F9022813D16FF00407AEE7204603F039
:10E4500013F894F83730C3F30213012BF1D1EDE731
:10E460003A4604F12C012846DAF730FFA6E70028E7
:10E47000D3D1CBE70A460121D9F712BD0A460221C2
:10E48000D9F70EBD2DE9F0418AB0074610220021D0
:10E4900006AD07F11806284610F090FB3846FFF746
:10E4A00082FA05A93846D9F7D5FF002825DB059C57
:10E4B0001CB337B33B6803B110334FF00008384644
:10E4C000CDE90153424643464146CDF8008002F073
:10E4D000C0FB404511DB2946434601223846DAF7A6
:10E4E000CBFF014648B194F83D30C3F340059B078C
:10E4F00009D494F87D30980740D43046FFF75AFA93
:10E5000046E03B46D9E72388022B19D1844217D035
:10E51000201DFFF745F994F87D3098B99A0704F16A
:10E520003005206316D43046FFF744FA294651F8E7
:10E53000304904B1303C3846DAF758FF8CBB27E04D
:10E5400094F87D309B07D8D5B4F84030022BD4D155
:10E55000454603E0B4F84030022BE4D104F1400317
:10E56000994210D004F14400FFF71AF958B9256711
:10E57000304604F17005FFF71DFAD7E7B4F84030D4
:10E58000022BEBD0B9E73046FFF714FA002DCDD1BE
:10E590000AB0BDE8F081303D214638462C46DAF716
:10E5A00025FF256B002DF6D121463846DAF71EFFF0
:10E5B000EEE7002307B501A90193DAF7D7FB28B1ED
:10E5C000019803B05DF804EBDAF7FABE03B05DF82A
:10E5D00004FB0020704710B5044678B1FFF7E3F95B
:10E5E00009212046FFF77EFB10B92046DBF71EF815
:10E5F00004F11800BDE81040FFF7DCB910BD10B5FC
:10E60000044678B1FFF7CFF909212046FFF783FBD5
:10E6100010B12046DBF70AF804F11800BDE81040FD
:10E62000FFF7C8B910BD38B50546426011B9C0E959
:10E63000021138BD4FF47A736FF00042A1FB034121
:10E6400000232046D2F75CFEE860C0EBC073E31AFB
:10E6500005BF6FF0004300F1FF30AB60AB6008BF57
:10E66000E860E6E770B500228368C6686FF0004591
:10E6700040681446091AE6FB0534581A64EBE17148
:10E68000012871F1000305DB4FF47A720023D2F701
:10E6900037FE70BD1046FCE770B5C5680346446898
:10E6A00035B16FF00046701A2044002806DD70BDB9
:10E6B00083681C44601A20EAE070F8E701F100402A
:10E6C0006A1E59600130DA609A68211A001B824282
:10E6D0009BBF9219023D8918521896BFDD60996060
:10E6E0009A60DA680AB99868E1E76FF00040DEE7FF
:10E6F00010B50C0901F00F0103B944B1092C89BF11
:10E70000A2F10A033034E418E4B200F8014B0929FD
:10E710004FF0000389BF0A3A30318918C9B201703D
:10E7200000F8013F10BD2DE9F04111F001064BD179
:10E7300040BA334680B28C0708D5012A06D931F891
:10E74000024B023A2418204643F100030D4694463A
:10E750004FF0000EBCF10F0F05F1100540D8140961
:10E760006FF00F0505FB04224FEA041C01EB0414B3
:10E770001746032F4AD86FF00305940805FB0424BD
:10E780002A40012C624401EB020506D98A5A023C58
:10E7900002351218104643F10003012C07D12A78E4
:10E7A000E90748BF12021218104643F10003020C99
:10E7B000190C42EA034280B252EA13432ED10EB939
:10E7C00040BA80B2BDE8F0810023002ABED011F823
:10E7D000014B013A2402241843F100032046AAE722
:10E7E00055E90447ACF1100CE41955F8087C4EEBE0
:10E7F0000E08E41955F8047C48F10008E41948F1C2
:10E8000000072418204643EB0703A3E754F8045BF2
:10E81000043F2D18284643F10003AAE7801841F170
:10E820000003C4E72DE9F04790F837300446C3F3FE
:10E830000213012B52D14B1E012B62D98368002297
:10E84000002B47D194F836304FF0080994F83A007D
:10E850000344CB1A13449DB22046D4E9038701F048
:10E8600018F994F8373094F83610204603F0010672
:10E8700043F00103A1EB090184F8373001F058F9A6
:10E880004A4621692846FFF74EFF618F054620461C
:10E89000494401F04DF9E26862B1236953B1B2F81D
:10E8A0001090D2689B1AA9EB0309D4F80CA0BAF116
:10E8B000000F29D1002D4BD068BA80B294F83730C0
:10E8C000C04366F3000380B2C4E9038784F837309D
:10E8D000BDE8F087188A5B680244B1E7022B3AD1A1
:10E8E000836800224BB9638F4FF02009CD1A94F84A
:10E8F0003630ED1A1544ADB2AEE7188A5B680244B3
:10E90000F0E70025A946A7E728464A462169FFF710
:10E910000AFFDAF804300546E360002BCAD01A8AF1
:10E92000002AC7D0DA6819F0010F22610DD01178E2
:10E9300001320D442261B3F81090ADB209F1FF39F4
:10E94000A94284BF0135ADB2AFE7B3F81090ACE790
:10E950004FF6FF70B2E70020BAE708B590F836101E
:10E9600090F83A20836800200A44D968FFF7DBFE5C
:10E9700020B140BA80B2C04380B208BD4FF6FF70EC
:10E98000F9E7E8F7A1B9006800F0F000A0F1E003B2
:10E990005842584170470268034642B9406840B93E
:10E9A0009A683AB9D868B0FA80F0400970470020F8
:10E9B000704710467047D9F769BC48B1006838B154
:10E9C000BFF35B8FC068BFF35B8F084100F00100AD
:10E9D0007047E8F701B9FFF7EEBFE8F775B9F0B592
:10E9E000064687B00F46052502210DF11600D7F720
:10E9F000D5F9BDF81640013D4FF0000144F4004444
:10EA00000ED064BA00973046A4B2CDE90111234676
:10EA100096F8A420DBF7E2FC1130E5D0204600E0B8
:10EA2000284607B0F0BD90F89E007047012070475F
:10EA300000F10803BFF35B8F53E8000F013043E898
:10EA40000002002AF8D1BFF35B8F704738B5BFF3DF
:10EA50005B8F044600F1080353E8000F421E43E8B1
:10EA600000210029F8D10128BFF35B8F01D00138C4
:10EA700038BD04F10C054FF0FF324FF0FF3328464C
:10EA8000FFF7A7FF606C18B1DCF706FC0023636496
:10EA9000B4F8A630284623F00703A4F8A630FFF701
:10EAA0009CFF0020E4E7F0B50B8887B004460D46D4
:10EAB000032B00F0CB80466C002E40F0C480022B6C
:10EAC00068D1172A059640F2C180B0F8A6301A0521
:10EAD00004D590F9A800FFF77EFF05902B792F1D34
:10EAE000FF2B13D1B4F8A630C3F38113022B05D149
:10EAF00094F8A20010B1FFF75EFF059005A9384613
:10EB0000D9F760FE002869D0061D0EE03846FFF7F1
:10EB100042FF059B002836D023B904F13000FFF7EF
:10EB2000D2FA0590DBF792FA0646059B002B00F01F
:10EB3000878004F10C074FF0FF334FF0FF32384667
:10EB4000FFF747FF0598DAF73BFC022384F8A8009B
:10EB5000238466626B88002B6CD094F89E2020463C
:10EB60000599029294F89D20CDE9005294F8A420D2
:10EB7000DBF734FC002860D16B88638400243846BE
:10EB8000FFF72BFF2CE003B905AE31463846D9F725
:10EB90006DFDB7E7012B59D1072A059656D9B0F874
:10EBA000A6301B0504D590F9A800FFF714FF0590C7
:10EBB0002F1D3846FFF7E7FEA8B1B4F8A630C3F31F
:10EBC0008113022B05D194F8A20010B1FFF7F3FED8
:10EBD000059005A93846DAF761F948BB6FF00104E2
:10EBE000204607B0F0BD6A68059BD2B923B904F18D
:10EBF0003000FFF7E0FA0590DBF720FA0646059BA8
:10EC0000F3B104F10C074FF0FF334FF0FF323846F9
:10EC1000FFF7DFFE0598DAF7D3FB012384F8A8009D
:10EC200096E703B905AE31463846DAF79FF8D4E7E0
:10EC3000061DE4E7638C6B80A0E76FF06F049EE72E
:10EC40006FF07C04CCE76FF07E04C9E76FF0150429
:10EC5000C6E770B5B0F8A62086B00446C2F3C2017C
:10EC6000022927D1436AC3BBADF8001001ADDBF721
:10EC7000EDF9034600F110061868083353F8041C38
:10EC80002A46B34203C21546F6D1B4F8A630C3F300
:10EC90008113032B0CD069462046FFF7A0FE1822F3
:10ECA000ADF8020069462046FFF7FDFE06B070BDD4
:10ECB0000020F4E7012912D1436A73B9C2F381122B
:10ECC000ADF800100193032A03D06946FFF787FED1
:10ECD00003460822ADF80230E4E70020E6E76FF0D3
:10ECE0001500E3E738B5B0F8A6300446DB0717D5C2
:10ECF00000F10C054FF0FF324FF0FF332846FFF7CD
:10ED000068FE204603F07CFA0028284603DBFFF764
:10ED100064FE002038BDFFF760FE6FF05E00F9E78B
:10ED20006FF00800F6E770B50C4605461E46114622
:10ED300002B9416A0B681BB10846FFF724FE30B1E7
:10ED40003146A069D9F7B0FF03680146CBB195F809
:10ED50009C30324694F840009B0863F3050084F829
:10ED6000400095F89C3063F3871084F840002046FB
:10ED700095F89C305B0984F84130BDE8704001F0A3
:10ED800071BB6FF0150070BD70B50C4605461E4690
:10ED9000114602B9416A0846FFF7FDFD10B90B782C
:10EDA000FF2B06D13146B5F8A020A069D9F7C6FEE1
:10EDB000014695F89C30324694F840009B0863F376
:10EDC000050084F8400095F89C3063F3871084F8C0
:10EDD0004000204695F89C305B0984F84130BDE83E
:10EDE000704001F082BE2DE9F74F8846B0F8A610BA
:10EDF00004461746C8071D46DDF840B00C9B9DF839
:10EE0000442040F17A8172B16BB935B1C1F3C202CD
:10EE1000022A0ED16FF01505DFE0B8F1000F0DD119
:10EE20006FF07805D9E0002DFAD0C1F3C202022AB2
:10EE300032D0012AEED14FF000090CE0C1F3C20339
:10EE4000022B0BD0012BE5D1D8F80050002D3ED07D
:10EE5000D8F80430C146072B3CD8DBE7D8F800507F
:10EE60002DB1D8F80430C146172B03D8D2E704F1EE
:10EE70002C05C1462E1D3046FFF78DFD0028CFD151
:10EE8000C1F3811102290AD004F13000FFF783FD9C
:10EE900088B94FF0020A29E04FF00009E4E72B7926
:10EEA000FF2BF1D194F8A2000028EDD0FFF783FDED
:10EEB0000028EED1E8E7B4F8A6301A05E9D43046C8
:10EEC000FFF701F9DAF77CFA84F8A800E1E704F12A
:10EED0002C05C1466B68002BA2D0C1F38111022919
:10EEE00053D0236B002B5ED04FF0010AB9F1000F15
:10EEF00005D027B9D9F80C103B468B425FD194F965
:10EF0000A800FFF768FD0346002860D10D9B94F927
:10EF1000A800E364B4F8A430C4F804B0062B67D1A9
:10EF2000FFF759FDB4F8A430112B40F0A280002661
:10EF3000BAF1020FB5F802B005F104034FF0000278
:10EF40003146204640F09C80FFF71EFF0028054612
:10EF500019DB2046FFF77DFE054688B95A46618CCD
:10EF6000304603F06EFC054650B9BB46B9F1000FC0
:10EF700040F09D803A464146304600F04FFF05463E
:10EF8000002D80F2988046B36FE0281DFFF7FBFC50
:10EF90000028A6D094F8A2000028A2D0FFF70BFD0D
:10EFA0000028A1D19DE7B4F8A6301B059CD4281DEC
:10EFB000FFF701F9DAF704FA84F8A80094E7D9F822
:10EFC000082002EBC30201335268174495E7002181
:10EFD000FFF7F3FC28B96FF07205284603B0BDE8CF
:10EFE000F08F08211846FFF7E8FC00288ED1F2E7E1
:10EFF000FFF7F1FC42F2107200233946CDE90023FD
:10F00000524694F8A430DBF74DFF0646D8B1446170
:10F0100094F8A41000F0E9FCB84217D3B4F8A43077
:10F02000112B85D0062B1ED14B463A464146204631
:10F0300003F0E4FA051EA6DB5A460D9920462F463A
:10F0400003F0E6F847E06FF06805C6E7B4F8A630CD
:10F05000C3F38113023B012B4CD9B4F8A430112B1C
:10F060000CD0062B40D06FF07A05304600F07AFCC9
:10F07000B3E7062B3AD06FF07A05AEE7074657E7BD
:10F08000FFF751FE62E7D9F80830304603EBC502BE
:10F0900053F8351052685A4528BF5A46904600F03A
:10F0A000BDFE002824DBBBEB080B04D00135D9F8EA
:10F0B0000C309D42E7D3304600F0EBFCBAF1020F72
:10F0C000304694F8A4100CD101F072FD3046DDE911
:10F0D0000E23FEF71AFA00280546FFF654AF3D4608
:10F0E0007BE701F0D0F9F1E707469DE700269BE7B3
:10F0F000054648E76FF00B05B7E76FF008056CE7CA
:10F100002DE9F04700F10C0990B004461546484639
:10F110001F464FF0FF324FF0FF330E46DDF868A078
:10F12000FFF757FCB4F8A610C1F34100012800F026
:10F13000C780CB0740F1C780C1F3C2023388934236
:10F1400040F0C780032800F0C180022B60D1172D4A
:10F1500040F2BF80B4F8A430062B0CD194F83030C4
:10F16000FF2B08D16FF07C054846FFF736FC284698
:10F1700010B0BDE8F08704F13000331D06F114052E
:10F18000024653F804CBAB4242F804CBF9D1B6F8AF
:10F1900002800223A4F82E80A385FFF7FCFB98BB16
:10F1A00041F480712046A4F8A610FFF752FD0546F1
:10F1B0000028D9D10223658C626A2384ADF82830F7
:10F1C000ADF82A509AB10DF1180C02F1100E10682A
:10F1D000083252F8041C6346724503C39C46F6D1BC
:10F1E00006AB0DF12C0C0FCB8CE80F000AAAB4F87B
:10F1F000A630C3F38113022B52D11FB15246002116
:10F200002046B8470025AFE721F4807189B2C9E7ED
:10F21000012B5ED1072D5CD9B4F8A430062B0ED09B
:10F22000726801232263B6F80280A385A4F82E80B9
:10F23000B4F8A630E2B923F480739BB21AE004F16B
:10F2400030084046FFF79FFB00288BD194F9A800B7
:10F25000FFF7C1FB0546DAF7F5FE226B03689A4219
:10F2600080D041462846D9F707FD0028D8D079E755
:10F2700043F480732046A4F8A630FFF7EAFC054665
:10F2800000287FF471AF0123658C626A2384ADF896
:10F290002830ADF82A50002AA9D013680B93A5E7AF
:10F2A000012B19D100954346DDE91801CDE9047A17
:10F2B000CDE9020131462046DEF79CF9054653E7C9
:10F2C0006FF0770550E76FF008054DE76FF05E05CA
:10F2D0004AE76FF0150547E76FF0850544E770B51D
:10F2E000B0F8A63004460D46DB0726D500F10C0623
:10F2F0004FF0FF324FF0FF333046FFF76AFBB4F8B0
:10F30000A630C3F34102032A03D0C3F38113012BB8
:10F310000ED1B4F8A430062B0DD12046049A29460C
:10F32000DDF7CEFE04463046FFF757FB204670BDA2
:10F330006FF01504F7E70024F5E76FF00804F5E730
:10F340002DE9704300F10C09044686B0904648460A
:10F350001E464FF0FF324FF0FF330D46FFF739FBEB
:10F36000B4F8A630C3F3C200022820D0421E504297
:10F370005041C000DB051CD5E38DD3B100232946E5
:10F3800005930E9B0493DDE90C23CDE90006CDE93E
:10F390000223204604F12C034246FFF724FD0446D5
:10F3A0004846FFF71AFB204606B0BDE870831820D8
:10F3B000E0E76FF07804F3E7F0B500F10C0787B0F1
:10F3C00004461E4638464FF0FF324FF0FF330D46DD
:10F3D000FFF7FFFA01232946204605930E9B01966D
:10F3E0000493DDE90C23CDE9022300231A460093A0
:10F3F000FFF7F9FC04463846FFF7EFFA204607B05E
:10F40000F0BD2DE9F04100F10C0786B00446164628
:10F41000984638464FF0FF324FF0FF330D46FFF766
:10F42000D8FA012332460593109B04930D9BDDE926
:10F430000E0101930C9BCDE902010093294643463E
:10F440002046FFF7D0FC04463846FFF7C6FA2046B0
:10F4500006B0BDE8F08170B500F10C0604460D461B
:10F460004FF0FF324FF0FF333046FFF7B2FA294634
:10F47000204603F066F804463046FFF7AEFA204611
:10F4800070BD30B413460C46002835D0002933D067
:10F4900092B3B0F8A620C2F38112012A03D1002250
:10F4A00030BC02F0EBBD022A29D1018C01290DD11B
:10F4B0001A682180418C082A618028BF0822416A8D
:10F4C0000968616000201A6030BC7047022919D1B8
:10F4D0001A68043424F8041C418C182A24F8021CED
:10F4E00028BF1822416A01F1100051F8045B8142E3
:10F4F00044F8045BF9D1E5E76FF01500E4E76FF03D
:10F500006C00E1E76FF06900DEE7816149B10B68EB
:10F510002BB11B7C80F8243080F82C3070471B788E
:10F52000FFDE704790F8373091F83720C3F30213AD
:10F5300063F3061281F8372043694B6190F8363047
:10F5400081F8363091F8403090F8402062F305039E
:10F5500081F8403090F8403091F840209B0963F3E7
:10F56000871281F8402090F8413081F8413091F8BD
:10F57000383090F8382062F3000391F8372081F892
:10F58000383090F83730C3F3400363F3410281F819
:10F590003720D2B290F83730C3F3800363F382028E
:10F5A00081F83720D2B290F83730C3F3C00363F349
:10F5B000C30281F8372090F8383091F83820C3F32F
:10F5C000C00363F3C30281F83820D2B290F8383018
:10F5D000C3F3800363F3820281F83820838E8B8625
:10F5E00083684BB18B683BB1436A4B62836A8B6221
:10F5F000C36ACB62036B0B6390F83730C3F302131B
:10F60000012B08D190F8393081F8393090F83A3030
:10F6100081F83A307047022B0FD190F8393081F8D9
:10F620003930438F4B8790F83E3081F83E30838FDE
:10F630008B8790F83F3081F83F30704738B50446EB
:10F640000D46C3685868E06030B14DB10C30FDF72D
:10F6500097FAE3680028F5D0E3681BB9236138BD49
:10F66000008AF6E7DB68F9E738B50446C0680D465E
:10F6700088B171B10C30FDF783FAD4E90323D26865
:10F680009B1A834207D129462046BDE83840FFF740
:10F69000D5BF008AF1E738BDF8B5044616460F46D7
:10F6A000C06894F83730DA0715D4A6B10C30FDF7EE
:10F6B00067FA0546D4E90303C2689B1A3B44AB4290
:10F6C00011D194F83730DB0708D431462046BDE825
:10F6D000F840FFF7B3BF058A0026EBE70C30FDF7D3
:10F6E0004FFAA842F1D923693B442361F8BD0228AF
:10F6F00007D001280CBF14200020062903D11C309C
:10F7000070472820F9E7112901D1083070470129F5
:10F7100001D03A2900D1043070472DE9F74F002479
:10F720000646174668460D46A246DDE90C2306F05C
:10F730006DFFDDE90089DDE90C233046A346FDF7C6
:10F74000A3F9044628B9BAF1000F32D14FF0000AEC
:10F7500029E0BAF1000F16D1BBF1000F27D0CBF88A
:10F760000400638A9D4238BF6582638A4246ED1A6F
:10F7700068464B4606F06FFFDDE90023CDE90C2318
:10F78000002DD8D10FE05045CBF80400E9D1638AB1
:10F79000002FE6D03D44AB42E8D942464B4668468E
:10F7A000658206F058FF504603B0BDE8F08F8246F0
:10F7B000EDE75046D6F7D6FAC8E70346002003B96E
:10F7C00070471A8A5B681044F9E72DE9F84304464C
:10F7D0000F46164699469DF82080E368002B00F0FE
:10F7E00083800EB9304684E094F83730204613F019
:10F7F000010F0CBF41460021FFF736FFE0680028EB
:10F8000075D0B8F1000F1ED094F83730DD071AD448
:10F810000C30FDF7B5F9D4E90323D2689B1AC51A59
:10F82000002D64D0B54228BF3546B9F1000F2ED067
:10F830007FB9B8F1000F43D1424629462046FFF771
:10F840002BFF002731E02369C268058A9B1AED1A55
:10F85000E6E720692A46B8F1000F0DD039460FF0CF
:10F8600085F994F83730D90730D50122294620464A
:10F87000FFF712FF4FB9E4E7014638460FF076F97B
:10F88000424629462046FFF707FF2F440DE077B197
:10F890002A46396820690FF091F9B8F1000F09D1B3
:10F8A000424629462046FFF7F7FE761B95E7B8F15A
:10F8B000000FC1D094F83730DB0707D50122F0E7FD
:10F8C00094F83730DA0701D50122B6E7E068294617
:10F8D0000C30FDF72EF9424629462046FFF7DCFEA4
:10F8E000B9F1000FC6D1E0E7002E3FF47BAF6FF017
:10F8F0006800BDE8F8832DE9F04106460F4615463D
:10F900001C4606F0F8FC08B100252C46802F06D8CE
:10F910002A4623463046BDE8F041FDF7B5B8002041
:10F92000BDE8F08110B5B8B1BFF35B8F036A00F199
:10F930002002BFF35B8F7BB1591CBFF35B8F52E892
:10F94000004F9C4204D142E8001CBCF1000FF6D1EC
:10F95000BFF35B8FE8D110BD0020FCE708B1D6F7FC
:10F9600001BA704710B5044610B3BFF35B8F236A2A
:10F9700004F12002BFF35B8FD3B1591EBFF35B8F3D
:10F9800052E8000F984204D142E8001CBCF1000F7D
:10F99000F6D1BFF35B8FE8D1012B09DCA06808B179
:10F9A000FFF7DCFF21466068BDE8104006F059BA59
:10F9B00010BD38B5044608460D46FDF769F8A36842
:10F9C0004360A56038BD70B5044630B18568002637
:10F9D00025B9A068FFF7F1FE301A70BD05F10C00E3
:10F9E000FDF7CEF86D680644F2E738B5044670B10D
:10F9F00090F83720836812F0700FC2F3021507D118
:10FA00001846FFF7DAFE2046FFF7DDFF401B38BD42
:10FA10002846FFF76CFE05461846FFF7CEFEA842C3
:10FA200034BF2D1A0025EEE7F8B50446806800279C
:10FA3000054600B9F8BD038A46683BB9A36883420E
:10FA400007D1A6604760D6F78DF9284605463046AF
:10FA5000EFE76B68834208BF6E60F3E710B5846818
:10FA60002046FFF7AAFE884210D3411A4CB1238AE0
:10FA700060688B4207D3218218B1FFF76FFF002324
:10FA80006360002010BDC91A0446EFE76FF015004F
:10FA9000F8E78368C36003B1DB680361704710B5A2
:10FAA00082680C4622B98160BDE81040FFF7F1BFC3
:10FAB0001046FCF7EDFF2146BDE81040FCF7EEBF15
:10FAC0002DE9F04F85B0044615469A4602A88B46AC
:10FAD000DDE9106732463B4606F098FD2046324687
:10FAE0003B46DDE90289DBF7B3F80446D8B1594655
:10FAF0004246FFF70AFD90F837306AF3061380F8A4
:10FB0000373002A84B4606F0A6FD9DF8382029465E
:10FB10002046DDE90267CDE90067DBF785F918B11A
:10FB20002046FFF71FFF0024204605B0BDE8F08FF8
:10FB3000012307B5009300230A461946FFF745FE47
:10FB400003B05DF804FB1FB50123039103A90093E3
:10FB50000023FFF73AFE05B05DF804FB002307B56C
:10FB600000930123FFF731FE03B05DF804FB04228C
:10FB700013B50C460DEB0201FFF7F0FF019B1BBA1A
:10FB8000236002B010BD2DE9F04106460F46144631
:10FB9000F368002B49D0FB68002B46D00CB92046F7
:10FBA00027E001213046FFF75FFD38460021FFF7CF
:10FBB0005BFDF068D8B1FA68CAB1B2F810800C30B9
:10FBC0003B69D2689B1AA8EB0308FCF7D9FF0546EE
:10FBD000A045D6E90330DB68A0EB0303A5EB0305E2
:10FBE00001D9A54207D8454528BF454625B96FF03C
:10FBF0006800BDE8F08125462A4639690EF0B6FF57
:10FC000096F83730DB0704D4F06829460C30FCF74F
:10FC100090FF012229463046641BFFF73DFD00227C
:10FC200029463846FFF738FDB2E7002CB7D0DEE7AB
:10FC300070B1C3685BB1006950B1D9681A8A401AC3
:10FC4000101A5B6803B970471A8A1044F9E718461E
:10FC5000704783682BB9002914BF6FF0150000208E
:10FC600070471A8A8A422ABF1982891A00215B6862
:10FC7000F0E770B504460D4645B92046FFF709FF89
:10FC8000002D14BF6FF06800002070BD00212046D9
:10FC9000FFF7EAFCE1680029EFD02269C8680B8A07
:10FCA000121A9A1AE9D0AA42164628BF2E469B1B62
:10FCB000921B0B8205D0206981190EF065FFAD1BE8
:10FCC000DAE7A06820B14368A3604260D6F74AF83B
:10FCD0002046FFF7DEFEF2E710B5C26803467AB1B0
:10FCE000006938B1996800238A4204D1D268801A29
:10FCF000034498B210BD0C8A496823449BB2F3E7D1
:10FD00001046F7E72DE9F043044685B00D469146CD
:10FD10009846FFF7E1FF0746A068FFF74EFD002376
:10FD200094F837600246A1692846009306F0010660
:10FD3000CDE90298FFF7C4FE0546F0B194F83730DC
:10FD40002046214643F0010384F83730D4E9039874
:10FD5000FFF79FFEA068FFF730FD02462846FFF739
:10FD600012FF78B12846FFF7FDFD94F8373066F3AF
:10FD70000003C4E9039884F837300025284605B00D
:10FD8000BDE8F08395F837302046294643F001035B
:10FD900085F83730FFF7C6FB2846FFF77AFE17B124
:10FDA0003946FFF7C5FE95F8373066F3000385F84E
:10FDB000373094F8373066F30003C4E9039884F8C9
:10FDC0003730DBE74168FFF79DBF10B590F837107B
:10FDD000044601F0010181F00101FFF745FCE368F1
:10FDE0008BB1206948B194F83720D20706D5188A1C
:10FDF000D4E90323D2689B1AC01A10BD03F10C008A
:10FE0000FCF7BEFEF4E71846F7E710B50C46FFF71F
:10FE1000DCFFA04234BF0020012010BD73B5036990
:10FE200004460E46154699420AD1FFF7CEFFA84276
:10FE300006D32946204602B0BDE87040FFF778BEE1
:10FE400001232A46314620460093FFF7BEFC02B04C
:10FE500070BDF8B54E6804460D46FFF7B6FF864202
:10FE600003D823692B60286810E094F8373029689C
:10FE7000DB07F8D549B16A682046D4E90376FFF775
:10FE80006DFEC4E903760028EDD00020F8BDD1E96D
:10FE90000012FFF7C3BF704710B504464FF0FF32A2
:10FEA0004FF0FF332046E6F75FFF0028F6D0FDF75E
:10FEB000E0FAF3E700207047704707B5012300918F
:10FEC0006946ADF80430DBF74DF803B05DF804FB8C
:10FED00007B5022300916946ADF80430DBF742F81C
:10FEE00003B05DF804FB0268034642B9406840B9BC
:10FEF0009A683AB9D868B0FA80F040097047002093
:10FF000070471046704710B590F837001488C0F35A
:10FF10000210844223D1022C11D109686BB108313F
:10FF2000141D2046FFF7DFFF30B9102220460EF0E7
:10FF30005FFEB0FA80F0400910BD1831F0E7012CE7
:10FF40000FD1096843B101F10C0352684AB1186836
:10FF5000831A58425841EFE701F11003F5E70020FA
:10FF6000EAE70120E8E770B50446154671B30B884F
:10FF7000022B15D100F11C020B4601F1180053F8B9
:10FF8000046B834242F8046BF9D1081DFFF7ABFF05
:10FF900078B994F8443043F0400384F8443008E0E2
:10FFA000012B1DD10B68C3614B6803624B68002BAA
:10FFB000EFD194F8443043F0040365B143F01003EB
:10FFC0006DBA84F84430E583002070BD90F8443069
:10FFD00003F0BB03F1E723F0100384F84430F3E7A8
:10FFE0006FF01500F1E770B50446154669B30B884C
:10FFF000022B14D1021D0B4601F1180053F8046BBB
:020000040803EF
:10000000834242F8046BF9D1081DFFF76CFF78B901
:1000100094F8443043F0200384F8443008E0012B86
:100020001DD10B6843604B6883604B68002BEFD198
:1000300094F8443043F0020365B143F008036DBA0D
:1000400084F84430E580002070BD90F8443003F01F
:10005000DD03F1E723F0080384F84430F3E76FF0A1
:100060001500F1E738B50C460546D9F7EBFF0368F4
:1000700022689A4205D021462846BDE83840D8F784
:10008000FBBD012038BDF7B5042300250F466946A6
:1000900004461646CDE90053FFF7DBFE48B1077072
:1000A000694646708570C5702046FFF7F0FE03B0C4
:1000B000F0BD6FF06800FAE72DE9F34116680D46D0
:1000C000F3682BB96FF00405284602B0BDE8F08153
:1000D0008B6800226BBB95F83A1095F836300B44CC
:1000E000C3F57F43FC3313449FB21BB2032BE9DDFE
:1000F00042F2107200233944CDE900230123A8699C
:100100001A46DAF7CFFE04460028DBD0336906F141
:100110000C08A86903F0F003E02B0ED14146A86952
:10012000D8F7C2FD036806466BB92046FFF71AFCF4
:10013000C8E7198A5B680A44CCE710363146FFF7F6
:1001400091FF0028EAD195F84020314694F84030DC
:10015000204662F3050384F8403095F8403094F867
:1001600040209B0963F3871284F84020424600F048
:1001700079F902460028D8D101462046FFF783FFCF
:100180000028D2D129463A462046FFF7FCFC054616
:100190000028CAD12046FFF77CFC0121204600F050
:1001A00072F9002200232046FDF7AFF900288BDA10
:1001B000BBE7F7B5042300270E4669460446CDE9A0
:1001C0000073FFF746FE0546C0B187700221C77075
:1001D000A069FEF74FF900B956B101212046FEF79C
:1001E00021FB688094F8383043F0080384F83830F5
:1001F00069462046FFF74BFE03B0F0BD6FF0680084
:10020000FAE72DE9F047142386B005460024884616
:100210009146CDE90243FFF73CFC02A92846FFF7CF
:1002200018FE0646002865D0437A012B10D104231E
:1002300004A9284604940593FFF70BFE10B14378F8
:10024000072B05D86FF01506304606B0BDE8F087DD
:1002500006F1100AA8695146FFF704FF002849D1AA
:10026000737A112B49D0062B14BF0027282742F29E
:1002700010720023391DCDE900230123A8691A4615
:10028000DAF710FE0446D0B306F10C02514600F036
:10029000E9F860BB41464A462046FFF7F4FE0146B6
:1002A00028BB04222046FFF74EFC00BB3A462946F5
:1002B0002046FFF768FC0646C8B92046FFF7E9FB71
:1002C0000121204600F0DFF895F8252005F12601F0
:1002D000062A05D804F12E0084F82D200EF046FCE5
:1002E000002200232046FDF710F90028ACDA204652
:1002F000FFF738FB6FF00406A6E71C27B7E76FF09F
:100300000B06A1E7F7B5042300220E466946044612
:10031000CDE90023FFF79DFD074610B9022003B089
:10032000F0BD0221A069FEF7A9F8A8B906F11001F5
:10033000A069FFF797FE05460028EFD101992046F6
:10034000FFF7F6FB3A4631462046FFF7B6FD20465A
:10035000FFF708FB2846E2E701212046FEF762FA94
:100360000028E3D0DAE7006800F0F000A0F1E00335
:1003700058425841704738B50C460546D9F762FED9
:10038000036822689A4205D021462846BDE83840D5
:10039000D8F772BC012038BD10B500210446D8F74B
:1003A000E5FC20B92146BDE81040FFF7E4BF01207D
:1003B00010BD2DE9F74F99464FF0000814230F4662
:1003C000694605461646BDF830B0BDF838A0CDE9FF
:1003D0000083FFF73EFD0446002840D0452380F807
:1003E000019080F8028003704FEA1B2380F803809D
:1003F00003719DF8343080F805B05B0180F807A0E8
:1004000043EA1A23837195F83930037243B93046B1
:10041000FFF7A9FF6B69D0B1A3B193F8AA3023729B
:1004200000236372A372E372336823613B68E36065
:1004300014236946284685F83630FFF728FD03B0B7
:10044000BDE8F08FA869FDF7F9FE2072E8E713B167
:1004500093F8A930E3E7A869FDF7DAFEF5E76FF056
:100460006800ECE730B590F8405085B0002405F006
:100470003F0300949B0043EA9513CDE90144FFF745
:1004800098FF05B030BDF7B5142300250E46694628
:100490000446CDE9005390F8373043F0010380F86B
:1004A0003730FFF7D6FC074678B3A2682B46D2B99F
:1004B0005BBA7E7201217B80A069FDF7DBFF18B17A
:1004C0002046FEF74AFA788169462046FFF7DFFCAE
:1004D0004FF40063112EA38609D100212046DEF7D8
:1004E00067FB03B0F0BD118A52680B44DFE7062EAC
:1004F00004D100212046DCF74BFEF2E7012E07D1A4
:1005000000212046FFF755FEEBE76FF06800E8E7B3
:100510000020E6E72DE9F041142390B00F460022B9
:100520000DEB0301044690460791082108910BA9A1
:10053000CDE90323CDE9091383689BBB03A92046BA
:10054000FFF787FC054658B3067806F00F06B6009D
:10055000132E25D91423143E84F83630F6B242788F
:1005600094F84030920862F3050384F840304278F2
:1005700062F3871384F84030037A8BB184F83A60D1
:10058000418849BA89B241450ADC02DA2046FFF7C0
:1005900060FB5FB105F10C010846FFF7E4FE90B186
:1005A00002205CE01A8A5B689044C6E72B7C7F2BB4
:1005B000F6D02B7B7F2BF3D005F10C00FFF7ECFE80
:1005C0000028E7D0ECE7A069FFF7D5FE0028E7D1C7
:1005D000EB68A069002B45D00121A069FDF74EFF13
:1005E000002849D12B7A012205F1100784F839300F
:1005F00094F83730384662F3061384F83730FFF743
:10060000CBFE60B93846FFF7AEFE6B7A38B9112BD6
:10061000C6D1D9F717FD2B6902689A42C0D16B7A0F
:10062000062B05D13946A069FFF7A5FE0028B7D1F2
:1006300004992046FFF77CFA2EB131462046FFF799
:1006400077FA0028ACD16B7A0295062B1AD0112BC1
:1006500026D0012BA4D129462046FFF753FE10B027
:10066000BDE8F08105F11001FFF785FE0028B3D148
:100670006B7A022BB0D093E72046FEF76EF9002884
:10068000B0D08DE709A92046DCF7BAFD019000281B
:1006900086D001AB6A7A02A92046DAF767FEDEE768
:1006A00007A92046DEF7CCFAF0E700207047704734
:1006B000F7B5042300270E4669460446CDE90073CA
:1006C000FFF7C7FB0546C8B187704FF40061C770DC
:1006D000A069FDF7CFFE00B956B13A212046FEF7DA
:1006E000A1F8688094F8383043F0080384F8383073
:1006F00069462046FFF7CBFB03B0F0BD6FF0680002
:10070000FAE7F7B5042300250F4669460446164666
:10071000CDE90053FFF79DFB48B10770694646706D
:100720008570C5702046FFF7B2FB03B0F0BD6FF0D7
:100730006800FAE72DE9F34116680D464A8FB38841
:100740005BBA9B1A043B9FB21BB2032B05DC6FF014
:100750000405284602B0BDE8F08142F21072002381
:100760003946CDE900233A230222A869DAF79AFB39
:1007700004460028EBD0337E06F10808FF2B50D149
:100780004146A869FDF77DFC036801462BB9436823
:100790001BB983680BB9C368FBB300232046C4F8B8
:1007A0002E30638684F82C3084F82D30C4F826303F
:1007B000638584F8243084F8253094F8403095F827
:1007C000402062F3050384F8403095F8403094F8F7
:1007D00040209B0963F3871284F84020424600F0D2
:1007E00084F90246C8B981212046FFF78AFFA0B9E3
:1007F00029463A462046FFF7C6F9054668B920461D
:10080000FFF747F93A21204600F0D2F900220023F1
:100810002046FCF77AFE00289BDA2046FFF7A2F874
:1008200095E706F11801B8E72DE9F047054686B0CF
:1008300099460024282388469246CDE90243FFF7D3
:1008400028F902A92846FFF704FB0746002800F014
:10085000C08083793A2B18D1042303992846049445
:100860000593FFF765F904A92846FFF7F2FA18B1D6
:1008700090F90030A34205DB6FF01505284606B05D
:10088000BDE8F0872846FFF704F9BB79112B67D044
:10089000062B67D0AB680020002B5DD195F8253082
:1008A0000222002402FB030142F210730431CDE95D
:1008B00000343A23A869DAF7F5FA0446002800F074
:1008C0008B8095F8252005F12601FFF7A7FA061E73
:1008D0003DDBA36804F12E0095F82D20D9680EF0B9
:1008E00045F995F82D2005F12E012046FFF796FADF
:1008F000061E2CDBA06895F82D100C30FCF730F9A3
:10090000A66895F8252004F1260056F80C1F0EF075
:100910002DF995F825103046FCF722F995F82D3081
:1009200007F1180184F8253095F8253084F82D302A
:100930003B7EFF2B03D1A069FDF7A3FB014607F126
:100940000802204600F0D1F870B16FF0040620468E
:100950003546FFF707F891E71A8A5B6810449BE772
:1009600030209BE73C2099E7414652462046FFF75E
:10097000C8FE01460028E8D1B8F1040F24D199FA45
:1009800089F3424604A920460493FFF747FA064636
:100990002046FFF718F80246002ED8D129462046F7
:1009A000FFF7F1F805460028D1D12046FFF771F88E
:1009B0003A21204600F0FCF8002200232046FCF7F4
:1009C000A4FD0028C3DB59E704222046FFF7BBF84B
:1009D000DDE76FF0040551E76FF00B054EE70022ED
:1009E000042373B50E4669460446CDE90023FFF79C
:1009F00030FA054610B9022002B070BD4FF4006114
:100A0000A069FDF73BFD68B901992046FFF790F812
:100A10002A4631462046FFF75BFA2046FEF7A2FF42
:100A20000020E9E73A212046FDF7FCFE0028EBD044
:100A3000E1E70378013BDBB2037013B9C36803B18C
:100A400018477047027801320270704770B501464E
:100A500005890022954201DC00200BE00C686388C8
:100A600010335343E65CE0182EB900F110028260A7
:100A70000122E25470BD0132ECE7026803464AB934
:100A8000406848B99A6842B9D86800F17F43584233
:100A90005841704700207047104670470378FF2B7D
:100AA00006D1407800F00F00431A58425841704771
:100AB000002070474A8843889A4214D18A888388E4
:100AC0009A4210D1CA88C3889A420CD14B684268B6
:100AD000934208D18268934205D1C368C868C31A9B
:100AE000584258417047002070472DE9F3412823B0
:100AF0004FF000080E46694605461746CDE90083CB
:100B0000FFF7A7F9044600284FD095F8402080F859
:100B1000028002F03F0380F8038080F804809B008D
:100B200080F8058080F8068043EA92121B091201C2
:100B300043F060034270037095F83930C3713BB9DC
:100B40003A786B69FF2A28D113B393F8AA30E3717E
:100B50003A4604F1180307F1100152F8040B8A42D7
:100B600043F8040BF9D1083406F1100356F8042BAE
:100B70009E4244F8042BF9D128236946284685F87B
:100B8000363000236B87FFF782F902B0BDE8F081B1
:100B9000A869FDF735FAE071DAE713B193F8A930E7
:100BA000D5E7A869FDF742FAF5E76FF06800ECE7D2
:100BB00073B5282300250E4669460446CDE9005347
:100BC00090F8373043F0010380F83730FFF741F9F0
:100BD00018B96FF0680002B070BDA2682B46EAB980
:100BE000283B6946C3F3072242EA0323838094F833
:100BF0003F30FF2B08BF334683712046FFF747F98C
:100C000094F83F30FF2B0DD148F2DD63112EA386FF
:100C10000FD100212046DDF7CBFFDCE7118A5268B7
:100C20000B44DCE7618F2046FEF782FF0028EBD003
:100C3000CFE7062E04D100212046DCF7A9FACAE747
:100C40003A2E04D100212046FFF732FDC3E70020F1
:100C5000C1E730B585B00D460A9C08B9D7F79CFBB3
:100C6000D8F7AEFB5DBB48F2FE03009301956378B5
:100C7000062B29D0082B44D0022B10D12378012B2E
:100C80000DD100230293FF238DF80B30FE23ADF826
:100C90000C30A3788DF80E30E3788DF80F306C4669
:100CA000099A04AD2346083203CBAB4242F8080C44
:100CB00042F8041C1C46F5D1002005B030BD2B685D
:100CC00000936B680193D2E7237962888DF80A302C
:100CD000FF23ADF808208DF80B30FE238DF80C3083
:100CE000B4F80530ADF80D30E3798DF80F30237886
:100CF000032B02BF9DF8083083F002038DF8083003
:100D0000CDE76FF01500D8E708B5DBF7E5FCBDE8E7
:100D10000840DBF79DBD0268034642B9406840B910
:100D20009A683AB9D868B0FA80F040097047002054
:100D300070471046704710B1006800B1103070471E
:100D400008B503460846996131B1FFF7F4FF027810
:100D500083F8242083F82C2008BD7047002200234C
:100D600010B50446C0E90A23006818B1FEF7FAFD81
:100D70000023236010BD38B504468068FFF7EEFFFE
:100D80000021A36800200025C3E90601A3682046CE
:100D90001D62FFF74EFE29462046BDE83840DAF7CF
:100DA000C7BC48B1006838B1BFF35B8FC068BFF300
:100DB0005B8F084100F00100704708B505F024FC86
:100DC0000A220023D0F79CFA08BD73B58DF80430D1
:100DD000D3080D46144601A9022206468DF80530B7
:100DE000FFF71CF810B1002002B070BDA91C6A7892
:100DF0003046FFF713F801460028F4D16B783046EF
:100E0000E21A023AFEF79FFEB0FA80F04009EBE7E3
:100E100010B5044605F06FFA421E204663EB03034B
:100E2000BDE81040FCF771BB062370B51546537042
:100E300090F825200C46A91C06469A4228BF1A465F
:100E40006A70FEF78BFE68B9E1006B780239C91A47
:100E500011F0FF0108D03046FEF76AFEB0FA80F0CC
:100E6000400970BD0020FCE70120FAE7FEF760BEF4
:100E700028B1062A03D8427002300DF077BE7047C1
:100E8000704738B504460D46DAF778FF2946204604
:100E9000DAF752FF0446DAF77BFF204638BD2DE92A
:100EA000F043914685B000229846142307460D462C
:100EB000CDE90223FFF73FFF46784FF47A72002313
:100EC0000936384606F0F806CDE9002306F114018C
:100ED0003A230222D9F7E6FF0446002852D0FF2326
:100EE0004A46294680F83930FFF7FFFD024640B1F7
:100EF0006FF068052046FEF735FD284605B0BDE8D1
:100F0000F08388212046FFF7FCFB81460028EFD1C3
:100F100002A92046FEF79DFF05460028E8D01322CF
:100F2000494601300DF04AFE9DF8303008F11002BC
:100F300005F8043B434653F8041B934245F8041B51
:100F4000F9D102A92046FEF7A2FF05460028CFD11D
:100F500038460223FFF7EFFE324601462046FFF7F0
:100F600034FF0028C4D02046FEF793FD3A212046E6
:100F7000FFF71EFE2046FFF74BFF0028BDDA6FF09B
:100F80001505B7E76FF00B05B7E7024608461AB13B
:100F900052680AB1D2F828210023DAF7F5BD2DE90D
:100FA000F0411F468AB014230024D2F800800D4679
:100FB0008A68CDE9024301AB04930223059352B939
:100FC0000B21A869A4B2FFF7ECFE40B16FF004005A
:100FD0000AB0BDE8F081138A52681C44EFE702A909
:100FE0002846FEF736FF06460028EFD0412C0DD9E3
:100FF00098F80730FF2B09D10379FF2B06D003782F
:101000005B0606D598F81830FF2B02D17B78002BB1
:10101000DCD1039928462C3CFFF728FF14234FF01E
:101020000008A4B204A9284685F83E30FEF711FF57
:1010300028B143781BB195F83E10A14213D3341D5B
:10104000A8692146FCF7B1FE40B390F92930002B86
:10105000BCD1B28848F2FE03A8699A42B6D02146B4
:10106000D7F7F6FFB2E70278022A07D16A8F95F820
:10107000368006320A4490441FFA88F801EBC30315
:10108000DBB28B4285F83E30A0D905992846FFF7A0
:10109000EDFE04A92846FEF7DCFEC9E7CDE906000F
:1010A000DAF76CFE2146A869DAF746FE0446002806
:1010B0003CD0B8F1000F12D14378FF2B36D06078C6
:1010C000DAF75AFB074688B3A36893F83030B8F1D3
:1010D000000F35D153B333785B065CD58BE095F8C0
:1010E000253028468DF81930FEF7D3FC41462846B6
:1010F000FEF71EFDD0B99DF819200DF11A01284602
:10110000FEF72CFD90B96378FF2BD8D19DF81920FC
:101110000DF11A0108A8FFF7ABFE08AAA96920463D
:10112000DAF7A0FA30B12046FFF725FEDAF730FEF5
:1011300000204DE76078DAF71FFB07460028F5D05E
:101140007A78B91C0DF11A000DF052FDA36893F8DE
:101150003030002B34D140B13846DAF7D9FD7A78F7
:101160000DF11A013846FFF783FE337858064FD544
:1011700001212046DAF752FDA26800230020002159
:1011800082F83430A268C2E90601A26813622146DF
:10119000A869FFF7FAFE3378A268DB0982F83530D8
:1011A000A3681D68002DC1D02846FFF731FE002836
:1011B00033DAA068FFF7D2FD2846FEF7D3FBB5E788
:1011C0003278910608D4002885D0012BAED10221B7
:1011D0002046DAF723FDA9E700283FF47CAF384624
:1011E000DAF796FD7A780DF11A013846FFF740FEDE
:1011F00033785A060CD501212046DAF70FFDA36893
:10120000002000210022C3E90601A3681A62BEE79C
:1012100002212046DAF702FDBDE7A36800221A602A
:10122000CAE72DE9F0470D468EB0002198461423F9
:101230001468A8680A46CDE9041303AB0693022399
:10124000079360B98DF821000B21A86996B2FFF7CA
:10125000A8FD40B16FF004000EB0BDE8F087038A2E
:1012600040681A44EDE704A92846FEF7F2FD074658
:101270000028EFD03F2E02D9E379FF2B06D03B792F
:10128000FF2B03D198F80130002BE3D105992846B4
:10129000FFF7ECFD14232C3E06A9284685F83E30C6
:1012A000FEF7D7FD04F10808B6B28146B9F1000F88
:1012B00006D099F801301BB195F83E30B34231D3D6
:1012C00007F10409A8694946FCF76FFD824638B367
:1012D00004F10807061D04F118083846FFF71BFD46
:1012E0000146002800F09380A26940F2FF239A4251
:1012F00016D1E269A2B9236AB3F1807F10D1636A83
:10130000DBB2FF2B0CD19AF929309BBBBAF8042031
:1013100048F2FE03A8699A4202D03146D7F798FEF8
:10132000002099E707992846FFF7A0FD99F80030BB
:10133000012B10D095F83E2099F8013002EBC30341
:10134000DBB2934285F83E3084D906A92846FEF7E1
:1013500080FD8146AAE74046FFF7DDFC00287FF4C8
:1013600079AF08AA99F801102846FFF75DFD00281B
:10137000E0D16FE74FF0FF33237602236376A27646
:10138000E27622776277A277E27784F8202084F8E9
:10139000212084F8222084F8232084F8242084F853
:1013A0002520012384F8262084F827300AAC414602
:1013B000A869FCF766FE2346024600F1100E10688D
:1013C000083252F8041CA4467245ACE80300644697
:1013D000F5D11A463C460DF1380C1346083403CBC0
:1013E000634544F8080C44F8041C1A46F5D120243F
:1013F000B9469DF82130A86943BB00943346424664
:101400004946A869FFF74BFD002889D022E73846F6
:10141000D7F72CF9002883D1A26940F2FF239A4222
:1014200009D1E3693BB9236AB3F1807F03D1636AD1
:10143000DBB2FF2B07D04146A869FCF7B6FC0028B9
:101440003FF46EAF061DB8466024D2E7002308AA19
:1014500039460093DAF75CFE0028CED1FAE6012384
:1014600007B504310193002300911A461946DAF7B3
:1014700053FD03B05DF804FBF0B587B000232822CC
:10148000044604A90393CDE90432FEF7E2FC0646C4
:10149000002863D094F82D30002B4BD1037EFF2B16
:1014A00048D00121A069FFF77CFC002842D10B2124
:1014B000A069FFF776FC00283CD106F1180503A8C7
:1014C0002946D7F7ABFA002836D003992046FFF714
:1014D00037FC039B4BB9294603A8D7F79FFA00288E
:1014E00047D003992046FFF72BFCDAF747FC294643
:1014F0000398DAF721FC0746002844D04078FF28FB
:1015000041D0DAF739F94278811C04F12C00FFF759
:10151000AFFCBB6893F83030022B09D13846032169
:10152000DAF77CFB41F2883200233846DAF72CFBED
:10153000DAF72EFC002012E0328B48F2FE039A42CA
:10154000C7D02946DBF7DAF9074650B100F061FA57
:1015500005460028BDD13846DBF76EFA022007B0F9
:10156000F0BD2946FCF732FD0028BED000F1080589
:10157000AFE72946FFF785FC10B141680391B1E759
:10158000A3690393B1E7DAF703FC94F83730A06955
:10159000214613F0080F4FF000030CBF06F10802BC
:1015A0001A46CDE900530023DAF7B6FC0120D6E74E
:1015B000F0B540F2FF2387B00746ADF808300026AB
:1015C000ADF80A60ADF80C60ADF80E60ADF81060D3
:1015D000ADF81260ADF814604FF40073ADF816303A
:1015E00002A9FCF74EFD0546FFF795FB30B93846DA
:1015F000FFF7A1FB4478093404F0F8064FF47A723F
:101600000023311D3846CDE9002301F0FC013A23C7
:101610000222D9F747FC044600283AD0FF2302AA49
:10162000294680F83930FFF760FA024638B16FF08A
:1016300068052046FEF796F9284607B0F0BD8521DB
:101640002046FFF75EF801460028F0D1042220462C
:10165000FEF779FA05460028E9D176B92046FEF76B
:1016600018FA3A212046FFF7A3FA2046FFF7D0FBED
:101670000028E1DA6FF01505DBE738460123FFF7B4
:101680005AFB324601462046FFF79FFB0028E5D172
:10169000CDE76FF00B05CFE7FFF78ABF07B549BA73
:1016A0000222ADF806100DF10601FEF7B7FB03B0FC
:1016B0005DF804FB70B588B00C460546164603ABD2
:1016C00001A9019314230293FEF7C3FB18B96FF02D
:1016D000680008B070BD0023214604F110020670B6
:1016E00043708370C370031D51F8040B914243F89B
:1016F000040BF9D101A92846FEF7C9FB0028E8D060
:10170000E5E770B50546FEF7C4F93A2100262846FC
:10171000FFF74EFA04F0EFFD421E284646F1FF3374
:10172000FBF7F3FE041E04DA2846FEF71BF92046F9
:1017300070BD3446FBE748B1006838B1BFF35B8F3A
:10174000C068BFF35B8F084100F00100704770B5BF
:1017500040F2FF2386B004460D46ADF80830002362
:10176000ADF80A30ADF80C30ADF80E30ADF81030F1
:10177000ADF81230ADF814304FF4B053ADF8163068
:10178000012602A980F839608069FCF77AFC02AA78
:1017900001462046FFF7A9F918B16FF0680006B0BE
:1017A00070BD3A2332460DF1070120468DF807300F
:1017B000FEF734FB0028F0D18DF8070032460DF11A
:1017C00007012046FEF72AFB0028E6D140F202512D
:1017D0002046FFF763FF01460028DED12046FFF7D1
:1017E0005DFF01460028D8D12046FFF757FF02468B
:1017F0000028D2D108238F2120466387FEF781FF7E
:1018000001460028C9D12046FFF748FF0028C4D16F
:1018100029462046FFF742FF0028BED184F83F004A
:10182000BDE72DE9FF471F46002518230E46D2F8D5
:1018300000808C68CDE9025384B93046FEF7F8F990
:1018400017287DD902A93046FEF703FB814648B927
:101850006FF00405284604B0BDE8F087238A646869
:101860001D44E9E703993046FEF762F9B9F81630EE
:10187000ADB25BBAA9F81630728F443202EB031294
:1018800092B2AA42E4D8B2F5A06FE1D898F8073036
:10189000012BDDD17B78002BDAD1D8F7D7FB1022D2
:1018A000014609F104000DF0A3F905460028CFD147
:1018B000B06923461C21476801FB037292F8982007
:1018C000D60702D5960748BF01340133032BF3D165
:1018D00014214FF4FA7200236143CDE900230C3147
:1018E0003A230222D9F7DEFA064658B3A1B2FFF72F
:1018F0002EFF041E21DB07F184094FF000084FF092
:101900001C0A0AFB087393F89830DA070CD408F124
:10191000010809F11C09B8F1030FF2D13046FFF7B5
:10192000F0FE041E96DA08E09B07F0D50222494635
:101930003046FFF7BFFE041EE9DA3046FEF712F824
:10194000254687E76FF0680584E773B500231646E0
:101950004FF4FA720C463021CDE900233A230222DB
:10196000D9F7A0FA0546C8B10121FFF7F0FE28B16A
:101970006FF068042846FDF7F5FF0CE0324621467B
:101980002846FFF797FE0028F2D12846FFF7B9FE58
:1019900004460028EED1204602B070BD6FF00B0463
:1019A000F9E7704710B5044604F0A5FC421E204636
:1019B00063EB0303BDE81040FBF7A7BD69B14B78AB
:1019C000062B0AD80B780230023100F8023C11F8DD
:1019D000012C00F8012C0DF0C9B8704703680022F3
:1019E00003B970478B420FD10B683AB94268036064
:1019F000914200D1436000230B607047136043683D
:101A0000994208BF4260F6E71A461B68E8E770474C
:101A1000704710B5044678B1DAF7B0F963684BB196
:101A20005A68946824B10434DAF7B2F9204610BD3C
:101A30001B68F4E7DAF7ACF90024F7E7F8B50746D6
:101A40000C4616461D46DAF799F921463846FFF747
:101A500018FA20B1002333602C6001240BE02146EA
:101A60003846DAF74BFF306048B1FFF7D2FF041E6B
:101A7000286018BF0124DAF78BF92046F8BD21460B
:101A8000FCF7A4FA04460028F5D00834E4E7F8B5DA
:101A90000D460446DAF772F900202946FFF7F1F9FE
:101AA0000646A0B34078D9F767FE0546A8B394F878
:101AB0002530ABB34278811C04F1260004F12407E1
:101AC0000DF096F860B394F83730A16943F008033D
:101AD00084F8373011B1096801B110313846FFF789
:101AE0006DFF294604F12C00FFF768FF7368A361BE
:101AF00033B11B68BBB11B7C84F8243084F82C30D4
:101B0000DAF746F92046BDE8F840FFF74BBF6FF023
:101B10000104DAF73DF92046F8BD6FF00204F8E75A
:101B20006FF01504F5E71B78FFDE38B504460D4667
:101B300090F83730816129B943F0080380F83730D5
:101B40004B78FFDE0A6812B3127C43F0080326309C
:101B500000F8022C82714374096839B14A7C123151
:101B60000DF004F82B681BB91B78EAE74B78E8E71F
:101B70001B7C84F824302B680BB95B78E1E75B7C35
:101B8000204684F82530BDE83840FFF70BBF1378B6
:101B9000D7E7D0F82832B0F84822934206D2B0F8FE
:101BA0004C22934234BF002001207047012070472F
:101BB00010B5D0E98A128A4211D8B0F848329A4258
:101BC00010DAB0F84C42A2420CDA981AA41A891A18
:101BD000A042A8BF20468842A8BF084610BD6FF0AB
:101BE0002100FBE70020F9E74B68D0F83C121BBA54
:101BF0005A1A002AA1BFB0F844225218981AC00FEE
:101C0000B8BF0020704713B5044601210DF107004D
:101C1000D4F7C4F89DF80730C82203F50073534386
:101C20005B0AA4F84A3202B010BDE5F70BB910B553
:101C30000446FDF72EFF94F83730C3F30213012B4F
:101C400005D120460621BDE81040FEF71CBC022B42
:101C500005D120460621BDE81040FEF7A9BF6FF070
:101C6000150010BDE4F7B8BF10B5044610463AB1F0
:101C70004968D4F83C2209BA521A801A03B10130DB
:101C800010BD0346002003B970471A8A5B681044F0
:101C9000F9E738B504468068FFF7F3FF88420D4640
:101CA00011D32046FDF7F5FE94F83730294620463B
:101CB00043F0010384F83730FDF7DBFF2046FDF7E2
:101CC000B3FE002038BD6FF01500FBE7D6F7DEBA93
:101CD0002DE9F74F90F836700446438F1F4407F103
:101CE000140A2046FDF7D5FE94F8373039462046D1
:101CF00043F0010384F83730FDF71AFF08BB1421C5
:101D00002046FEF782F8002856D1A068D4F80C804F
:101D1000FFF7B7FF5045D8F8046012D34FF47A723A
:101D2000002314212046D8F783FF054648B100F16F
:101D30000C094846FAF724FF132806D82846D4F79A
:101D400011F8002003B0BDE8F08F4846D5F80CB07C
:101D5000FAF716FF14230146584600933B46A26843
:101D6000FAF7B8FE14214846FAF7E3FEB8F8102057
:101D7000D4E90313C9685B1AD31AD21AC3F1140940
:101D8000A8F81020B9F1000F03D16E60C8F8045014
:101D9000A7E7318A06F10C00494528BF4946A9EB5F
:101DA0000109FAF7D5FE338AD6F804B013B93046E4
:101DB000D3F7D8FF5E46E5E72069C3E710B50446D0
:101DC000FFF786FF0146A068FFF75BFF628F94F87C
:101DD000363013440A7BC31A1209A3EB820020EAAF
:101DE000E07010BDF8B591F8373005461746084643
:101DF000C3F30213012B04D0022B1DD06FF015008A
:101E0000F8BD8B68DC68FFF763FF064610B96FF01A
:101E10006800F5E71822002128460CF0CFFE012FBC
:101E200007BF33880C34738810346B8023686B6071
:101E3000012300202B80E3E78B68DC68FFF748FF75
:101E400006460028E3D00021182228460CF0B6FEF2
:101E5000012F05F1040207BF318804F108037188DE
:101E600004F11803698003F1100153F8040B8B424D
:101E700042F8040BF9D10223DBE710B586B0044623
:101E80006846FFF7AFFF00280DDB23886946204630
:101E9000012B14BF182208220CF0AAFEB0FA80F021
:101EA000400906B010BD0020FBE72DE9F843856826
:101EB00007468846144625B95ABB1646BD689DB9E3
:101EC00032E02846FAF7E4FD00F10C0605463046FC
:101ED000FAF74EFE844204D93046FAF749FE211A39
:101EE00018D10026002DE9D0F4B105F10C094846BF
:101EF000FAF73EFE84421AD34846FAF739FE0746FF
:101F000041463A464846B844FAF719FEE41B6D6864
:101F1000D5E711464FF47A7200233846D8F7D4FE3D
:101F2000061EDFDA6FF068063046BDE8F883274604
:101F3000E6E7E4F7C9BE38B5A0F1A00504464FF0C6
:101F4000FF324FF0FF332846FFF78CFE54F8BC3CBD
:101F50009868D3F707FF54F8BC3C002228469A60E3
:101F6000BDE83840FFF7E5BFBFF35B8F50E8003FA7
:101F7000013340E80032002AF8D1BFF35B8F70478D
:101F800070B5A0F1700504464FF0FF324FF0FF33FB
:101F90002846FFF767FE4FF0FF324FF0FF33284629
:101FA000FFF760FE54F8806C3EB92846FFF7C1FF8A
:101FB0002846BDE87040FFF7BCBF54F87C2C28468B
:101FC0003368964244F8803C08BF44F87C3CFFF7F5
:101FD000B0FFA6F11C00DAF79BFEDCE773B500F159
:101FE000280604464FF0FF324FF0FF3330460D46CF
:101FF000FFF738FE0123304684F83432FFF799FFAB
:1020000094F8553213F001031BD0636A2BB160685A
:102010002946426898470023636294F855326FF36B
:10202000000384F8553204F13C00E4F731FF04F179
:102030005400E4F7CBFE204602B0BDE87040DAF76A
:1020400057BF6068866C002EF1D062691946CDE9F1
:1020500000521A46B047EAE76FF07301A0F5E4704A
:10206000FFF7BCBF6FF07301A0F59470FFF7B6BF28
:102070006FF07301A0F5E470FFF7B0BFF8B5034649
:10208000154608461A8C5E6D012A0BD1D9B196F817
:102090003412042911D90824224606F5FC710CF0EB
:1020A00065FD01E019B918241DBB0020F8BD96F8A4
:1020B0003412042909D91824EEE7596A09684160E5
:1020C0005B8C028043800824EEE7022A18D15A6A0A
:1020D000011D02F1100452F8047BA24241F8047B76
:1020E000F9D15A8C42800222028093F8283003757D
:1020F000D9E7224606F5047128460CF037FDD4E7EF
:102100006FF01500D2E72DE9F0418AB01424804623
:1021100005AB04940393FFF7DBFD054600284DD083
:10212000437B58074AD498F837204FF47A7000213F
:102130000623C2F30212CDE900012146D8F81800A7
:10214000D8F7B0FE0746002838D098F83730C3F3E8
:102150000213012B35D1D8F80830D96801F10C02EF
:102160001031FEF77FF9002846DB03A93846FDF75A
:1021700070FE044600283FD0142200210CF01EFD02
:102180006B8823802B8863800522237B62F30713EF
:1021900023736B7BD9061FD504236373AB6863601D
:1021A00003A93846FDF773FE002825DB3846FFF704
:1021B0003EFD002820DB3846DAF7AAFD0AB0BDE86C
:1021C000F081022B18D1D8F80830D96801F1080243
:1021D0001831FEF78AFCC6E76B6840461EBAFFF767
:1021E000EDFD6A7B331892074FF0140248BF0133AC
:1021F00062731BBAA360D3E73846FDF7B3FBDDE794
:10220000B0F8A63043F00603A0F8A63000207047CF
:1022100008B50B4609B100219847002008BD436D61
:10222000816403B15A610020704708B54268B2F872
:10223000A630C3F3C203012B0DD192F9A800FFF71A
:1022400045FD28B1006800B1008B283880B208BD78
:102250004FF41070F9E7022B0CD192F9A800FFF7A8
:1022600035FD20B1006800B1008B3C38EEE74FF43B
:10227000A060FAE70020EAE710B4D0F83842002264
:10228000D0F82C32234410BCDAF7E6BF38B5A0F5FD
:10229000B074A0F5C4754FF0FF334FF0FF32204605
:1022A000FFF7E0FC28461021FFF7E6FF2046BDE8D7
:1022B0003840FFF73EBE2DE9F3410446FFF778FCB6
:1022C000054694F88C30D80720464CBFB4F8886097
:1022D0004FF40676FFF7A9FFB04218DD94F88C3072
:1022E000D90770D5B4F888309D426FDBB4F88850B8
:1022F0002046FFF79AFFA84215DD94F88C30DB07E3
:1023000016D5B4F88850ADB96FF03C0563E02046AF
:10231000FFF78BFF854259DB94F88C30DA07E5D460
:102320004FF40675E4E72046FFF77FFF0546EAE72E
:102330004FF4067563684FF47A700021B3F8A62055
:102340000623CDE90001C2F3C20229462069D8F76D
:10235000A9FD0646F0B1A768D4F82C82FDF799FBD9
:102360003846FDF796FBB8F1000F09D097F83730E3
:102370004146384643F0010387F83730FDF7D8FB74
:102380002A4639463046FDF7FEFB002805DA30467E
:10239000FDF7E8FA6FF068051DE0D4F8382218213F
:1023A000D4F82C32204613443246DAF755FF07465C
:1023B00020B9D4F82C322B44C4F82C3230463D4698
:1023C000FDF7D0FA07E0B5F5067FA9DA2046FFF75A
:1023D000EFFB051E97DA284602B0BDE8F08138B55C
:1023E00090F88C300446D80720464CBFB4F888508B
:1023F0004FF40675FFF719FFA84226DD94F88C30DC
:10240000D90727D5B4F88830B4F84222B3EB520F7D
:102410004FEA520012DA94F88C302046DA074CBFAB
:10242000B4F888504FF40675FFF7FFFEA84214DD9C
:1024300094F88C30DB0714D5B4F88800B4F8443233
:102440008342CCBF0020012038BD2046FFF7EDFEBF
:102450000346D9E74FF40673D6E72046FFF7E5FEBB
:10246000ECE74FF40670E9E770B5B0F84432044683
:102470005B181CD4B0F842529D42A8BF1D462046AE
:10248000FFF7ADFF0646A4F844522046FFF7A7FF2A
:102490007EB170B994F83432052B41D104F5C47083
:1024A00003F005FF10212046FFF7E6FE38E0002587
:1024B000E5E794F88C30D80720464CBFB4F8885034
:1024C0004FF40675FFF7B1FEA8422BDD94F88C306F
:1024D000D9072BD5B4F88800B4F84222B0EB520FDC
:1024E0004FEA520312DD94F88C302046DA074CBFD5
:1024F000B4F888504FF40675FFF797FEA84218DD30
:1025000094F88C30DB0719D5B4F88830B4F844124D
:10251000B4F84222914203D1B4F840229A42B9DD84
:10252000002070BD2046FFF780FED5E74FF406700F
:10253000D2E72046FFF779FE0346E7E74FF406733C
:10254000E4E770B5446D05460E468CB128344FF073
:10255000FF324FF0FF332046FFF784FB686D3146B2
:10256000FFF782FF05462046FFF7E3FC284670BDD3
:102570006FF06A05FAE7F8B5044600252046FFF734
:1025800017FB061E08DD94F8553259070DD5204675
:10259000FFF791FE051EF1DAD4F8283204F58470B5
:1025A00023BB04F011F82846F8BDD4F82C32002BD8
:1025B000EDDD94F88C302046DA074CBFB4F8887013
:1025C0004FF40677FFF731FEB84208DD94F88C30FF
:1025D000DB0708D5B4F888008642D8DADCE7204665
:1025E000FFF723FEF8E74FF40670F5E703F0ECFF82
:1025F0000843D8D12046DAF7A9FBD4E72DE9F84FF4
:10260000456D0C4616469846002D7DD095F834321F
:10261000052B79D105F128074FF0FF324FF0FF333A
:102620003846FFF71FFB2846FFF7B3FA002868D1AA
:10263000B5F84832D5F828229B1AB8F1000F35D0EA
:10264000D8F80C108146814240D199454FF0000ADC
:1026500028BF99465646D8F80C30534510D9D8F8BB
:102660000830A86803EBCA0253F83A1052684A458A
:1026700028BF4A469346FFF718FC041E2EDAFEB127
:10268000D5F828323344C5F8283295F83532012B75
:102690002BD02846FFF76FFF041E26DA14F1690FCE
:1026A00023D021462846FFF799FC09E09E422146A7
:1026B000A86828BF1E463246FFF7F7FB041EDFDA84
:1026C0003846FFF736FC2046BDE8F88FD8F80820DA
:1026D00002EBC002013052689144B4E7B9EB0B0938
:1026E0005E44CDD00AF1010AB5E72846FFF751FA5A
:1026F00028B10022002305F15400FFF796FA344672
:10270000DEE76FF00A04DBE76FF07F04DBE738B544
:1027100090F88C300446D80720464CBFB4F8885057
:102720004FF40675FFF781FDA84223DD94F88C3045
:10273000D90723D5B4F8880094F88C30A4F84C025B
:102740002046DA074CBFB4F888504FF40675FFF7FF
:102750006CFDA84215DD94F88C30DB0715D5B4F874
:10276000880000EB400080B20023A4F84E02A4F8D9
:10277000503238BD2046FFF758FDDDE74FF40670B4
:10278000DAE72046FFF751FDEBE74FF4C960EBE7CE
:102790002DE9F041456D0C4616461F4605F1280807
:1027A0004FF0FF324FF0FF334046FFF75BFA012C4A
:1027B0000AD0023C032C12D86FF06C044046FFF79D
:1027C000B8FB2046BDE8F081042F0AD13268012A07
:1027D00007D895F8553262F3820385F85532002404
:1027E000ECE76FF01504E9E72DE9F041D0F85480EB
:1027F0000C4616461D4608F128074FF0FF324FF0F1
:10280000FF333846FFF72EFA012C0AD0023C032C86
:102810000FD86FF06C043846FFF78BFB2046BDE8FD
:10282000F08198F85532C3F3800333600DB104236F
:102830002B600024EFE7406D54307047406D3C3012
:1028400070477FB508230E46044615460DEB03017D
:10285000CDF808D00393FDF7FCFA60B100230680A1
:10286000458002A9037143718371C3712046FDF74E
:102870000EFB04B070BD6FF06800FAE748B1006865
:1028800038B1BFF35B8FC068BFF35B8F084100F0C6
:102890000100704708B50B460968024621B90321BB
:1028A000FFF7ECFF00B91A6008BD012088407047AF
:1028B0004FF0B042D2F8803023EA0003C2F88030F3
:1028C00070470022122008B51146D2F729FD1220C8
:1028D000BDE80840D2F7F4BC0A460121F9F799BFD8
:1028E000D0E92832C0F8A8205B681A68936823F002
:1028F000004323F03F0343F0040393607047034613
:10290000083810B4BFF35B8F50E8002F511C40E82B
:102910000014002CF8D1BFF35B8F12B910BCFFF785
:10292000DFBF6FF00F0210BC9A66704738B583683E
:102930000446DA0715D401230A250360836823F0CF
:10294000004323F03F0343F0010383602368DB0768
:1029500007D4642003F0F8F9013DF7D16FF073005C
:1029600000E0002038BD8368D90726D583685A0760
:102970000AD5836823F0004323F03F0343F010039C
:10298000836083685B07FCD4836819070AD5836872
:1029900023F0004323F03F0343F020038360836868
:1029A0001A07FCD4836823F0004323F03F0343F06D
:1029B000020383608368DB07FCD4704770B503882B
:1029C0000C889C4226D814889C4223D344884D8886
:1029D000A5421FD85588A5421CD385888C88AC4257
:1029E00018D89488AC4215D3C488CE88A64211D892
:1029F000D688A6420ED30089098981420AD8128955
:102A0000824207D3AB4205D8A34294BF00206FF0A7
:102A1000850070BD6FF08500FBE710469161E4F71B
:102A2000D5B970B504460D46866881683031826834
:102A300028463A32FFF7C2FF28B9336929462046B3
:102A4000BDE87040184770BD70B504460D468368F8
:102A50008168483182685E6C52324EB12846FFF779
:102A6000ADFF38B9294620463346BDE870401847C7
:102A70006FF0570070BD10B44468A469A468A44600
:102A800010BC604710B44468A469E468A44610BC54
:102A9000604743689B691B691847F9F7BABE13463C
:102AA0000A460121F9F7BEBEE4F796B8E4F70CB97F
:102AB0002DE9F743066905464FF0FF324FF0FF332B
:102AC00010363046FFF7F0FF01AA18212846DDF73F
:102AD00063F9044670BB019A1821284642F00102AE
:102AE0000192DDF76FF9044620BB03F08DFD01AACA
:102AF0000746884628461821DDF74EF90446C8B92E
:102B000040F2E939019BDB0714D403F07DFDC01BC3
:102B100061EB0801484571F1000112DB019A1821AF
:102B2000284622F001020192DDF74CF9041E08BF8D
:102B30006FF00A043046FFF7B9FF204603B0BDE846
:102B4000F08301AA18212846DDF726F90028D9D0FC
:102B50000446EFE7F8B5056906460F462B79002BCA
:102B60003CD110354FF0FF324FF0FF332846FFF7CE
:102B70009BFFB988FC884B1E3A89013C1B0224014B
:102B800003F4F85304F0F0041C433B88013B03F0CA
:102B90000F031C43531E18049BB200F4F810012BC2
:102BA00044EA00040FD87B8830460B44482103FBDD
:102BB00002227F2A28BF7F221202DDF703F907468F
:102BC00038B944F4000422460C213046DDF7FAF807
:102BD00007462846FFF76AFF3846F8BD6FF00F0733
:102BE000FAE7072300200B607047F7B50646154645
:102BF0000C4649B101AA44210769DDF7CDF828B98F
:102C00003B792BB90423237085B9002003B0F0BDB4
:102C1000019B190601D50323F5E79A0601D5022386
:102C2000F1E713F0400318BF0123ECE701AA4021AC
:102C30003046DDF7B1F80028E8D1019B2B70C3F3D3
:102C400006236B70E1E74368DB6909B1987B704745
:102C5000587B70470369C3E90212704737B50569AD
:102C600004464FF0FF324FF0FF3310352846FFF790
:102C70001BFF01AA18212046DDF78EF838B9019A0A
:102C80001821204642F002020192DDF79BF8284607
:102C9000FFF70CFF03B030BD436800205B6C1B687E
:102CA000CB5813607047436800205B6C1B68CA50A8
:102CB0007047406823F00303406C1344806801446C
:102CC000891A934202EB010001D10020704700688D
:102CD00042F8040BF5E710B5406823F00303406C9D
:102CE000134480680144891A934202EB010001D128
:102CF000002010BD52F8044B0460F5E7436822F051
:102D000003025B6C9B68194400230A448A4201D188
:102D10000020704741F8043BF8E7002213201146D9
:102D200008B5D2F7FDFA1320D2F7CAFA002215200F
:102D30001146D2F7F5FA1520BDE80840D2F7C0BA1F
:102D40000D2809D843F63A73C34013F0010F14BF9E
:102D500000206FF0850070476FF08500704710B558
:102D600004460020DEF79AFB20B12046BDE8104063
:102D7000E4F7CEB910BD1820704700223D2008B5F9
:102D80001146D2F7CDFA3D20BDE80840D2F798BAF7
:102D900000690C3002F0BFBD0A460121F9F739BDC8
:102DA00038B50D46046999B91368211D636093888D
:102DB0002381E3682289C3F800236268E368C3F8CB
:102DC0000423032306222068FAF7C1FF284638BDF2
:102DD0006FF08500FBE7DC30E3F7F8BF7047C430E5
:102DE000E3F7F4BF30B41346827805460C464AB97F
:102DF000C06858B12978E2B28468E4684CB1A4464E
:102E000030BC60476FF0850030BC70476FF0120037
:102E1000FAE76FF05700F7E792B24068FFF7E2BFBA
:102E200030B41346827805460C464AB9C06858B19A
:102E30002978E2B28468A4684CB1A44630BC6047EB
:102E40006FF0850030BC70476FF01200FAE76FF04A
:102E50005700F7E72DE9F743436804460E46056936
:102E600093F80290B9F1000F40F0A180DB68002BCD
:102E700000F0A08005F110074FF0FF324FF0FF3354
:102E80003846E3F7DFFF0DF1020204216068FFF727
:102E9000C7FF002808DA6FF004043846E3F796FF0E
:102EA000204603B0BDE8F08301AA49466068BDF83A
:102EB0000280FFF7B5FF0028EDDB95F888303BB9BD
:102EC000B207BDF802300CD423F040039BB20AE0F5
:102ED0000DF1060209216068FFF7A2FF0028EFDA72
:102EE000D9E743F04003F00756BF23F0200343F037
:102EF00020039BB2310756BF23F4807343F48073E1
:102F00009BB2720756BF23F0800343F080039BB24D
:102F1000ADF8023095F88830E3B1BDF80630B00660
:102F200056BF23F4007243F4007292B2F10656BF0A
:102F300022F4807242F4807292B29342ADF806207D
:102F400008D009216068FFF74DFF0028A3DB0123AB
:102F500085F88930BDF80220424508D00421606818
:102F6000FFF740FF002896DB012385F88930BDF884
:102F7000042012F4805104D095F889304BB9002414
:102F80008BE742F480526068FFF72CFF0028F3DAE9
:102F900081E76B7B002BF2D005F1580003F087F935
:102FA0000022002305F12800E4F750F9E7E76FF06D
:102FB000850475E76FF0120472E74068FFF730BFD1
:102FC00070B504690D4604F110064FF0FF334FF061
:102FD000FF323046E3F736FFA3892B80237B03B90A
:102FE00063733046E3F7F2FE002070BD37B5056924
:102FF00004466B683BB101A9FFF7E2FF01A9204637
:10300000D5E90132984703B030BD08B50369C3E97B
:103010000112FFF7EBFF002008BD436800205B684A
:103020001B690B607047436800205B6899617047BB
:103030004368090400205B689961704710B5036913
:103040009868F8B1884219D1DC680868A142986094
:1030500000D1D860002008602AB19A680A60DA6856
:10306000996002B9D960002010E0814206D1086859
:103070002060D8688142EDD1DC60EBE7044600684F
:103080000028F2D1002AE8D16FF0150010BD12F42B
:10309000003CF8B505460C4613461DD0960714D5DE
:1030A00050075DD55022D90611D542F4007203F4C1
:1030B000C061B1F5806F42D0B1F5C06F19D0B1F5E4
:1030C000007F18D142F0800215E01022EBE79F0646
:1030D000EDD542F48062EAE7D60305D5D00605D4E3
:1030E000C2F340129202E2E73022E0E74FF40072AE
:1030F000DDE742F4C07213F440372E6908D030691E
:1031000020FA04F1C9075FBF0121A14001433161E9
:10311000BCF1000F06D0180314D569680123496873
:10312000A3408B61002321466868DFF79DF927B92A
:10313000336923FA04F2D2070CD40020F8BD42F41C
:103140008072D8E75903EDD501212846A140FFF749
:103150006FFFE7E70122A24023EA02033361ECE7B5
:103160006FF08500EAE770B50B468968054611B136
:103170005E680C6801B970BD8A682A4002D04B684D
:10318000304698471CB1236821461C46F2E7234687
:10319000FAE7F8B51F46044640680E461546DFF7C5
:1031A00063F9112F07D101212B0501FA06F104D58E
:1031B00063685B6899610020F8BD2046FFF738FF1F
:1031C000F9E7F7B50C4617461D4606694FF0FF3282
:1031D0004FF0FF333046E3F735FE214601AB3A4668
:1031E00006F1180002F043FC04463046E3F7EEFD1A
:1031F00024B9019B20462B8003B0F0BD6FF0040082
:10320000FAE7F8B50C4616461F4605694FF0FF323F
:103210004FF0FF332846E3F715FE21463B46324682
:1032200005F11800E2F7B2FF04462846E3F7CEFDA9
:10323000002C14BF6FF004000020F8BD30B5036807
:1032400013600579046804EBC504A34202D36FF050
:10325000010030BD5C798C4201D00833F0E70020DA
:10326000F7E74368C1F34B1001F01F011B68C0581A
:1032700001238B4003424FF0000014BF01230023C1
:103280001370704710B54368C1F34B1001F01F0174
:103290001A68012384588B4023438350002010BDBB
:1032A00010B54368C1F34B14012201F01F011868E7
:1032B0008A40235823EA02032350002010BD38B56A
:1032C00004460D46FFF7DEFF29462046FFF7E8FFDC
:1032D000002038BDB0F5805F07D0B0F1805F09D124
:1032E000002914BF012002207047002914BF0320C9
:1032F00004207047002914BF022003207047436850
:103300001B68D869DA69C0F3C000D107DA6948BF21
:1033100040F002009207DA6948BF40F0040051070C
:10332000DA6948BF40F02000D20504D54FF480721E
:1033300040F008001A62C10701D508221A6282070C
:1033400001D501221A62410701D502221A628206C2
:1033500001D504221A62704710B5436810201B681B
:10336000DA691206FCD5EFF3118280F31288BFF3FD
:103370006F8FDC69240604D482F31188BFF36F8F4A
:10338000EEE7996282F31188BFF36F8F10BD436837
:103390001B68DA69100701D508221A62DA699206F9
:1033A00003D55B6A00200B7070474FF0FF30704709
:1033B00010B5026904460B46526812680A604268FA
:1033C0001268126802F4C062B2F5806F33D0A2F5C1
:1033D000C060424242411A7162681268526802F447
:1033E0004052B2F5805F28D0B2F5405F27D0002A66
:1033F0000CBF012203225A716268126810681168BA
:1034000000F0102001F4C061FFF764FF987162685A
:1034100000201268926802F44072A2F540714A429C
:103420004A41DA7161680968896811F4804F18BFF0
:103430000322DA7110BD0222CDE70022DBE702226F
:10344000D9E72DE9F0410A79044603690D46012ABE
:10345000D0F804805E6811D0901E47424741BF02F9
:1034600069794046DFF712F9AB79022B09D0042BBA
:1034700031D0131E18BF01231B0306E04FF4C067B1
:10348000EEE7B2FA82F35B091B07EA79D8F800107D
:10349000012A14BF4FF0000C4FF4407CAE421DD106
:1034A0000A6822F0805222F4B0523A431A430A606A
:1034B0004B6823F44053034320464B6063681A680B
:1034C000936823F4407343EA0C0393603168BDE8CA
:1034D000F041DFF70FB94FF48053D6E7D1F800E0A1
:1034E0000EF4C06E774506D0D1F800E02EF4C06E21
:1034F0004EEA07070F6061680F68796801F4405170
:10350000884204D0796821F44051014379606168B0
:103510000868016801F010218B4204D0016821F095
:1035200010210B430360636819688B6803F44073D0
:103530009C4505D08B6823F4407343EA0C038B60F1
:1035400063681B689968490405D5032A09D09A68FD
:1035500022F4804204E0032A03D19A6842F48042B4
:103560009A6029683368994204D02046DFF7C2F890
:103570002B683360BDE8F08110F0DE0F0CBF012036
:103580000020704708B103F05CBA704713460A1A6E
:1035900003D00146981A0BF0F7BA7047002808B517
:1035A00006D001DAEFF75EFCBDE80840EBF7EABFB2
:1035B00008BD0023082210B5C0E9003240F2011214
:1035C0000446836080F82830C0E90323C0E905334E
:1035D000303003F05CFD204610BD807B40280FD0CA
:1035E00006D800F0DF0002288CBF002001207047C1
:1035F000812801D8C00970474030C0B20128F3E7E4
:10360000012070474FF6FF72034610B54188914282
:1036100024D04168072921D9FFF7DFFFE8B11A7BE1
:10362000012A1BD15A7B012A18D193F82820002A9D
:10363000D3E9044214BF0C200020121B08320244BC
:1036400091420BD1D87B9B7B03F0DF03022B00D18F
:1036500020B90F288CBF0020012010BD0020FCE7FE
:1036600010B50446FFF7CEFF38B1D4E90430C01AD4
:10367000B0F5803F2CBF0020012010BD90F828300D
:10368000002BD0E9041314BF0C2200225B1A08336C
:1036900013444360704713B50160082183730446E7
:1036A0009DF81030C0E90112C37340F201120023EB
:1036B0008281836180F82830C0E90433303003F020
:1036C000E6FC2046FFF7DAFF02B010BD10B5044655
:1036D0001046D4E900236FF000449B1AE21A8A4294
:1036E00001D2EFF71FFC994238BF19465B1804D28C
:1036F000A34228BF2346184610BD2046FCE70368B6
:103700000B440360704770B50D4686B00446D1E99E
:1037100000135B1A0F2B40F285800B681BBA190C43
:1037200043800180D5E900135B1A072B7AD94968D9
:1037300009BA4160D5E900031B1A0B2B72D98368C3
:103740001BBA180C63812081D5E900031B1A0C2BCE
:1037500068D9037B2373D5E900031B1A0D2B61D9AC
:10376000437B6373D5E900031B1A0E2B5AD9837B65
:10377000A373D5E900031B1A0F2B53D9C37BE37343
:1037800094F8283013B1002384F82830002A47D059
:10379000D5E900239B1A103B0B2B43D9132941D9A0
:1037A00003AE00231022294630460393C6E90133B5
:1037B00000F049F9B0B394F8282004F11C033AB39F
:1037C00096E8070083E807001C216368072B29D9C6
:1037D00094F82820083B002AD5E9005214BF0C2099
:1037E00000201B1A501B401A83421BD1294404F1AC
:1037F0001000DFF725FB684603F049FC2046DDE9B1
:103800000023C4E90C2306B0BDE87040FFF728BFD1
:1038100096E8070083E80700012384F82830D3E7FF
:103820001021D2E7002006B070BD10B50C1A134667
:1038300005D00146224618460BF0A6F90346181992
:1038400010BD4FF0FF324FF0FF33E3F7C5B910B5AD
:1038500004460068E3F738FA204610BD10B5044668
:1038600009F0E4FE204610BD00F1080373B50360C3
:103870000446D1E900530F2B05EB0306019306D94B
:10388000002201A9F3F73CFE019B2060A3603246B1
:103890002946206809F029FF019B22680021636006
:1038A000D15402B070BD70B5044616461D46FFF7F0
:1038B000DBFF20462683A57670BD38B50D4604464D
:1038C000FFF7D2FF2B8B20462383AB7EA37638BD38
:1038D000884238B504460D4618D00B46006853F8A8
:1038E000081B994214D1A54208D06A680AB109F0B0
:1038F000BDFE6B68002122686360D15400232A68F2
:103900006B6013702B8B2383AB7EA376204638BD70
:1039100004F10802904206D121606A686260AA68D8
:10392000A2602B60EAE721606968A2686160A9680B
:10393000A1600028F5D02860AA60DFE72DE9F043F8
:103940004B6887B00D46013B0E2B3FD9002007B0D6
:10395000BDE8F0838442F9D22B681B5D2E2BF5D194
:10396000661C69688E42F1D22A68935D303B092B50
:10397000ECD83446135D303B092B02D801348C421D
:10398000F8D1A4EB060808F1FF33022BDED843463A
:10399000324629466846F3F729FF00980BF024F9D0
:1039A0008146684609F042FEB9F1FF0FCED8B8F162
:1039B000010F03D02B689B5D302BC7D0013768689F
:1039C000042FC7D1031B58425841C0E70026374691
:1039D000C7E710B501460446FFF7B0FF28B92146F6
:1039E0002046BDE81040DFF709BC10BD08B54268AD
:1039F0004B689A4208D14AB1096800680BF0F8F8A0
:103A0000B0FA80F0400908BD0020FCE70120FAE789
:103A100038B5827E05468B7E0C469A4203D034BF71
:103A20000120002038BDFFF7E1FF28B921462846D4
:103A30000AF064F8C00FF5E7288B238B98422CBF5F
:103A400000200120EEE730B54B6802F10C050C6850
:103A50001B1B9D4213D8A3581BBA03600B68134469
:103A60005B681BBA43600B6813441B895BBA038114
:103A70000B6813445B895BBA4381012030BD002091
:103A8000FCE70023F0B50446836085B00D46C0E92D
:103A900000330C20EBF776FD0646D4E90072D21B0A
:103AA000002A08DD39460BF06FF8A1683846C91BBB
:103AB00002F0C7FF01E0002FF7D106F10C0302AAC4
:103AC00031462046A360C4E900662B681BBA029306
:103AD00003ABDFF719FD6B6803AA61681BBA2046C8
:103AE000039304ABDFF710FD2B8901AA61685BBA71
:103AF0002046ADF804300DF10603DFF705FD6B89B4
:103B000020460DF106025BBA6168ADF8063002ABE3
:103B1000DFF7FAFC204605B0F0BD13B50B460246B0
:103B20006C46D0E9000184E8030093E8030082E8D2
:103B3000030094E8030083E8030002B010BD0020F6
:103B4000704710B503680446DB6A984718B1206DCA
:103B5000013018BF012010BDC165704710B5044683
:103B60000431FFF7AAFE204610BD18B182680AB1E1
:103B7000C36818477047BFF35B8F90F85400BFF3DA
:103B80005B8F003818BF0120704710B4019C01946E
:103B900010BCD2F751BA0EB403B503AB049A53F874
:103BA000041B0193D2F720FA02B05DF804EB03B0D6
:103BB000704707B50146012001AAF8F7FDFF01286B
:103BC0000CBF01984FF0FF3003B05DF804FB012AF1
:103BD00038B5044602D10B68236005E0022A05D0FF
:103BE000032A0FD002B90260002038BD0C200D68F6
:103BF000EBF7C8FC03460028EED095E8070083E801
:103C00000700E9E700680028EED00C2102F019FF58
:103C1000EAE710B403685A68996854101B6801EB0E
:103C20006200D20748BF0A5910BC48BFD358184792
:103C3000F8F7C0BF38B500F50055044695F80431D3
:103C400073B195F805315BB9D1F7E0FAD5F80051B9
:103C500035B12846F7F7ADFD1021284602F0F1FEF8
:103C6000204640224FF40551BDE8384002F0EBBE3B
:103C700038B5BFF35B8F90F854300446BFF35B8FC9
:103C80009BB30023BFF35B8F80F85430BFF35B8F8F
:103C9000C365006D431C08D00221D2F7E3F8206D04
:103CA000FFF7C6FF4FF0FF332365A06DE8B100F5C5
:103CB000005494F80431C3B194F80531ABB94FF016
:103CC000FF334FF0FF32E3F7CDFE0123D4F800516C
:103CD00084F8053135B12846F7F76BFD10212846E9
:103CE00002F0AFFE0023C4F80031002038BD0B689D
:103CF00003604B68436013B15A6801325A607047E1
:103D000070B5044686B0A4300390FFF79AFD0022F8
:103D100002210120D2F774F803462065013312D046
:103D200094F82C308BB1042301210222009305ABBF
:103D30000591FFF72AFF002807DA206DFFF778FFCB
:103D40004FF0FF332365012430E094F82D3043B168
:103D5000042301210F22009305AB206D0591FFF78D
:103D600014FF94F82E30206D4BB10423012106225C
:103D7000009305AB0591FFF708FF0028DDDB636AC0
:103D8000042508220121049304AB0095206DFFF760
:103D9000FCFEA36A072200950593012105AB206D67
:103DA000FFF7F3FE94F8202032B1002403A8FFF7B8
:103DB0004EFD204606B070BD266D03213046FFF74C
:103DC000EAFE021EB9DB42F4804229463046FFF784
:103DD000E2FE0028E9DAB0E7012310B503800446CB
:103DE000138B5BBA43801068FFF7E3FE60602046E8
:103DF00010BDF0B505468BB0164610236A46311D3E
:103E000006AF0120D5F756FF68460497CDF7FCFFB3
:103E1000694604460DEB0002384609F06BFC0023AE
:103E2000049A04A9059428461355728852BA92B28E
:103E3000FFF739FD04A809F0F9FB28460BB0F0BDE7
:103E400030B504468DB0A430251D0190FFF7F9FC74
:103E500003A82A462146FFF7BFFF206D082203A9C9
:103E6000D2F72AF800281CDB0823206D02930DEB03
:103E7000030203A9D2F714F930B1002401A8FFF717
:103E8000E6FC20460DB030BD03AA214605A8FFF789
:103E9000B0FF05A92846FFF71BFD05A809F0C6FBE2
:103EA000EBE70124EAE708B50868FFF782FE431C48
:103EB00008D000BA00F10050B0F1805F2CBF0020A4
:103EC000012008BD0020FCE730B5044689B0A430CD
:103ED0000D460290FFF7B5FC236D01333FD0294614
:103EE0002046FFF7E0FF00283BD02868FFF761FE7F
:103EF0000690606B10B1206BFFF75BFE0823232256
:103F000000210790009306AB206D0425FFF73DFECE
:103F1000012322220021039303AB0095206DFFF7BC
:103F200034FEA36C212200950493002104AB206D84
:103F3000FFF72BFE636B33B9002402A8FFF787FC61
:103F4000204609B030BD206BFFF733FE0095059089
:103F500005AB20220021206DFFF717FEECE70224BD
:103F6000EBE70624E9E730B5044687B0A4300D46F8
:103F70000390FFF766FC236D01331DD029462046D0
:103F8000FFF791FFD0B12868FFF713FE0490606B34
:103F900010B1206BFFF70DFE0823059024220021AD
:103FA000009304AB206DFFF7F0FDC40F03A8FFF7EB
:103FB0004EFC204607B030BD0224F7E70624F5E7A3
:103FC00030B585B004460D46FFF76DFFA0B12868F7
:103FD000FFF7EFFD0290606B10B1206BFFF7E9FD7A
:103FE000082303902322002100936B44206DFFF7E8
:103FF000CCFDC00F05B030BD0620FBE738B5054647
:1040000008460C46FFF7E5FC40B1A37E022B07D122
:1040100021462846BDE83840FFF7D2BF062038BD0C
:104020000020FCE710B50446006808B1FFF702FE67
:10403000204610BD38B5046805467CB16368013B75
:1040400063605BB9236820469B689847A368013B7F
:10405000A3601BB923682046DB689847284638BD13
:1040600030B50C4685B0054601F188000190FFF798
:10407000E8FBA16EA36F994208D10023C5E9003384
:1040800001A8FFF7E4FB284605B030BD02A8FFF702
:104090002EFE236FA06EA3F10802904210D00430D0
:1040A000FFF7C8FFA36E0833A36603A8029B039A19
:1040B0002B6000236A6003930293FFF7BBFFDFE7E7
:1040C000181FFFF7B7FF4FF40071E06E02F0B9FC64
:1040D000636F1A1D62675B6803F50072E36622670F
:1040E000E2E72DE9F041D0E90046012C76F100032A
:1040F00019DB4FF00A08B4F1004F2546374676F138
:104100000003A4BF6FF000450027A5FB080108FBD2
:10411000071102F0ADF9651B66EB0706012D2C4671
:1041200076F10003E7DABDE8F0817FB50368044665
:104130000E461546DB6A9847E0B12846FFF749FC72
:10414000D0B1314601A8DEF72FFFDDE901239B1A2C
:104150004FF6E37293420BD820462A4601A9DFF7B7
:10416000EDFA044601A8F7F768FB204604B070BDDD
:104170003124F7E70224F8E70624F6E738B50446C9
:104180000D46AC4200D138BD201D0834FFF752FF68
:10419000F7E710B50446DFF741FDB821204602F0ED
:1041A00050FC204610BD00F5005393F8040118B1EF
:1041B00093F8050180F001007047BFF35B8F007832
:1041C000BFF35B8F003818BF0120704770477047FE
:1041D0007047704710B50446182102F032FC2046A3
:1041E00010BD10B50446182102F02BFC204610BD6E
:1041F00010B50446102102F024FC204610BD10B575
:104200000446142102F01DFC204610BD10B50446E2
:10421000DFF772FD2021204602F013FC204610BD7E
:10422000002808B506D001DAEEF71CFEBDE808400C
:10423000EBF7A8B908BD70B5D1E900641368A41BF9
:1042400003F11005A5421CD85C1C14600C68E35CEB
:10425000037113685C1C14600C68E35C43711368A1
:104260005C1C14600C68E35C837113685C1C146054
:104270000A68D35C1A0903F00F03C27103720120AC
:1042800070BD0020FCE7F8B506460D461446FFF762
:10429000D2FF00282DD00B682268496802F10C0774
:1042A000C91A8F4226D8995C13445B7843EA0123EC
:1042B000338222682B6813449A78DB7843EA02231E
:1042C000738222682B6813441B79337523682A682C
:1042D0001A44937951791B02D27943EA014313437B
:1042E000F3602B6822681344DB7A737523680C3300
:1042F0002360F8BD0020FCE7F8B506460D461446DD
:10430000FFF799FF002830D00B682268496802F156
:104310000C07C91A8F4229D8995C13445B7843EA89
:104320000123338222682B6813449A78DB7843EAAE
:104330000223738222682B6813441B79B3752368A8
:104340002A681A44937951791B02D27943EA0143CE
:104350001343F36022682B6813449A7ADB7A43EAAA
:104360000223B38223680C332360F8BD0020FCE7EE
:1043700070B50B6814684D68261DED1AAE4211D851
:104380001D5D23445B7843EA0523C3801468E31C66
:1043900013600B6823449B78037101201368013379
:1043A000136070BD0020FCE72DE9F04F8BB005468F
:1043B0001746FFF7DDFF0646002835D010680B686A
:1043C000EA8849688418C91A8C4236D81C180F2A02
:1043D00006AB05F1080804EB020BD5E9029ACDE91A
:1043E000032307D9002203A904A8F3F789F8039B44
:1043F00004900693049A23469B4519D1039B002100
:10440000049A40460593D1545246A968059BA9EBEE
:1044100001010093049BF3F7E3F804A809F006F9FF
:10442000EA883B6813443B6030460BB0BDE8F08F30
:1044300013F8011B02F8011BDEE70026F4E713B5B1
:1044400004460968012001AAF8F7B6FB01280CBF51
:10445000019B0023E36002B010BD70B586B0CB684D
:104460000446019304F1080602AA01A910230120C1
:10447000D5F720FC02A82660CDF7C6FC02AB0546A6
:104480001A181946304609F035F9236800222046EB
:1044900065605A5506B070BD10B50446006810B18D
:1044A00003685B689847204610BD10B50446006855
:1044B00010B103685B689847204610BD73B50026AD
:1044C0000D4604468660C0E90066CB880DF1070101
:1044D0001B0A8DF80730DFF7CBFCEB880DF10701E5
:1044E00020468DF80730DFF7C3FC2B790DF107016B
:1044F00020468DF80730DFF7BBFC20460DF10701A1
:104500008DF80760DFF7B4FC204602B070BD73B5CC
:104510000D460446FFF7D2FF0DF10701EB7B204665
:1045200000268DF80730DFF7A3FCEB890DF10701BA
:1045300020468DF80730DFF79BFCEB680DF1070193
:1045400020461B0A8DF80730DFF792FCEB680DF16F
:10455000070120468DF80730DFF78AFC0DF10701CF
:1045600020468DF80760DFF783FC05F1080120463F
:10457000DEF7FEFB2B8A0DF1070120465BBA9DB2E8
:10458000C3F307238DF80730DFF772FC20460DF1E7
:1045900007018DF80750DFF76BFC236808222046DF
:1045A0001E7023685A7002B070BD73B50D46044684
:1045B000FFF784FF0DF10701EB7A204600268DF806
:1045C0000730DFF755FC6B890DF1070120468DF8A8
:1045D0000730DFF74DFCAB680DF1070120461B0AE1
:1045E0008DF80730DFF744FCAB680DF1070120467A
:1045F0008DF80730DFF73CFC0DF1070120468DF800
:104600000760DFF735FCAB890DF1070120461B0A77
:104610008DF80730DFF72CFCAB8920460DF1070140
:104620008DF80730DFF724FC2368072220469E70B0
:104630002368DA7002B070BD0023F7B504468360CA
:104640000D46C0E900331020EAF79CFF0646D4E986
:104650000072D21B002A08DD39460AF095FAA168DB
:104660003846C91B02F0EDF901E0002FF7D10DF13A
:1046700007012046C4E900661036A66000262B79A3
:104680008DF80730DFF7F4FB691D2046DEF770FB7D
:10469000A91D2046DEF76CFB2B7AEA790DF10701A4
:1046A00003F00F03204643EA02138DF80730DFF7CB
:1046B000DFFB0DF1070120468DF80760DFF7D8FB1F
:1046C0000DF1070120468DF80760DFF7D1FB0DF1F2
:1046D000070120468DF80760DFF7CAFB0DF10701DF
:1046E00020468DF80760DFF7C3FB0DF10701204678
:1046F0008DF80760DFF7BCFBEB890DF10701204661
:104700008DF80730DFF7B4FBEB680DF107012046A9
:104710001B0A8DF80730DFF7ABFBEB680DF10701E3
:1047200020468DF80730DFF7A3FB0DF10701204687
:104730008DF80760DFF79CFB0DF1070120468DF82F
:104740000760DFF795FB0DF1070120468DF8076044
:10475000DFF78EFB20460DF107018DF80760DFF7CC
:1047600087FB204603B0F0BD38B50D460446FFF781
:1047700063FF2B8A204622681B0A137123682A8A4A
:104780005A716B8A22681B0A937123686A8ADA71EC
:104790002A7D23681A726A7D2368DA7338BD38B5BA
:1047A0000D460446FFF748FF2B8A204622681B0A65
:1047B000137123682A8A5A716B8A22681B0A9371C3
:1047C00023686A8ADA71AA7D23681A72AB8A226822
:1047D0001B0A93732368AA8ADA7338BD0A46034614
:1047E00010B5D0E90114A14208D019B110680860D1
:1047F000002111605A6804325A6010BDDFF770FB67
:10480000FBE70830FFF7EABF0A46034610B5D0E9D8
:104810000114A14208D019B110680860002111608C
:104820005A6804325A6010BDDFF7C0FBFBE7143052
:10483000FFF7EABF03460068196010B103685B68C0
:104840001847704703460068196010B103685B6839
:10485000184770472DE9F043002685B00D46044601
:104860008660C0E900660B780DF1030123F03F0379
:104870008DF80330DEF77CFAEB8801A920468DF82D
:104880000430DFF7F5FA6B6801A920461B0A8DF8A2
:104890000430DFF7EDFA6B6801A920468DF804308B
:1048A000DFF7E6FA01A920468DF80460D4E9003765
:1048B000FF1ADFF7DDFA01A920468DF80460DFF763
:1048C000D7FA01A920468DF80460DFF7D1FA01A9D3
:1048D00020468DF80460DFF7CBFAD4E90036D5E93D
:1048E0000289F61AC84548D12046D4E900239B1A0C
:1048F0009B1B190ED155190C22683A445170190AA4
:1049000022683A44917001A922683A440027D37082
:104910008DF80470D4E90036F61ADFF7A9FA01A978
:1049200020468DF80470DFF7A3FA01A920468DF820
:104930000470DFF79DFA01A920468DF80470DFF7B7
:1049400097FAD4E90037D5E90585FF1AA84524D19F
:104950002046D4E900239B1ADB1B190E9155190C34
:10496000226832445170190A2268324491702268D8
:104970003244D37005B0BDE8F08358F8041B01A899
:104980000B689B68984761682046DDE90123DFF7E3
:1049900067FC01A8F6F751FFA4E758F8041B01A82B
:1049A0000B689B68984761682046DDE90123DFF7C3
:1049B00057FC01A8F6F741FFC8E7704770477047FA
:1049C0007047C3680C301B68184710B50446C421F3
:1049D00002F037F8204610BDC42102F032B8F0B51D
:1049E0000368044653F8210080B105681788AB8836
:1049F000BB420BD02B6863B19A8828466568B2FB2E
:104A0000F5F605FB1622914201D00020F0BD1D46AF
:104A1000EDE71846FAE738B50B460C460546006840
:104A200053F8081B99420FD1A54208D062680AB119
:104A300008F01CFE636800212A686B60D1540023D3
:104A400022686360137038BD05F10802904206D1F8
:104A5000296062686A60A268AA602360EFE7296043
:104A60006168AA686960A168A9600028F5D0206023
:104A7000A260E4E700F1080373B503600446D1E9DE
:104A800000530F2B05EB0306019306D9002201A961
:104A9000F2F736FD019B2060A3603246294620686C
:104AA00008F023FE019B226800216360D15402B00C
:104AB00070BD8142F8B504460E4615462CD01AB397
:104AC000238805F1100004F110072B8063886B80A8
:104AD00023792B716379A8606B71A368BB421DD1E8
:104AE000E268013202D039460AF040F8E368A76074
:104AF000EB600023E3602374238C2B8494F8223032
:104B000085F82230636A6B6204F10800283408F0EB
:104B10008DFD2835B442D3D12846F8BDAB6023695A
:104B20002B61E3E738B50B680D4604460831036096
:104B3000083031F8043C20F8043CFFF79BFF2B8C35
:104B40002046238495F8223084F822306B6A636211
:104B500038BD70B504464FF484700E46EAF712FD76
:104B6000054610B13146DFF77DFC2046256070BD5B
:104B700010B50446006810B103685B68984720468A
:104B800010BD73B5056805F58270FFF716FB044686
:104B900000282DD1A86F03685B6A984788B9AB6F6E
:104BA00093B10093EB6F019313B15A6801325A60CD
:104BB000009860B901A8FFF73DFAA86F03689B6AE7
:104BC0009847204602B070BDCDE90044F0E705F1FA
:104BD0000801FFF779F9064601A8FFF72BFA002E26
:104BE000EBD10123BFF35B8F85F80431BFF35B8FFB
:104BF0000124E6E770B50446D0E90056AE4207D17D
:104C0000206818B1A168091A01F01BFF204670BD89
:104C100005F10800283508F009FDEFE70A460346CC
:104C200030B50024C96895688460C160C0E900445B
:104C300035B19D6092E80300C2E9024483E80300B5
:104C4000184630BD70B50446D0E90556AE4211D1C4
:104C5000606918B1E169091A01F0F3FED4E902565E
:104C6000AE420CD1A06818B12169091A01F0E9FE21
:104C7000204670BD28460435FFF717FCE6E72846B6
:104C80000435FFF709FCEBE7826810B50AB9EEF7C7
:104C90009FF9C368BDE81040184770B505468468A1
:104CA00044B96A6821462868920009F087FFC5E97F
:104CB000024470BD204650F8186BF6F77AFD04F1F7
:104CC0000800F6F776FD20462821344601F0B9FEAB
:104CD000E6E713B5044600F58270FFF76EFA68B395
:104CE000002304F19C00BFF35B8F84F80431BFF311
:104CF0005B8F0090FEF7A5FD04F18000FFF7CDFF6C
:104D00006846FEF7A4FDA36F0093ABB1E36F019378
:104D100013B15A6801325A60009818B104F10801C1
:104D2000FFF721F901A8FFF785F9A06F03689B6AD7
:104D300002B0BDE8104018470193EDE702B010BD86
:104D400008B50068FFF7C5FF08BD0346D0E90001BC
:104D50001833984202D0890001F073BE70470346B1
:104D6000D0E900011833984202D0890001F069BEF1
:104D7000704710B50446DFF741FC4FF484712046BC
:104D800001F05FFE204610BD30B504460D6885B0C9
:104D9000A369D0E9040225614D680393002365618E
:104DA0008D68CDE90102A56101A88B60C1E90033DE
:104DB000F6F743FD204605B0BDE83040FEF75EBC87
:104DC00008B50068DFF75AFC08BD38B5D0E90135F1
:104DD00004460A46AB4207D013B11846FFF7A2FEBD
:104DE00063682833636038BD1946DFF7DBFCFAE7F8
:104DF0000A4610B5C16841B9806800B910BD118874
:104E000083889942FAD00068F7E711884368B1FBBC
:104E1000F3F403FB1411FFF7E2FD0028EED0006865
:104E2000ECE72DE9F04385B01F4604460D460C9B88
:104E300000F1100191460093C368426802A8EEF7A2
:104E400017F99DF80830BBB1DDF80C80B8F1010FFF
:104E500025D12546002345F8183F00212046A668A5
:104E600040F8081F86BB2046FFF779FFC4E90058C9
:104E7000B9FBF8F508FB15952368A90053F8253010
:104E8000002B3ED01B683B60236853F825301F6021
:104E9000E36838460133E36005B0BDE8F083B8F15C
:104EA000005F06D3B8F1804F01D3EDF7EBFFEDF7CC
:104EB000D9FF4FEA88063046EAF764FB3246002104
:104EC000054609F07BFEC8E7B368D6F800C0B3FB1F
:104ED000F8F208FB123355F823205AB9A268326061
:104EE000A66045F8230032680AB145F821601946EA
:104EF0006646B7E71268326055F823301E600B46ED
:104F0000F5E7A3683B60A7603B6843B162689B68B4
:104F1000B3FBF2F002FB1033226842F82370234601
:104F200053F8082B5350B3E72DE9F34188460F6837
:104F3000416804460368B7FBF1F501FB157553F8AA
:104F40002530ABB11A68906887420BD0106878B1F1
:104F500013468268B2FBF1F601FB1622954207D197
:104F60000246F0E7186818B1103002B0BDE8F081D1
:104F70003820EAF707FB0646A8B10246002342F8AC
:104F8000083BD8F8003010460021282240F8083BA2
:104F900009F014FE01233A46294600932046334681
:104FA000FFF73FFFE0E70822EBE730B587B0056881
:104FB0000C46114602A8FFF731FE21462846DDE9DE
:104FC0000A23CDE9002302AADFF746FE044602A821
:104FD000F6F7EFFB204607B030BD704770477047CB
:104FE000012A034602D1016000207047022A05D041
:104FF000032AF9D0002AF7D10260F5E703C983E854
:105000000300F1E738B50B460C460546006853F837
:10501000081B99420FD1A54208D062680AB108F076
:1050200025FB636800212A686B60D1540023226845
:105030006360137038BD05F10802904206D1296003
:1050400062686A60A268AA602360EFE7296061680D
:10505000AA686960A168A9600028F5D02060A260F4
:10506000E4E700F1080373B503600446D1E9005397
:105070000F2B05EB0306019306D9002201A9F2F7D5
:105080003FFA019B2060A36032462946206808F061
:105090002CFB019B226800216360D15402B070BDDB
:1050A00070B505460E4608300C46286056F8083B99
:1050B000B3420CD14A68013202D0314609F056FDA4
:1050C000636826606B6000236360237270BD2B6091
:1050D0008B68AB60F4E738B50446FFF764F870B14D
:1050E0002046D0F793F804F50053D3F8005135B1BA
:1050F0002846F6F75EFB1021284601F0A2FC204668
:1051000040224FF40551BDE8384001F09CBC10B579
:105110000446403008F08AFA04F1280008F086FAC4
:1051200004F1080008F082FA204610BD0022027047
:10513000C261C0E90122C0E90322C0E9052270472B
:1051400010B50446006810B103685B6898472046B4
:1051500010BD37B5046804F1B000FFF72EF805461E
:1051600000BBA06F03685B6A9847E0B9A36F009328
:10517000E3B1E36F019313B15A6801325A600098AA
:1051800018B104F10801FEF79FFE01A8FEF752FFD7
:105190000123BFF35B8F204684F8B030BFF35B8FF1
:1051A000DFF7FEFE0125284603B030BD0193E6E798
:1051B000F0B5044685B0B030FEF7FFFF00285DD0A3
:1051C0000023BFF35B8F84F8B030BFF35B8FD4F85C
:1051D000A050E5B12846FEF7E6FFC0B1284605F528
:1051E00000554FF0FF334FF0FF32E2F73BFC012355
:1051F000D5F8006185F8053136B13046F6F7D9FAB1
:105200001021304601F01DFC0023C5F8003104F1E7
:105210008C0528460295FEF714FBD4E92067B742B7
:105220002ED102A8FEF713FB28460195FEF709FBD5
:10523000D4E92067BE4208D0354628466035FFF7DE
:1052400066FFAF42F9D1C4F88460A36F0293EBB15B
:10525000E36F039313B15A6801325A60029818B190
:1052600004F10801FEF77FFE03A8FEF7E3FEA06F3E
:1052700003689B6A984701A8FEF7E9FA05B0F0BDFC
:10528000314620466036E0F7D3F8C8E70393E5E7F8
:1052900010B50446E0F71AF9B821204601F0D1FB19
:1052A000204610BD08B50068FFF782FF08BD2DE954
:1052B000F74F04460D46164600F18C084FF6FF7A6C
:1052C000D1E90279B94502D103B0BDE8F08F57F8B2
:1052D00004BB9BF8043043B1062BF3D133462A4676
:1052E00059462046DFF7E4FFECE74046CDF804805E
:1052F000FEF7A7FAD4E9200282420DD00188BBF85C
:10530000103099420FD1BBF81230534508D10146F5
:1053100032462046E0F708F901A8FEF798FAD1E7EF
:1053200041889942F3D06030E6E770B50E681546C3
:105330004FF6FF7388B0328804469A420BD1684614
:10534000FFF7F4FE06F110016846DEF795FE20B97E
:105350006846FFF777FC08B070BD2A4669462046CC
:10536000FFF7A5FFF4E708B5E0F7FAF908BD38B58F
:105370000B680D46044608310360083031F8043CE0
:1053800020F8043CFFF78CFE2B8C2046238495F8F4
:10539000223084F822306B6A636238BD38B50D461E
:1053A000044688B1FFF7E3FF05F1280104F1280066
:1053B000FFF776FE05F1400104F14000FFF770FEB3
:1053C000D5E91623C4E9162338BD08B50068E0F70F
:1053D000A1FA08BD002808B506D001DAEDF742FDB4
:1053E000BDE80840EAF7CEB808BD70470020704716
:1053F00010B50446102101F024FB204610BD1021F9
:1054000001F01FBBC068E0F7EBBB30B58B680268EA
:105410000D6814682B434D6924F07F442B438D693C
:1054200024F47B042B434D6A24F4FE442B43CD6AC1
:1054300024F07C042B4323430C7943EAC4630C7BA4
:1054400043EAC4534C7B43EA84538C7B43EA445382
:10545000CC7B43EA04538C7C43EA04430C7F43EA4D
:1054600004334C7F43EAC423CC7F43EA442391F8BE
:10547000284043EA04130C7CB4FA84F4640943EA38
:10548000C4434C7CB4FA84F4640943EA44438C7FFB
:10549000B4FA84F4640943EA842391F82040B4FA0E
:1054A00084F4640943EA042313600468CA6B6368E4
:1054B00023F07C5323F4EF2323F4FF6323F007034B
:1054C00043EA42634A6B134391F8382043EA02638C
:1054D00091F8302043EA824391F8312043EA424375
:1054E00091F83220B2FA82F2520943EA0243636031
:1054F00002684C6CD36823F4877323F001032343C1
:1055000091F8404043EA0423D36004688A6C236F17
:1055100023F0F2031B041B0C43EA02430A6D1343FE
:1055200091F8542043EA420391F84C20B2FA82F2F7
:10553000520943EAC2132367046891F85630D4F83D
:10554000902022F00302134391F8552043EA4203CE
:10555000C4F8903002688C6DD2F8003D23F07203DD
:105560002343C2F8003D0068CA6DD0F8303D23F0F7
:105570007B03134391F8612043EA021391F8622000
:1055800043EAC20391F86020B2FA82F2520943EA78
:105590008213C0F8303D30BD2DE9F7430023856EFE
:1055A0000446C76E019305F112034FF001484FF016
:1055B000414950F8236037B13369E3B901A8DCF7FA
:1055C00083FB019BABB9E36EBB420FD0BFF35F8F90
:1055D000E91C23682269182001F0030103F58053B8
:1055E00000FB0122C3F82821C4E91A5703B0BDE823
:1055F000F08333613360A36D63B1C6F80C906B1C0C
:10560000013F032B88BFEB1E03F112021D4654F825
:105610002260D0E7C6F80C80F1E7704710B5D0F8EB
:1056200084300446102B4FF0010343D120228365C0
:105630000423C0F88420C366FFF7AEFF2368002070
:1056400003F58053D3F8042142F00102C3F804218A
:10565000236803F58053D3F8082142F00102C3F810
:105660000821236803F58053D3F8602142F4817246
:10567000C3F860212268D2F8003D43F00103C2F86C
:10568000003D2268136843F0020313602268136828
:1056900043F001031360226802F58052D2F83431DE
:1056A00043F4504343F0C103C2F834314023C4F8FB
:1056B000843010BD1846FCE710B5D0F884200346AE
:1056C000402A42D10168202203F1540401F580519F
:1056D000C0F88420D1F8342122F4504222F0C102D3
:1056E000C1F83421026802F58052D2F8041121F089
:1056F0000101C2F80411026802F58052D2F80811C3
:1057000021F00101C2F8081101680A6822F00102C3
:105710000A600168D1F8002D42F00102C1F8002DA5
:10572000024652F8440B016821F00201016052F870
:10573000040FC168A24221F08041C160F7D100206E
:1057400010229865C3F8842010BD0120FCE710B535
:10575000044639B9D0F8883043F00103C4F88830E2
:10576000012010BDD0F88420402AF9D14B6B0122D2
:10577000C363E0F77DFB20B1D4F8883043F0020327
:10578000ECE7BFF34F8FA26A0020531C032B88BFA6
:10579000D31E2268A362063354F8231002F5805307
:1057A000C3F82011DDE72DE9F04F85B004460091E4
:1057B00049B9D0F8883043F00103C0F8883001209F
:1057C00005B0BDE8F08FD0F88430402BF7D1D0F889
:1057D0005C804FF0000A00F1800108F11203574687
:1057E000D34650F823507C3050F8103CC3F10403EA
:1057F0000193EB68002B05DB019B9F4202D0BAF1BD
:10580000000F11D0E36E1F44E76617B12046FFF783
:10581000C3FEC4F85C80BAF1000FD0D0E36F002063
:10582000009A1360E067CBE7EB6808F1010613F01C
:10583000005F02D1E36F002B34D0EB689B0048BFC0
:10584000C4E918BBEB68C3F30E09636EA9EB030947
:10585000EB68DA0015D5EB6823676B685B040ED53F
:10586000032E334688BFA8F10303123354F82330C4
:10587000DA68520003D55A68A2671B6863674FF065
:10588000010A1FFA89F32A69CDE90201DCF73CFA23
:10589000236E01332366636EDDE902014B446366C8
:1058A000C5F810B0032E07F1010788BFA8F1030661
:1058B00006F11203B04654F823509AE72DE9F84355
:1058C000D0E9105604466DB14FF018084FF00009AA
:1058D00004EB8607013DF86A48B9731C032B00D915
:1058E000F31E15B90020BDE8F8831E46F0E7E36813
:1058F00008FB0633DB68002BF4DBDCF71DFA731CB6
:10590000C7F82C90032B88BFF31EC4E91053E8E7B7
:105910007047704770472DE9F84303684FF0B04275
:105920000446D3F8B06003F58053D3F86051D3F840
:105930003491D2F8A880D2F8E8706A0608D519F038
:10594000400F05D048F24002C3F86021FDF747FA46
:10595000EB070CD519F0010F09D0236848F20102BA
:10596000204603F58053C3F86021FDF734FA68043C
:1059700024D519F4804F21D0D4F8883015F4805FF5
:1059800043F00803C4F88830236803F58053D3F844
:1059900060215AD022F46F6222F00D02D204D20CA0
:1059A000C4F88C20D3F8342122F44042C3F83421C7
:1059B000E023C4F884302046FDF710FA16F4C04FF7
:1059C00013D0D4F88830204643F01003C4F8883050
:1059D0002368D3F8B830C4F89030E023C4F884309A
:1059E000FDF7FCF90023C4F89030F1060CD52368CC
:1059F0002046D3F8C03003F06003C4F89430FFF7BA
:105A000087FF0023C4F89430B2060CD523682046E3
:105A1000D3F8D03003F00F03C4F89830FFF779FFC4
:105A20000023C4F89830E0F7C5F9032816D118F41C
:105A3000800F08D04FF0B0434FF48002C3F8A82085
:105A40002046FFF767FFBDE8F88302F4CD42C4F8B3
:105A50008C204FF4CD42C3F86021ACE77B02F2D535
:105A60004FF0B0434FF48002C3F8E820E8E770B588
:105A70001E4603680546D3F80002C00701D5012081
:105A800070BDD3F8004224F0787444EA415121F407
:105A9000F81141EA024242F00D02C3F80022F6F783
:105AA00015FE04462A68D2F8000210F0010004D165
:105AB000D2F804329BB23360E2E7F6F707FE001B30
:105AC000B0F57A7FEED9DAE7002900F0E7800368C5
:105AD0001B6803F00C03CB6203681B68C3F300135D
:105AE00081F8283003681B6803F060034B62036889
:105AF0001B6883F48073C3F3002381F820300368AC
:105B00001B68C3F34023CB7703681B6883F480636F
:105B1000C3F380238B7703681B68C3F3C0234B77E1
:105B200003681B68C3F300330B7703681B6803F437
:105B300000538B6103681B6803F480434B61036867
:105B40001B68C3F300438B7403681B6883F4003342
:105B5000C3F340434B7403681B6883F40023C3F30F
:105B6000C0430B7403681B68C3F30053CB73036813
:105B70001B68C3F340538B7303681B68C3F38053E4
:105B80004B7303681B68C3F3C0530B7303681B6834
:105B900003F0E0638B6003681B68C3F3C0630B71A1
:105BA00003681B6803F0E0430B6003685B68C3F3A2
:105BB0000D034B6303685B6883F48033C3F30043D6
:105BC00081F8323003685B68C3F3404381F83130B9
:105BD00003685B68C3F3804381F8303003685B6817
:105BE000C3F3006381F8383003685B68C3F3446330
:105BF000CB630368DB68C3F3002381F8403003689C
:105C0000DB6803F00F034B6403681B6FC3F34003AF
:105C100081F8543003681B6F83F08003C3F3C01313
:105C200081F84C3003681B6F03F070030B65036849
:105C30001B6F1B0C8B640368D3F8903003F00103D7
:105C400081F856300368D3F89030C3F3400381F8ED
:105C500055300368D3F8003D03F072038B65036889
:105C6000D3F8303D03F02303CB650368D3F8303D10
:105C7000C3F3C00381F862300368D3F8303DC3F347
:105C8000001381F8613003680020D3F8303D83F0C1
:105C90004003C3F3801381F86030704701207047E0
:105CA00008B539B1D0F88430102B03D1FFF7ADFB24
:105CB000002008BD0120FCE7002937D003689B685D
:105CC00003F001030B7003689B68C3F34003CB70C0
:105CD00003689B68C3F380030B7103689B68C3F37D
:105CE000C0030B7203689B68C3F300134B71036816
:105CF0009B68C3F340134B7203689B6803F0C003B7
:105D0000CB6003689B68C3F30023CB7103689B6877
:105D1000C3F340238B7103689B68C3F380238B70AC
:105D2000036800209B68DB0F4B70704701207047B1
:105D3000D0F884007047D0F888007047D0F88C0005
:105D40007047D0F89000704738B5044650B1DCF782
:105D5000E3FF4FF4F07305465C43DCF7DDFF431BC4
:105D6000A342FAD338BD704740B1C368587810F0E9
:105D700001001EBF1878B0FA80F040097047EFF3B9
:105D80001183102383F31288BFF36F8FFEE710B5E2
:105D90004369044633B90020E268537843F00103B5
:105DA000537010BD98470028F5D00028E368B8BFAD
:105DB0004042FF28A8BFFF201870EDE708F0FEBEA4
:105DC00008F0D4BE10B400F10C04C0E90344002470
:105DD000047510BCF6F725B938B50446EFF3118504
:105DE000102383F31288BFF36F8FF6F74AF804F19C
:105DF0000C0000F02AFB30B1294604F11400BDE884
:105E00003840E1F773BC85F31188BFF36F8F38BD5D
:105E10008169C36843EA010212F003020FD10261F3
:105E20004269013A01FB0233C2689A4201D900205B
:105E3000704702691A60826903619B1AF4E76FF088
:105E40001500704710B5C0E905320023C160044653
:105E5000C3610372FFF7DCFF0028A8BFC4E9004458
:105E600010BD2DE9F04105460F46EFF311881023D0
:105E700083F31288BFF36F8F0669FEB90468A042EE
:105E80001CD0DCB104F11800D4E9003213605A6070
:105E9000637BA66023F00203C4E90066637300F02D
:105EA0006BFB2046C4F88C60276100F069FA41461C
:105EB00005F10800BDE8F041E1F718BC3E60EB6970
:105EC0002F61013BEB6188F31188BFF36F8FBDE851
:105ED000F081102408B5EFF3118384F31288BFF327
:105EE0006F8FF6F787FDF6E7D0E9003213605A604E
:105EF0000023427B836022F00202C0E90033427338
:105F0000704790F90E308B4201D0E1F77DBB002045
:105F1000704703460020C3E90033C3E9020070471D
:105F2000D0E9003213605A600023427B836022F084
:105F30000202C0E90033427370472DE9F0419046F8
:105F400004460D469DF81820EFF31186102181F3C9
:105F50001288BFF36F8F02B14568224652F80C7F5A
:105F6000974217D0B7B13846FFF7DAFF07F11800AC
:105F700000F002FB00233846C7F81080C7F88C30C9
:105F800000F0FEF904F108003146E1F7AFFB002014
:105F9000BDE8F081A3B10820E2F74AF9002838D023
:105FA0000122C0F804800260016801F003015DB9BC
:105FB00022680A430260626820606AB960600BE090
:105FC0004046C8F80030EFE72A68032A16D8016077
:105FD000616869B9C4E90000042104F1140000F00B
:105FE00086FC0028CED186F31188BFF36F8FCFE7F0
:105FF0000A6802F0030202430A60DFE722F00302AC
:106000000A4302602A6802F0030240EA02032B609E
:10601000E2E76FF00B00E6E710B5044630B1026826
:10602000930703D0446809B100F001FD204610BD7C
:106030000023C0E90033037200F10C03C0E903330D
:1060400000F11403C0E905337047F8B50546EFF3D6
:106050001186102383F31288BFF36F8FC46800F199
:106060000C0300F114079C4219D0C4B12046FFF77D
:1060700057FF04F1180000F07FFA00232046C4F80F
:106080008C30236100F07CF90821384600F02FFCA9
:10609000314605F10800BDE8F840E1F727BB0821CB
:1060A000384600F024FC0028F2D186F31188BFF3B3
:1060B0006F8FF8BD012307B5009300230A461946E8
:1060C000FFF73BFF03B05DF804FB002307B50A466A
:1060D00019460093FFF731FF03B05DF804FB08B5E4
:1060E00003681BB9FFF7E6FF012008BD8B4203D010
:1060F0001B6823F00303F4E70020F6E700210068A3
:10610000FFF78ABF00214068FFF786BF5AB18A4275
:1061100009D300F11003C0E90212C0E90000C0E990
:106120000433002070476FF01500704701230268A8
:106130008B4022EA0303036022FA01F000F0010021
:10614000704710B5032104460C30FFF7EFFF30B164
:1061500004F1100000F010FAB0FA80F0400910BD10
:1061600020B100229C30114600F0AAB9704770B5EA
:10617000C3680446C3F340069B0716D48568022112
:106180000C30FFF7D3FF80B1D5F894206AB1944268
:106190001DD122689EB9D5F89830C5F894209C424C
:1061A00001D1C5F8982000232360E36813F01F0095
:1061B0001EBF43F0020340F00200E36070BD326096
:1061C000D5F89820944208BFC5F89860EBE71646CA
:1061D0001268DBE773B50446EFF31185102383F3F0
:1061E0001288BFF36F8F0023A0F11006032104383B
:1061F0000193FFF79BFF28B1A36901A930460193E2
:10620000E0F72CFF85F31188BFF36F8F02B070BDEC
:1062100038B504460D461022002108F0CFFC656019
:1062200038BDEFF31183102282F31288BFF36F8F12
:10623000C06800F01F0083F31188BFF36F8F7047B1
:1062400013B501900846EFF31184102383F31288ED
:10625000BFF36F8F01A9E0F701FF84F31188BFF34B
:106260006F8F02B010BD10B5FFF7EAFF041E08DD06
:10627000EFF31180102383F31288BFF36F8FE1F7E0
:1062800047FA204610BDB022002108B508F096FC60
:1062900008BD38B530220D460021044608F08EFCBA
:1062A0004FF480736560E36038BDFFF7BABF38B55F
:1062B0000446EFF31185102383F31288BFF36F8F29
:1062C000FFF73FFF2046FFF752FF85F31188BFF32A
:1062D0006F8F38BDD0E9003213605A600023427BD3
:1062E000836022F00202C0E9003342737047C0E9C4
:1062F000000000207047EFF30580003818BF012030
:1063000070476FF05700704700207047D0E90032A7
:1063100013605A600023C0E90033704708B5FFF7E7
:10632000F5FF437B23F0020343730023836008BD22
:1063300038B504460D46E1F7C5F8637B43F0020328
:106340006373E5B1A5602B689D4209D16B68C4E910
:1063500000531C606C6012E06A689A42F6D01B68B9
:10636000002BF3D094F90E2093F90E108A42F3D04B
:106370009142F1DD5A68C4E9003214605C6038BDB6
:1063800010B5EFF31184102383F31288BFF36F8FDE
:10639000E1F756F884F31188BFF36F8F10BD08B58D
:1063A000EFF31181102282F31288BFF36F8F83689D
:1063B0000BB1FFF7B3FF81F31188BFF36F8F08BDF7
:1063C00038B5EFF31184102383F31288BFF36F8F76
:1063D000002390F87050427B80F870302DB121B1CD
:1063E00084F31188BFF36F8F38BD12F0280FF7D1F7
:1063F00083680BB1FFF792FF437B23F004034373E1
:10640000E1F71EF8ECE701211838FFF7D9BF08B50E
:106410000346EFF31181102282F31288BFF36F8FCE
:106420000068834207D008B1FFF778FF81F3118835
:10643000BFF36F8F08BD0020F8E710B5FFF7AFFF7F
:106440001830BDE8104000F097B838B5054604682C
:106450000020AC4200D138BD002CFCD02046FFF714
:10646000ECFF2046FFF78CFF2C680120A542F1E7E6
:1064700038B504460D46E1F7F3F90346B5F1FF3FA1
:1064800008BFB4F1FF3F204614D013F109004FEAD2
:10649000E37141F100010A2871F100030BD36FF0A1
:1064A0000A0383424FF004038B4106D30A220023E0
:1064B000CAF726FF38BD0020FCE76FF00040F9E77F
:1064C00038B5EFF31185102383F31288BFF36F8F74
:1064D0000468A04213D0A4B1C4F88C1020462261F5
:1064E000FFF71CFF04F1180000F046F82046E0F723
:1064F000A7FF012085F31188BFF36F8F38BD0020FF
:10650000F8E72046F6E72DE9F04105460E46174626
:10651000EFF31188102383F31288BFF36F8F0468A1
:10652000A0420FD1002088F31188BFF36F8FBDE820
:10653000F08139462046B0470028F4D16B68A34269
:10654000F0D02468002CF4D1ECE708B50246E1F75E
:1065500089FB70B1D0E904319B1A61EBE272B3F1AF
:10656000004F72F1000104DA002AACBF1846002087
:1065700008BD6FF00040FBE7024638B5EFF3118528
:10658000102383F31288BFF36F8F0368CBB1E1F759
:1065900069FB04461046E1F777FB00224FF0004309
:1065A0008442C0E9042306D1E1F764FBFFF7CDFF85
:1065B0000021DCF715FB002085F31188BFF36F8FF6
:1065C00038BD6FF01500F7E770B5EFF311861022B4
:1065D00082F31288BFF36F8F036873B1E1F770FB2A
:1065E00004460D46E1F746FB0346201A65EBE371CE
:1065F00086F31188BFF36F8F70BD18461946F7E711
:1066000008B5E1F765FC08BDE1F762BCB3F1FF3FF7
:1066100008BFB2F1FF3F70B506461D46144614D0C0
:106620001A4316D0002B08DBE1F752FC041941EBAA
:1066300005013046C6E9004170BD6FF001031C1B27
:106640004FF0FF3363EB0501F3E74FF0FF342146D2
:10665000EFE70024FBE7B3F1FF3F08BFB2F1FF3FD4
:10666000F8B5074616461C4610D054EA020311D06E
:10667000E1F72EFCB0420A460346A1410AD2F31AC2
:1066800064EB02043846C7E90034F8BD4FF0FF332D
:106690001C46F7E70023FBE70023C0E9081200F1DE
:1066A000180203634363C0E90622C0E90033704760
:1066B00010B50446FFF760FFA8B9636A0BB1204626
:1066C000984704F11800FFF7A2FE60B1FFF758FEEB
:1066D000EFF31180102383F31288BFF36F8FBDE8AF
:1066E0001040E1F715B810BD70B5D0E900349842FC
:1066F00009D044B1A568EDB115F9526C12F9525C9C
:10670000B54208D007DDC1E900042160416010E016
:10671000A342F8D01B68002BF5D09A6862B112F939
:10672000522CAA42F4D0F3DD5A68C1E9003211605C
:10673000596070BDAB7BFFDE937BFCE72DE9F84F22
:1067400000250F461446984601462E464FF0100A83
:10675000A946BD4202DB3046BDE8F88FEFF3118B4E
:106760008AF31288BFF36F8F4B7B03F03F03082B34
:1067700009D853B1013B072B07D8DFE803F0281CE9
:1067800006220606062E102B2DD0B8F1000F3BD1A5
:106790002378002B38D04B7B03F03F03082B3AD8EB
:1067A000002B3AD0013B072B37D8DFE803F0433901
:1067B000363F363636460B699B68002BE5D0022300
:1067C00017E00B691B68002BDFD0042311E00B6975
:1067D0009B68002BD9D001230BE00B695B6A002B6F
:1067E000D3D0102305E00B69DA895B899A42CCD0BB
:1067F0002023CA68C1F80890C2F38630034363F3CC
:106800009432CA6084F800908BF31188BFF36F8FC5
:10681000013514319DE7102B13D001368C60F3E75E
:10682000086922461030FFF75FFFF6E70869224645
:106830001430F8E722460869F5E70869224628304F
:10684000F1E7086922463030EDE72DE9F041846830
:1068500005460E46D4B16378012B22D114F8533C7F
:106860009A0711D5A4F160073846FFF7E6FD082E18
:106870000CBF6FF003030023E36214F8533CDB0604
:1068800002D13846FFF77CFD00232370EB6800201F
:10689000C3F38632A860164366F39433EB60BDE819
:1068A000F081022BF0D12378002BEDD054F8048C2A
:1068B000B8F1000FE8D004F11400A4F11407FFF7B9
:1068C0005BFE002339464046E362FFF7B9FCDBE795
:1068D0005205090202F4001201F47C510A43017BC3
:1068E00010B50A430024C0E90323846010BD38B505
:1068F000EFF31185102383F31288BFF36F8F0468C1
:10690000A04211D02046D4E9003213605A6000231F
:10691000C4E90033FFF799FF85F31188BFF36F8F48
:10692000201E18BF012038BD0024F5E72DE9F347EC
:10693000064617460C46DDE90A98E1B102F0010A65
:10694000E0F7EEFF0546EFF31181102383F3128881
:10695000BFF36F8FBB0744BF0023B360B36803EA84
:106960000402BAF1000F0AD094420AD181F31188CF
:10697000BFF36F8F1C40204602B0BDE8F087002AAD
:10698000F4D159EA080305D181F31188BFF36F8F61
:106990000023EFE7C5E91A47324606F10C00CDE9BE
:1069A0000098E0F70FFE0028F2D1AB6EE2E710B5D9
:1069B000C46E826E4B68E40703EA02030BD59A4269
:1069C0000BD1012380F870300B68436608601830E3
:1069D000FFF7D2FD01E0002BF3D1002010BD002312
:1069E000C0E900008360037370470A46E1F7D0BB3B
:1069F0000A460021E1F7CCBB5200FFF797BF0432F3
:106A000070B504460ED2EFF31185102686F3128876
:106A1000BFF36F8F41F00401984785F31188BFF3EE
:106A20006F8F08B9002070BD40F8044BFBE720B120
:106A3000011F50F8040CFFF7CFB9704708B5CEF727
:106A4000E9FE07F00FB9114607F00EB90123036004
:106A5000704710B50446E8F785FD20460421FFF78E
:106A6000F0FF204610BD10B50446E8F7CFFD2046E4
:106A70000C21FFF7E6FF204610BD2DE9F041DDF8BF
:106A80001880904506460F4615461C460BD0B06848
:106A90000368CDF818801E6A2A4623463946B44654
:106AA000BDE8F0416047194600F057F80028EED0E5
:106AB0000620BDE8F0812DE9F14F0D461946DDE9CC
:106AC0000A4BDDE90CA681461746984600F045F8CA
:106AD00090B1002D3460377109DB2C44A24514BFFE
:106AE00001240624B471002001B0BDE8F08F023506
:106AF000F9D10123B371F6E7544506D1594648460A
:106B000000F02BF808B17771EDE7D9F808000368B9
:106B1000CDE90CA6CDE90A4BDC693A464346294645
:106B2000A44601B0BDE8F04F60472DE9F0410746AB
:106B30000C4615461E4607F074F848B9B868036855
:106B40009F692A4633462146BC46BDE8F04160476E
:106B5000BDE8F081704700207047814208B50ED033
:106B6000406803782A2B0CD049680B782A2B08BF81
:106B70000131CBF737F9B0FA80F0400908BD0120A8
:106B8000FCE70020FAE770474268511E012A08B569
:106B900041600ED103685B6898470AE007F075F919
:106BA00007F09CF905E0013101D007F0CCF8F0F7CF
:106BB00043FF08BD0160704738B543680446B3B968
:106BC0006068B0B9E36813BBE06810BB23691BBB06
:106BD000206958BB204638BD52F8250008B1FFF7A0
:106BE000D3FF0135D4E90123AB42F5D8E8E700250E
:106BF000F8E707F03BF8E5E752F8250008B1FFF7A2
:106C0000C3FF0135D4E90232AB42F5D8DCE70025F9
:106C1000F8E707F02BF8D9E700252369585908B1A0
:106C200007F024F80435182DF7D1D1E707F01EF846
:106C3000D0E703685A1E012B10B50446026006D146
:106C4000FFF7BAFF2046BDE8104007F00BB810BDB3
:106C500010B50446E9F72AFA04E0204607F002F8E6
:106C600007F071F8204606F0FDFF204610BD10B574
:106C70000446E9F731FA04E0204606F0F3FF07F096
:106C800062F8204606F0EEFF204610BD10B504461F
:106C9000E9F738FA04E0204606F0E4FF07F053F87D
:106CA000204606F0DFFF204610BD10B50446E9F788
:106CB00047FA04E0204606F0D5FF07F044F82046E6
:106CC00006F0D0FF204610BD10B50446E9F7DEFA05
:106CD00004E0204606F0C6FF07F035F8204606F02F
:106CE000C1FF204610BD10B50446E9F7E5FA04E0FF
:106CF000204606F0B7FF07F026F8204606F0B2FF60
:106D0000204610BD10B50446E9F73AFB04E02046E2
:106D100006F0A8FF07F017F8204606F0A3FF20466C
:106D200010BD10B50446E9F741FB04E0204606F02B
:106D300099FF07F008F8204606F094FF204610BDA2
:106D400010B50446E9F79AFB04E0204606F08AFFF6
:106D500006F0F9FF204606F085FF204610BDC36807
:106D60009A68C26010B502B1506042685A600C68FF
:106D7000844203D10B609860436010BD91688142EA
:106D80000CBF9360D360F6E78368DA68826010B561
:106D900002B1506042685A600C68844203D10B60B3
:106DA000D860436010BDD16881420CBFD36093604E
:106DB000F6E7C36823B118469B68002BFBD17047E8
:106DC0004368DA68824204D0C268934218BF18460A
:106DD000704718465B68F4E7027803462AB94268B0
:106DE0005268824201D1D06870479A6822B1104639
:106DF000D268002AFBD17047586882689A4200D056
:106E0000704703464068F8E7FFF7D3BFFFF7D1BFED
:106E1000FFF7E2BF2DE9F8431D461F1D0023C1E91E
:106E200002330C464A600B70A0B19542916002D1CA
:106E30006960EC6003E0AB68934208BFA9604FF063
:106E400000094FF001086B68A34232D101221A7089
:106E5000BDE8F883D160EB689342F0D1E9E7C368FD
:106E6000A34203D13946FFF77AFF044663683946E7
:106E700083F80080304686F80090FFF785FFE2E750
:106E800033B11A7822B980F8008083F8008021E0BD
:106E90008368A34203D13946FFF776FF044663684F
:106EA000394683F80080304686F80090FFF757FF98
:106EB000C9E760680278002AC8D14668B36883428F
:106EC000DED1F268002ACAD011780029C7D1012189
:106ED0001970117086F800903446B4E72DE9F84334
:106EE0000F46D0E902120546002938D01AB9446885
:106EF0000E46746037E01046034680680028FBD1D8
:106F0000AB42DE682CD09A424B6099601ED05C6820
:106F100006B1746059688E60DA60EA6853607A6816
:106F2000AA4215D17B606A6829785A601A7819706C
:106F30002A702B783BB17B68B34207F104087ED1FD
:106F4000002E40F0A1802846BDE8F8831C46E6E705
:106F50006A689168A9420CBF9360D360E3E7164664
:106F60006C68002EC5D17B68AB420FD17E60BB68D8
:106F7000AB4203D1EB6883B96B68BB60FB68AB4283
:106F8000D7D1AB6883B96B68FB60D2E76B689A684E
:106F9000AA420CBF9E60DE60E9E733461A469B6852
:106FA000002BFBD1BA60E9E733461A46DB68002BB9
:106FB000FBD1FA60BDE713B11B78012B07D1012388
:106FC0001370002303704146FFF7DEFEE06823786C
:106FD0000370C3680122227003B11A704146204633
:106FE000FFF7BDFEACE703783BB9012202704146D2
:106FF00020462370FFF7C8FEA068D0E9023212B124
:107000001178012903D1A3B31978012931D013B123
:107010001B78012B07D10123137000230370414615
:10702000FFF79DFEA0682378037083680122227019
:1070300003B11A7041462046FFF7A6FE80E706BB63
:10704000A068B042A146CED1E06803783BB90122E6
:107050000270414620462370FFF781FEE068D0E9C8
:10706000022312B111780129A5D113B11978012990
:10707000A1D1002303707B68646899454E463FF4B4
:107080005FAF3378012BDBD0012333705BE713B59F
:1070900004466846E9F708FADDE900232046C4E91A
:1070A000002302B010BD009B03201A60704700202F
:1070B00070470020704704207047009B03201A602F
:1070C00070477F2908D8D0E900329A4242D05A1C32
:1070D0000260197001207047B1F5006F10D2D0E93D
:1070E0000032D21A012A35D95A1C02608A09403A64
:1070F0001A70036801F03F015A1C02608039E8E70A
:10710000B1F5803F11D2D0E90032D21A022A21D93A
:107110005A1C02600A0B203A1A700268531C036062
:10712000C1F38513803B1370E3E7B1F5881F11D2DB
:10713000D0E90032D21A032A0CD95A1C02608A0CF8
:10714000103A1A700268531C0360C1F30533803B88
:107150001370E2E700207047D0E90032D21AF0B590
:10716000044661D018787F2802D801332360F0BD2F
:10717000C1283AD9DF280ED8012A55D05A7802F012
:10718000C005802D31D1A2F5425202EB8010814220
:10719000EDD30233EAE7EF281AD8022A44D95D7802
:1071A00005F0C002802A20D1E02801D19F2D1CD9F2
:1071B0009A7802F0C006802E17D1A2F56222803A9A
:1071C00002EB003202EB85108142D0D30333CDE7CE
:1071D000F4280AD8032A27D95D7805F0C002802A4E
:1071E00003D1F02804D18F2D06D84FF0FF30BEE731
:1071F000F42801D18F2DF8D89E7806F0C002802A9D
:10720000F3D1DA7802F0C007802FEED1A2F17272CA
:10721000A2F5025202EB804202EB053202EB86102D
:107220008842A4D80433A1E76FF001009FE77F29CB
:1072300010B508D8D0E900329A4247D05A1C0260F3
:107240001970012010BDB1F5006F0FD2D0E90032E6
:10725000D21A012A3AD98C091A46403C02F8024B4C
:1072600001F03F01803902605970EAE7B1F5803FD3
:1072700012D2D0E90032D21A022A27D90A0B203AB8
:107280001A70C1F38512803A01F03F015A708039BB
:10729000DA1C02609970D4E7B1F5881F16D2D0E9E4
:1072A0000032D21A032A11D98A0C103A1A70C1F38B
:1072B0000532803A5A70C1F38512803A01F03F01DD
:1072C0009A7080391A1D0260D970BAE70020B9E7B8
:1072D000D0E90032D21AF0B5044661D018787F2880
:1072E00002D801332360F0BDC1283AD9DF280ED877
:1072F000012A55D05A7802F0C005802D31D1A2F56F
:10730000425202EB80108142EDD30233EAE7EF28CC
:107310001AD8022A44D95D7805F0C002802A20D10B
:10732000E02801D19F2D1CD99A7802F0C006802E4A
:1073300017D1A2F56222803A02EB003202EB8510EF
:107340008142D0D30333CDE7F4280AD8032A27D9C2
:107350005D7805F0C002802A03D1F02804D18F2D7A
:1073600006D84FF0FF30BEE7F42801D18F2DF8D8B2
:107370009E7806F0C002802AF3D1DA7802F0C007C6
:10738000802FEED1A2F17272A2F5025202EB80427E
:1073900002EB053202EB86108842A4D80433A1E741
:1073A0006FF001009FE7B1F5803F10B5D0E90043D1
:1073B0000BD29C4221D0D30789B201D449BA89B2F9
:1073C000A31C03602180012010BD1B1B022B14D9BC
:1073D0008B0AC1F30901A3F52153A1F51051D2077E
:1073E0009BB289B203D45BBA49BA9BB289B2224636
:1073F00022F8043B02606180E5E70020E4E773B512
:107400001E46079B0093089B01931446A6422546FF
:1074100007D10020069B009A1D60099B1A6002B0EC
:1074200070BD2168B1F5881F05F1040406D26846D5
:10743000FFF7FDFE0028E9D10120EBE70220E9E794
:107440002DE9F0410E46044619463046069D174682
:10745000E9F760F830BB0120BDE8F0811988A1F59B
:107460005840B0F5806F23D2012D29D0D21A022ABC
:107470001CD95B88A3F55C42B2F5806F20D2A3F1E2
:107480005773A3F5773303EB81214FF00208B9421C
:1074900016D83046FFF715FE0028DCD0236803EB32
:1074A00048032360D4E900329A42D7D10020D3E7C1
:1074B000A1F55C43B3F5806F02D34FF00108E6E716
:1074C0000220C9E770B50D460446194628461646FF
:1074D000E9F720F860B9012070BD19688E420DD31C
:1074E0002846FFF7EEFD0028F5D02368043323601B
:1074F000D4E900329A42F0D10020EDE70220EBE718
:10750000F8B50D46194604461646E9F74BF8D4E996
:107510000030984211D0D5E90072BA420DD0314600
:107520002046FFF719FE831C01D1012008E08642A6
:1075300007D33B1D2B603860E9E7C01A18BF012054
:10754000F8BD0220FCE72DE9F8430D461946044634
:1075500016461F46E9F726F8D4E90089C8451DD02C
:10756000D5E900329A4219D031462046FFF7F4FDA2
:10757000831C014604D108980130C0B2BDE8F883ED
:107580008E4209D33A462846FFF70DFF0028E3D183
:10759000C4E900890120F1E70220EFE70020EDE7D0
:1075A000F7B5CDE900019DF82010684616461C4647
:1075B000E8F7F8FF00277D1CB54209D30ED14FF63E
:1075C000FF71A14228BF21466846FFF7C5FD05E0CF
:1075D00021466846FFF7C0FD844202D2009803B0FE
:1075E000F0BDB0F5803F38BF3D466F1CE3E773B593
:1075F0001D46079B0093089B01931446AC4207D19C
:107600000020069B009A1C60099B1A6002B070BDA6
:107610002188A1F55843B3F5806F16D22B1B022B9E
:10762000EED96288A2F55C43B3F5806F14D2A2F163
:107630005772A2F5773202EB812102266846FFF7E6
:10764000F6FD58B104EB4604D8E7A1F55C43B3F569
:10765000806F01D30126F1E70220D2E70120D0E7B5
:1076600010B50446E9F78CF8204606F0FBFA2046F0
:1076700010BD10B50446E9F78DF8204606F0F2FA81
:10768000204610BD10B50446E9F78EF8204606F0F6
:10769000E9FA204610BD10B50446E9F78FF82046F8
:1076A00006F0E0FA204610BDF8B50B6853F80C5C04
:1076B0000746681C0E4606F0A9FD00230446014655
:1076C0002A463046E9F706FC002363553C6028460D
:1076D000F8BD13B5049CCDE9003413460A46C168D1
:1076E0004FF0000002F029FC02B010BD30B58BB0A5
:1076F0000D460AA901E90C0079230693129B059314
:10770000119B0493109B03930EAA044692E8030076
:1077100001AB83E80300099B00932046089BAA68FD
:107720004FF0000102F02FFD20460BB030BD30B508
:107730008BB00D460AA901E90C006D230693129B3C
:107740000593119B0493109B03930EAA044692E8A1
:10775000030001AB83E80300099B00932046089BCC
:10776000AA684FF0000102F00EFD20460BB030BDBC
:1077700030B58BB00D460AA901E90C0077230693BA
:10778000129B0593119B0493109B03930EAA04462E
:1077900092E8030001AB83E80300099B00932046B5
:1077A000089BAA684FF0000102F0EDFC20460BB0E8
:1077B00030BD30B58BB00D460AA901E90C00642339
:1077C0000693129B0593119B0493109B03930EAA9F
:1077D000044692E8030001AB83E80300099B009391
:1077E0002046089BAA684FF0000102F0CCFC20461E
:1077F0000BB030BD30B58BB00D460AA901E90C00C5
:1078000074230693129B0593119B0493109B03937F
:107810000EAA044692E8030001AB83E80300099B2B
:1078200000932046089BAA684FF0000102F0ABFCD1
:1078300020460BB030BD81684FF0000002F0A0BCC4
:10784000F0B591B00AAC84E80C00002307930D93C7
:107850000EAB06930DAB0593199B04939DF8603016
:10786000039316AA0F46054692E8030001AB83E88E
:1078700003000B9B009308AE0A9BBA684FF000010F
:10788000304602F0DAFC96E803000D9B84E8030022
:107890005BB9DDE90E231B99C1E9002394E80300DD
:1078A00085E80300284611B0F0BD1A9A1360F5E789
:1078B00010B58AB00DF1280C0CE90C0000230693DA
:1078C000DDE91023CDE904239DF8383003930D9BA7
:1078D00002939DF830300193099B00938A68089BBE
:1078E0004FF00001044602F0FBFC20460AB010BD38
:1078F0000A4601694FF0000002F03EBC07B513468E
:107900000A680093016952F80C3C4FF0000002F045
:10791000F0FB03B05DF804FB07B5006801A90C3863
:10792000E9F744FB03B05DF804FBFFF7F5BF10B5C2
:107930000446006843685A1E012B426002D1036866
:107940005B689847204610BD10B50446E9F764F817
:10795000204606F087F9204610BD10B50446E9F729
:107960006DF8204606F07EF9204610BD10B504469D
:10797000E9F778F8204606F075F9204610BD10B5F5
:107980000446E9F783F8204606F06CF9204610BD5E
:1079900010B50446E9F788F8204606F063F920465A
:1079A00010BD10B50446E9F795F8204606F05AF9DF
:1079B000204610BD10B50446E9F79EF8204606F0B3
:1079C00051F9204610BD10B50446E9F7A7F8204646
:1079D00006F048F9204610BD836910B5044603B18E
:1079E0009847204610BD70B592B00E460BAD08A961
:1079F00081E80C0004460023199911932846E8F702
:107A0000EBFF00220023CDE904239DF860300393AF
:107A1000179B02939DF858300193099B009306959C
:107A2000089BB2684FF00001204602F059FC04E0C8
:107A30002846FFF7D1FF06F086F92846FFF7CCFF6E
:107A4000204612B070BD37B5084614460D4603F007
:107A500086F984F82400284603F084F90023A36003
:107A60006361E361012384F82500294601A884F8B5
:107A7000643003F07AF901A904F10800FFF714FE5D
:107A8000E06001A8FFF748FF294601A803F074F958
:107A900001A904F11400FFF707FEA06101A8FFF798
:107AA0003BFF294601A803F06EF901A904F11C006F
:107AB000FFF7FAFD206201A8FFF72EFF03B030BDEB
:107AC00001A8FFF729FF06F03EF9F9E7F8E710B43F
:107AD000084611461A46DDE90134019410BC03F052
:107AE00077BA13B5144601A81A46049B03F076FA38
:107AF00001A92046E8F770FF01A8FFF70DFF02B0CB
:107B000010BD01A8FFF708FF06F01DF937B50846BC
:107B100014460D4603F0F4F86074284603F0F3F8B9
:107B2000A074284603F00EF90023A3606361E361AB
:107B300063620123E062294601A884F8433003F020
:107B4000E5F801A904F10800FFF7AEFDE06001A827
:107B5000FFF7E2FE294601A803F0DFF801A904F1CE
:107B60001400FFF7A1FDA06101A8FFF7D5FE29468B
:107B700001A803F0D9F801A904F11C00FFF794FD56
:107B8000206201A8FFF7C8FE294601A803F0D3F838
:107B900001A904F12400FFF787FDA06201A8FFF707
:107BA000BBFE284603F0D1F82063284603F0D2F844
:107BB000606303B030BD01A8FFF7AEFE06F0C3F866
:107BC000F9E7F8E7F7E737B5084614460D4603F03E
:107BD00068F86074284603F067F8A074284603F03C
:107BE00082F80023A3606361E36163620123E062C2
:107BF000294601A884F8433003F059F801A904F19B
:107C00000800FFF751FDE06001A8FFF785FE294657
:107C100001A803F053F801A904F11400FFF744FD93
:107C2000A06101A8FFF778FE294601A803F04DF8EE
:107C300001A904F11C00FFF737FD206201A8FFF73E
:107C40006BFE294601A803F047F801A904F12400BE
:107C5000FFF72AFDA06201A8FFF75EFE284603F0A9
:107C600045F82063284603F046F8606303B030BD52
:107C700001A8FFF751FE06F066F8F9E7F8E7F7E725
:107C800013B510460C466A46C118E8F77FFE049A01
:107C9000019001A9204603F089F904E001A8FFF74B
:107CA0003BFE06F050F8044601A8FFF735FE2046DB
:107CB00002B010BDF0B587B00E460E980F9915466C
:107CC000014403AA1F46E8F761FE04AC0D9B049033
:107CD000009301940C9B3A46314605A803F069F9DC
:107CE00005A92846E8F778FE05A8FFF715FE204607
:107CF000FFF712FE07B0F0BD05A8FFF70DFE204606
:107D0000FFF70AFE06F01FF8F9E70846114603F0F0
:107D10005CB9084603F0BBB882B0F0B587B0054641
:107D20009DF850700D93742F16461398DDE91121BC
:107D30000FAC0DAB1ED00ED8642F2DD0CDE90310A3
:107D4000029294E803008DE8030031460CCB2846EC
:107D500003F0F4F81AE0772F2BD0CDE9031002924C
:107D600094E803008DE8030031460CCB284603F06D
:107D700001F90BE0CDE90310029294E803008DE8CD
:107D8000030031460CCB284603F084F8284607B0A0
:107D9000BDE8F04002B07047CDE90310029294E8CC
:107DA00003008DE8030031460CCB284603F08EF823
:107DB000ECE7CDE90310029294E803008DE803009C
:107DC00031460CCB284603F09DF8DFE782B02DE961
:107DD000F04788B0044618999DF84C80DDF8509023
:107DE0009DF854A01193164611AFB1B107AD2846C6
:107DF000E9F74CF8CDE902A5CDE90089314697E8CD
:107E00000C00204602F035FF2846FFF785FD20468E
:107E100008B0BDE8F04702B07047DDE91623CDE9B0
:107E2000019ACDE90423CDF8008097E80C00314693
:107E300002F005FFEBE72846FFF76EFD05F083FF34
:107E400010B58AB00446009300201346C968099013
:107E500003AA02F07CF803A92046E9F717F804E02A
:107E600003A8FFF7B9FD05F06EFF03A8FFF7B4FD07
:107E700020460AB010BDF0B597B00AAC84E80C00FB
:107E80000FAE0023CDE9063615930D930DAB059388
:107E90001F9B04939DF8783003931CAA8C460546DB
:107EA00092E8030001AB83E803000B9B009308AF4B
:107EB0000A9BDCF808204FF00001384602F0BDF9BB
:107EC00097E803000D9B84E80300A3B931460EA890
:107ED000E8F7DCFF21980EA900F08EF80EA8FFF756
:107EE0001BFD94E8030085E803003046FFF774FDAE
:107EF000284617B0F0BD209A1360F2E73046FFF72E
:107F00006BFD05F020FF30B58DB0044600200B90CE
:107F10001198006850F80C5CCDE902051098CDE985
:107F200000301346096905AA4FF0000002F0FBF883
:107F300005A92046E8F7AAFF04E005A8FFF74CFDD5
:107F400005F001FF05A8FFF747FD20460DB030BD45
:107F50000AB106F04DBE1046704713460A4611B1ED
:107F60001978C8F79DB908467047006801F180414B
:107F700050F80C0C0439091A914208B502D218467F
:107F8000EAF7D0FF08BD03688B4207D853F80C2CE2
:107F90001344994294BF002001207047012070478C
:107FA000012A30B403D10B78037030BC7047002A2B
:107FB000FBD030BC06F0DABD012A30B403D10B7817
:107FC000037030BC7047002AFBD030BC06F0DCBD2B
:107FD0000B46012B10B41146044602D1227010BC8E
:107FE0007047002BFBD010BC1A4606F0E7BD08B561
:107FF000521AFFF7D5FF08BD036853F8042C002A76
:10800000B8BF002210B5B8BF43F8042C0A6852F874
:10801000044C002CBCBF002442F8044C02600B60EE
:1080200010BD036810B553F80C4C1046A04202D3A3
:108030004FF0FF3010BD1A5C8A42FBD10130F5E7EA
:1080400005F010BE2DE9F74F0546006850F80C7C8E
:1080500002EB01090C46A3EB020850F8081CB844D7
:1080600088451E46A7EB090703D850F8043C002BAF
:108070001EDD01AA4046E8F753FF824600F10C0BD3
:1080800024B1296822465846FFF78AFF47B129687C
:1080900004F10C0030443A4649445044FFF780FF55
:1080A000286801A90C38E8F781FFC5F800B000E0A6
:1080B0003FB9286841460C38E8F726FF03B0BDE811
:1080C000F08F9642F5D0264400EB09013A46304441
:1080D000FFF772FFEDE7036853F80C2C10B5044668
:1080E0006AB153F8043C002B04DD00231A461946FC
:1080F000FFF7A8FF23684FF0FF3243F8042C10BDB0
:1081000008B5036853F8043C002B01DBFFF7E3FFDD
:1081100008BD10B50446FFF7F3FF206810BD37B562
:1081200003680092CC1A0546012300222146E8F795
:1081300079FF28684FF0FF3340F8043C204403B037
:1081400030BDF8B5069F1E463B4604460D46FFF778
:1081500079FF2FB120683A4631462844FFF720FFC7
:108160002046F8BD70B50446104623680A461844F8
:108170006168E8F7D5FE2268054600F10C0622B1D9
:1081800004F10C013046FFF70BFF28462168E8F7A1
:10819000BBFE304670BD37B50446006850F8083C59
:1081A000994204D850F8042C002A0DDD194650F8E5
:1081B0000C2D8A1A01A9FFF7D5FF0546206801A9F1
:1081C0000C38E8F7F3FE256003B030BDF8B50B6856
:1081D00053F80C7C04460E46E7B1036853F80C5C78
:1081E00053F8082C3D44954203D853F8043C002B27
:1081F00003DD29462046FFF7CEFF2368316853F898
:108200000C0C3A461844FFF7CBFE206829460C3880
:10821000E8F77AFE2046F8BD08B50022E8F7C6FF69
:1082200008BD036870B553F80C5C53F8082C013591
:10823000954204460E4603D853F8043C002B03DD58
:1082400029462046FFF7A7FF236853F80C2C9E54BD
:10825000206829460C38E8F757FE70BD084670477D
:108260000846704710B50446E8F7BEFF204605F003
:10827000F9FC204610BD8A4210B5144603D002987E
:10828000521A06F073FC204610BD8A4238B51846D3
:10829000144602D0521A06F069FC204638BD2DE97A
:1082A000F041C0B06B46044600251F4603F8015B51
:1082B0000135B5F5807FF9D1264640AA56F81D3B19
:1082C0003946D3F81C8020463346C0472A463146FB
:1082D000384606F08DFC00280CBF012302232377CB
:1082E00040B0BDE8F08183695B5C9B0744BF2039E7
:1082F000C9B20846704770B506460C461546AC42F2
:1083000001D3284670BD336821789B683046984772
:1083100004F8010BF3E783695B5CDB0744BF2031A2
:10832000C9B20846704770B506460C461546AC42C1
:1083300001D3284670BD336821781B6930469847C1
:1083400004F8010BF3E78368587C70478368987CD6
:1083500070478368D86A704783681B6B0020DAB265
:1083600062F30700C3F3072262F30F20C3F307424F
:1083700062F317401B0E82B063F31F6002B07047B8
:1083800083685B6B0020DAB262F30700C3F3072255
:1083900062F30F20C3F3074262F317401B0E82B053
:1083A00063F31F6002B070478368587C704783682E
:1083B000987C70478368D86A704783681B6B00207D
:1083C000DAB262F30700C3F3072262F30F20C3F3AC
:1083D000074262F317401B0E82B063F31F6002B0C6
:1083E000704783685B6B0020DAB262F30700C3F367
:1083F000072262F30F20C3F3074262F317401B0EFC
:1084000082B063F31F6002B07047836893F8240062
:108410007047836893F8250070470020704700205C
:10842000704770470020914200D3704711F8013B1C
:1084300003EB7060F7E710B50446E8F711FF20463C
:1084400005F010FC204610BD10B50446E8F712FFF9
:10845000204605F007FC204610BD10B50446E8F79D
:1084600013FF204605F0FEFB204610BD10B5044664
:10847000E8F714FF204605F0F5FB204610BD10B5C7
:108480000446E8F719FF204605F0ECFB204610BD36
:10849000D0E902218A4202D2013282607047036829
:1084A0009B6A1847436E0B60836E4B60C36E8B6094
:1084B000036FCB60436F0B61836F4B61C36F8B6145
:1084C000D0F88030CB61D0F884300B62D0F888309F
:1084D0004B62D0F88C308B62D0F89030CB62704712
:1084E000D0F894300B60D0F898304B60D0F89C30C6
:1084F0008B60D0F8A030CB60D0F8A4300B61D0F8FE
:10850000A8304B61D0F8AC308B61D0F8B030CB6183
:10851000D0F8B4300B62D0F8B8304B62D0F8BC3031
:108520008B62D0F8C030CB62704707B500920B4623
:1085300000224168EFF714F803B05DF804FB10B5B2
:1085400004460068FFF7A4FF4FF0FF33636010BDDF
:108550002DE9F0411F46037F012B04460D461646C8
:1085600007D1914213D03846521ABDE8F04106F0C7
:10857000FDBA0BB9FFF793FE2368D3F81CE032462F
:108580003B4629462046F446BDE8F0416047BDE839
:10859000F08173B5531A0F2B04460D46164601930E
:1085A00006D9002201A9EEF7ABFF019B2060A36072
:1085B00032462946206805F09DF8019B22686360D9
:1085C0000021D15402B070BD10B58B680446D96942
:1085D000E8F734FF204610BD10B58B680446596992
:1085E000E8F72CFF204610BD10B58B68044699684B
:1085F000E8F724FF204610BD10B58B680446596A81
:10860000E8F71CFF204610BD10B58B680446D969F9
:10861000E8F714FF204610BD10B58B680446596971
:10862000E8F70CFF204610BD10B58B68044699682A
:10863000E8F704FF204610BD10B58B680446596A60
:10864000E8F7FCFE204610BD10B58B680446D969DA
:10865000E8F7F4FE204610BD10B58B680446596952
:10866000E8F7ECFE204610BD10B58B68044699680B
:10867000E8F7E4FE204610BD2DE9F0431C4600F16A
:10868000080387B015460360002343600372064663
:10869000884602AB2246294668460093FFF779FFD9
:1086A000DDE90073641B6400204607EB030905F055
:1086B000ADFD05463A4623462946404606F004F8F5
:1086C000844202460ED8441C284605F0CFFA2046C4
:1086D00005F09CFD3A46014605462346404605F016
:1086E000F3FF024629463046E8F7F4FD10E005F0B6
:1086F000CCFB284605F0BAFA05F051FD05F0EEFB7B
:10870000684604F093FF304604F090FF05F01BFB31
:108710003846C9F779FB384481450BD0471C002106
:10872000304605F084F8C5E7E1E705F0AEFBE3E786
:10873000E6E7E8E7284605F099FA684604F076FF90
:10874000304607B0BDE8F0832DE9F0438DB01C46FC
:10875000804602AB68460093FFF71BFF08AB149AF4
:108760000693214606A8FFF714FFDDE90097DDE92F
:1087700006564F442E442A464946404605F099FF86
:10878000044670B94846C9F73FFB81442846C9F7FB
:108790003BFB4F4505EB00040DD1341B18BF4FF0D8
:1087A000FF3406A804F042FF684604F03FFF20466D
:1087B0000DB0BDE8F083A64203D009F10109651CA4
:1087C000D9E70124EDE7684604F030FF05F0BBFA75
:1087D00003689B68184703681B69184770B5037FD7
:1087E00004460D4643B9FFF75AFD23682946204643
:1087F0009B69BDE8704018470C44607F70BD70B540
:108800004418164694F81D313BB903681B6A984713
:108810008642034618BF84F81D01184670BDF0B5A6
:1088200089B006AE86E80C00139A0B680592129A7E
:108830000492119A03929DF8402002920EAA0446D7
:108840000D4692E803008DE8030020469F68294604
:1088500096E80C00B847204609B0F0BDF0B589B0E5
:1088600006AE86E80C00139A0B680592129A0492E1
:10887000119A03929DF8402002920EAA04460D46DA
:1088800092E803008DE803002046DF68294696E859
:108890000C00B847204609B0F0BD70B588B006ACF2
:1088A00084E80C00DDE91023CDE904239DF838307D
:1088B00002930D9B01930E689DF83030009394E86D
:1088C0000C00B6680546B047284608B070BD70B5C4
:1088D00086B004AC84E80C000D9A03929DF8302019
:1088E00002920B9A01920B689DF828200092DE6894
:1088F00094E80C000546B047284606B070BD0368F2
:108900009B6818470368DB68184710B50B68044676
:108910001B699847204610BD10B50B6804465B697B
:108920009847204610BD10B50B6804469B699847D0
:10893000204610BD10B50B680446DB6998472046F9
:1089400010BD03681B6A184703685B6A82B002B0F7
:10895000184703689B6A82B002B0184703689B6897
:1089600018470368DB68184710B50B6804461B6995
:108970009847204610BD10B50B6804465B699847C0
:10898000204610BD10B50B6804469B6998472046E9
:1089900010BD10B50B680446DB699847204610BD32
:1089A00003681B6A184703685B6A82B002B0184705
:1089B00003689B6A82B002B0184703689B68184737
:1089C0000368DB68184710B50B6804461B699847B5
:1089D000204610BD10B50B6804465B6998472046D9
:1089E00010BD10B50B6804469B699847204610BD22
:1089F00003689B681847F0B589B006AE86E80C009E
:108A0000129A0B680492119A0392109A02920EAA7B
:108A100004460D4692E803008DE803002046DF6817
:108A2000294696E80C00B847204609B0F0BDF0B5DD
:108A300089B006AE86E80C00129A0B680492119A6F
:108A40000392109A02920EAA04460D4692E8030081
:108A50008DE8030020461F69294696E80C00B847B8
:108A6000204609B0F0BDF0B589B006AE86E80C002E
:108A7000129A0B680492119A0392109A02920EAA0B
:108A800004460D4692E803008DE8030020465F6926
:108A9000294696E80C00B847204609B0F0BDF0B56D
:108AA00089B006AE86E80C00129A0B680492119AFF
:108AB0000392109A02920EAA04460D4692E8030011
:108AC0008DE8030020469F69294696E80C00B847C8
:108AD000204609B0F0BDF0B589B006AE86E80C00BE
:108AE000129A0B680492119A0392109A02920EAA9B
:108AF00004460D4692E803008DE803002046DF6936
:108B0000294696E80C00B847204609B0F0BD036836
:108B10009B68184773B5079E01960D68069E0096E0
:108B2000ED680446A847204602B070BD03681B6983
:108B3000184710B40468A468A44610BC604738B550
:108B40000D680446ED68A847204638BDF7B56D4668
:108B500085E806009DF80460089F0446194636B96A
:108B600000983A4604F05BFD874218BF01268DF855
:108B7000046095E8030084E80300204603B0F0BDDC
:108B80002DE9F04F99B006A9229F059007F16C04DA
:108B9000204681E80C00249D9DF88C80EAF77AFD40
:108BA00082462046E8F70AFC2E6890F83830327882
:108BB00069689A42044622D0026BC369D0F82090BB
:108BC000099203933144334699421D4607D92878C8
:108BD000DAF81820125C520703F10103F4D4AD1B3C
:108BE000AB46002D00F0E3800EAB0C936900002330
:108BF0000CA80D938DF8383004F0FAFD09E0426BB3
:108C0000436AD0F82890099203930029DAD00136FC
:108C1000D8E7E36AA5EB030ABAF1000F1DDDE168AE
:108C20000D9A15EA230538BF5546F1B10021009190
:108C30006B000CA8EEF794FC7319A17C0C98CDE99D
:108C40000063D4E9022302F0D0F90C994FF0FF320F
:108C5000411A0CA8E8F792FBAA46E36A002B1EDD36
:108C6000617C0CA804F0E3FD05E0009533460CA8F8
:108C7000EEF7B6FCF0E7BAF1000F06DBE26A06EBAE
:108C80000A010CA8E8F726FB09E094F83920CAF19C
:108C900000010CA8FFF749FC5A463146F1E7FD6890
:108CA00005F0B003049315F400750D9B18BFA5697A
:108CB0004B441D4414AB12936900002312A8139374
:108CC0008DF8503004F094FD049BBE68102B11D138
:108CD000B5422CBF4FF0000B4FF0010B4FF0000AD4
:108CE00009AB13F80A30042B2AD8DFE803F0261B5F
:108CF000060F18004FF0000BF0E7FB689B051FD52F
:108D0000D4E9051212A8E8F7E5FA19E0B9F1000F65
:108D100016D0039B197812A804F089FD10E0DDE954
:108D20000C12EFE7BBF1000F05D04246711B12A8F1
:108D3000FFF7FBFB04E04146EDE7BBF1000FF4D188
:108D40000AF1010ABAF1040FCAD1B9F1010F06D92B
:108D5000039909F1FF32013112A8E8F7BBFA139920
:108D60008E4209D9049B202BA6EB01010DD142466E
:108D700012A8FFF7DAFB31460AAC009106AA06CA30
:108D8000129B2046FFF7E2FE06E00A46434600211A
:108D900012A8E8F769FBEEE794E80300069012A832
:108DA0008DF81C1004F042FC0CA804F03FFC0023DA
:108DB000BB6006AB93E80300059B83E803001846FD
:108DC00019B0BDE8F08F12A804F030FC0CA804F034
:108DD0002DFC04F0B8FFF9E72DE9F04F99B006A992
:108DE000229F059007F16C04204681E80C00249D29
:108DF0009DF88C80EAF74EFC82462046E8F77EFA22
:108E00002E6890F83830327869689A42044622D049
:108E1000026BC369D0F82090099203933144334622
:108E200099421D4607D92878DAF81820125C5207B3
:108E300003F10103F4D4AD1BAB46002D00F0E38039
:108E40000EAB0C93690000230CA80D938DF83830FD
:108E500004F0CEFC09E0426B436AD0F828900992F6
:108E600003930029DAD00136D8E7E36AA5EB030AB9
:108E7000BAF1000F1DDDE1680D9A15EA230538BF30
:108E80005546F1B1002100916B000CA8EEF768FB8C
:108E90007319A17C0C98CDE90063D4E9022302F098
:108EA000A4F80C994FF0FF32411A0CA8E8F766FAC3
:108EB000AA46E36A002B1EDD617C0CA804F0B7FC17
:108EC00005E0009533460CA8EEF78AFBF0E7BAF10F
:108ED000000F06DBE26A06EB0A010CA8E8F7FAF9D4
:108EE00009E094F83920CAF100010CA8FFF71DFB36
:108EF0005A463146F1E7FD6805F0B003049315F4D6
:108F000000750D9B18BFA5694B441D4414AB12930B
:108F10006900002312A813938DF8503004F068FC08
:108F2000049BBE68102B11D1B5422CBF4FF0000B33
:108F30004FF0010B4FF0000A09AB13F80A30042B75
:108F40002AD8DFE803F0261B060F18004FF0000BAD
:108F5000F0E7FB689B051FD5D4E9051212A8E8F7D6
:108F6000B9F919E0B9F1000F16D0039B197812A8CE
:108F700004F05DFC10E0DDE90C12EFE7BBF1000F3F
:108F800005D04246711B12A8FFF7CFFA04E0414614
:108F9000EDE7BBF1000FF4D10AF1010ABAF1040FB9
:108FA000CAD1B9F1010F06D9039909F1FF32013194
:108FB00012A8E8F78FF913998E4209D9049B202B48
:108FC000A6EB01010DD1424612A8FFF7AEFA3146D9
:108FD0000AAC009106AA06CA129B2046FFF7B6FD0E
:108FE00006E00A464346002112A8E8F73DFAEEE7FC
:108FF00094E80300069012A88DF81C1004F016FBEC
:109000000CA804F013FB0023BB6006AB93E803003D
:10901000059B83E80300184619B0BDE8F08F12A83D
:1090200004F004FB0CA804F001FB04F08CFEF9E74B
:10903000F0B587B004AC84E80C000F9E9DF8382092
:109040000D9B9DF830700093CDE90126054694E80C
:109050000C0027B1FFF794FD284607B0F0BDFFF7DD
:10906000BBFEF9E710B50446D0E9003043B1421C1D
:1090700006D1184604F0B9FA431C04BF002323604C
:1090800010BD38B50D46FFF7EDFF04462846FFF743
:10909000E9FF431C584204F1010258415442544133
:1090A000011B4842484138BD08B5FFF7EAFF80F090
:1090B0000100C0B208BD2DE9F74F0546DDE91207F2
:1090C0006C466C3084E80C00DDF840A0EAF7E2FA68
:1090D0004FF0000980464E464FF00A0B0CA920467F
:1090E000FFF7E2FF70B1119B9E420BD02046FFF7C5
:1090F000B9FF2A22C1B24046FFF781FB3038C2B225
:10910000092A10D9C6B10F9A914515DBD14513DC58
:109110000E9AC2F8009094E8030085E80300284600
:1091200003B0BDE8F08F0BFB0909D145EADC20460E
:10913000FFF705FA0136D1E73B6843F004033B60D3
:10914000E9E72DE9F04F8DB000AF07F12004F86199
:10915000F86E6C3084E80C00EAF79CFABA6E6B4645
:10916000A3EBC2039D460546DB0807F158012046E4
:10917000BB61E846FFF798FF002800F07281BB6EE4
:109180009B007B61BB6E204608EB8309FFF76AFFFB
:10919000C4B221462846FFF71EFB21460646284654
:1091A000FFF716FB4FF0000B82465C46BB6E9B45FB
:1091B0000BD10026012C2BD8012C40F0528107F155
:1091C0002000FFF7BCF90136E2E07B6E53F82B304C
:1091D00028461978FFF7FFFA86420FD1A3003B61BA
:1091E0007B6E53F82B00C8F70FFE3B6949F824004B
:1091F00048F803B001340BF1010BD7E77B6E53F84D
:109200002B3028461978FFF7E3FA8245F3D1E5E7DA
:10921000CB4609EB84005BF8043BFB625B461A46D5
:10922000F96AD2F800C08C4507F12C0128BF0A4624
:109230000433D2F800A0C7F82CA09842EFD1013631
:1092400007F12000FFF77BF9B24547D107F158013C
:1092500007F12000FFF728FF824600B307F1200046
:10926000FFF700FFC1B22846FFF7B5FA386107F1F2
:109270002000FFF7F7FEC1B22846FFF7A9FA002346
:10928000F860796E58F8232051F8222059F82310FD
:10929000B1425AD801339C42F3D14FF0000A002367
:1092A00059F82320911B4A424A41524509BF04F113
:1092B000FF34013358F8242048F8232004BF59F81C
:1092C000242049F823209C42EAD8BAF1000F5BD051
:1092D000D9F8003001218C42FB6249D8FB6AB342C5
:1092E0007FF66AAF07F1580107F12000FFF7DCFEB7
:1092F00000283FF461AF07F12000FFF7B3FEC1B2D1
:109300002846FFF768FA386107F12000FFF7AAFE48
:10931000C1B22846FFF75CFA4FF0000AF8605445E6
:109320007FF648AF7B6E58F82A2053F82220BA60A7
:10933000915D2846FFF74FFA3B69BA6883424FEACE
:109340008A0B6DD10AF1010AE9E7915D7B6028463D
:10935000BA60FFF740FA3B698342A0D0BA6828465A
:10936000915DFFF735FAFB6883427B6892D196E7FF
:109370005A4601311068834207F12C0398BF1A4600
:109380000BF1040B1368A6E7022C2CD0012C68D13A
:10939000D7E90532D8F8004053F832807B6E53F895
:1093A000243003EB0609464562D207F1580107F164
:1093B0002000FFF779FE002853D019F8011B28463A
:1093C000FFF709FA824607F12000FFF74BFEC1B212
:1093D0002846FFF700FA824533D107F12000FFF756
:1093E000AEF80136DFE7BB6EDB073AD4D8F80030C1
:1093F000B86EBA6EB3EB500F4FEA5201D8F80420A2
:1094000002D20B449342C2E75B1A934229D1D7E9B7
:109410000521C8F80030D9F8043042F83130B7E7F8
:10942000915D2846FFF7D4F9FB6883428AD0013C5E
:1094300058F8242048F80B2059F8242049F80B202C
:109440006DE719F8011C2846FFF7C2F9824607F1BB
:109450002000FFF707FEC1B22846FFF7B9F98245A1
:10946000BBD03B6F3A6F1B6843F00403136002E00C
:10947000F7D13B6E1C60D7E90801FB69343783E8FC
:1094800003001846BD46BDE8F08F2DE9F04F87B0C8
:1094900000AF8146786DD7E913AB07F110066C3049
:1094A00086E80C00EAF7F6F86B46A3EBCB03F8600E
:1094B0009D4607F140013046E846FFF7F5FD0028DC
:1094C00000F083803046FFF7CDFD0024C3B24FEAA1
:1094D0004B022546A24237D1002D76D03046FFF709
:1094E0002EF8AB00073323F00703ADEB030D6E46F8
:1094F000002458F824305AF82300C8F785FC46F8B1
:1095000024000134A542F4D1012507F1400107F1FF
:109510001000FFF7C9FD58BB012C5AD13368AB428C
:109520005ED1D8F80030BA6C5B45A8BFA3EB0B0343
:10953000136007F1180313E903001C3789E80300DF
:109540004846BD46BDE8F08F5AF824100978994284
:1095500004D148F8254001350134BBE7F868C7E974
:109560000132FFF735F97B68BA689842F4D1F0E729
:1095700007F11000FFF776FD0023C0B219469C42A8
:1095800007D88C42C8D007F11000FEF7D8FF01358C
:10959000BBE756F82320AA424FEA830E06EB830C62
:1095A00002D801310133EAE758F823205AF8222083
:1095B000525D8242F6D0013C58F8242048F80E2033
:1095C00056F82420CCF80020D9E70024254626466A
:1095D0009BE7022C04D13368AB42A2D073689EE7AC
:1095E000BB6DBA6D1B6843F00403A1E72DE9F04F92
:1095F0008FB0DDE91AB70AAC4FF0000A06460BF14E
:109600006C0084E80C008846CDF834A0EAF742F8F4
:109610000DABCDE906B302226323CDE904320CABD6
:109620000293CDF80CA018AB814693E803008DE8B7
:10963000030008AD94E80C0041462846FFF73BFDC7
:1096400095E803000D9B84E80300002B51D118A975
:109650002046FFF729FD002846D02046FFF702FDEF
:109660002A22C1B24846FFF7CAF8A0F13005EBB292
:10967000092B39D82046FEF762FF0C9B4FF00A08F1
:1096800008FB035518A920460C95FFF70DFD98B16E
:109690002046FFF7E7FC2A22C1B24846FFF7AFF8A1
:1096A000A0F13005EBB2092B06D82046FEF747FFA4
:1096B0000C9B08FB03550C950C9BA3F26C730C934D
:1096C0001C9B0C9A5A6118A92046FFF7DAFC18B1C6
:1096D0003B6843F002033B6094E8030086E8030024
:1096E00030460FB0BDE8F08F0C9B442BE8DC6433B0
:1096F000E5E73B6843F004033B60E4E72DE9F04312
:109700009DB0DDE926960AAC054609F16C0084E8B7
:109710000C008846EAF720F983689A6C0E92DA6C9E
:109720000F921A6D10925A6D11929A6D1292DA6D13
:1097300013921A6E1492DA6A15921A6B16925A6B79
:1097400017929A6B1892DA6B19921A6C5B6C1B93D6
:1097500000230D930DABCDE9059307231A920493D3
:109760000EAB03930CAB029324AB93E803008DE89C
:10977000030008AF94E80C0041463846FFF785FE29
:1097800097E803000D9B84E803009BB9289B0C9A83
:109790009A6124A92046FFF774FC18B1336843F09E
:1097A0000203336094E8030085E8030028461DB0F7
:1097B000BDE8F083336843F004033360E9E72DE943
:1097C000F043A7B0DDE930960AAC054609F16C001C
:1097D00084E80C008846EAF7BFF80EAA80681146B4
:1097E000FEF77EFE1AA9FEF75DFE00230D930DAB7A
:1097F000CDE905930C23CDE903230CAB02932EABEB
:1098000093E803008DE8030008AF94E80C0041469C
:109810003846FFF73AFE97E803000D9B84E8030003
:109820009BB9329B0C9A1A612EA92046FFF729FC9E
:1098300018B1336843F00203336094E8030085E80D
:109840000300284627B0BDE8F083336843F00403E3
:109850003360E9E72DE9F04F91B0DDE91CB70AACC0
:1098600005460BF16C0084E80C00DDF878A0894611
:10987000EAF772F883681A69CDF808B00DAECDE941
:109880000526CDE9037A0023CDE90D330F931AABFA
:1098900093E803008DE803000DF1200894E80C0024
:1098A00049464046E7F7D6FE98E8030084E80300FF
:1098B00051463046EEF794FC1AA92046FFF7E1FB2B
:1098C00018B13B6843F002033B6094E8030085E86D
:1098D0000300284611B0BDE8F08F2DE9F04F91B09C
:1098E000DDE91CB70AAC05460BF16C0084E80C00FE
:1098F000DDF878A08946EAF72FF883689A68CDF8F2
:1099000008B00DAECDE90526CDE9037A0023CDE9F7
:109910000D330F931AAB93E803008DE803000DF1AC
:10992000200894E80C0049464046E7F793FE98E883
:10993000030084E8030051463046EEF751FC1AA9B3
:109940002046FFF79EFB18B13B6843F002033B60E3
:1099500094E8030085E80300284611B0BDE8F08FC5
:109960002DE9F04F91B0DDE91CB605460AAC0BF1CC
:109970006C004FF0000884E80C0089469DF87CA03C
:109980009DF88070E9F786FEC6F800802521FEF775
:1099900025FF8DF83000002F36D18DF831A08DF8DD
:1099A00032700023CDE90D330F930CAB05931E9B52
:1099B000CDF808B0CDE903630DAF06971AAB93E875
:1099C00003008DE803000DF1200894E80C004946DF
:1099D0004046E7F73FFE98E8030084E803001E993D
:1099E0003846EEF7FDFB1AA92046FFF74AFB18B1EF
:1099F000336843F00203336094E8030085E8030012
:109A0000284611B0BDE8F08F8DF831708DF832A086
:109A10008DF83380C5E72DE9F04192B008AC84E8B9
:109A20000C00DDE91B380EAA0F460C929DF8681059
:109A3000029300220D928DF838200CAACDE9038202
:109A4000064606AD18AB89B193E803008DE8030024
:109A5000394694E80C002846E8F77AFB95E80300BD
:109A60000C9D84E80300E5F7DDFE0FE093E80300BA
:109A70008DE80300394694E80C002846E8F762FDBB
:109A8000ECE70CA803F0D2FD04F05DF91D990B90F2
:109A90000BAB42462846EEF7DBFA94E8030086E873
:109AA00003000CA803F0C2FD304612B0BDE8F081FF
:109AB0002DE9F04F91B008ACDDF874909DF870B0CE
:109AC000DDF87CA0064609F16C0084E80C000F4626
:109AD000E9F7E0FD0CAB0A9300230B938DF83030CF
:109AE0000AAB04931E9BCDE902931AAB804693E820
:109AF00003008DE8030006AD94E80C0039462846C3
:109B0000BBF1000F12D0E8F723FB95E803000B9D93
:109B100084E803006DB994E8030086E803000AA80E
:109B200003F084FD304611B0BDE8F08FE8F70AFD80
:109B3000EBE72946504603F0B2FE0A99DAF8003006
:109B40004A194046FEF704FDE5E70AA803F06EFD5A
:109B500004F0F9F803F06ABDF8B54D680746681CD3
:109B60000E4604F053FB0023044601462A463046C5
:109B7000EDF7DCFD002363553C602846F8BD13B5C6
:109B8000049CCDE9003413460A46C1684FF000003A
:109B9000FDF79DFF02B010BD30B58BB00D460AA990
:109BA00001E90C0079230693129B0593119B049302
:109BB000109B03930EAA044692E8030001AB83E8CE
:109BC0000300099B00932046089BAA684FF0000100
:109BD000FEF7A2F820460BB030BD30B58BB00D4675
:109BE0000AA901E90C006D230693129B0593119BB2
:109BF0000493109B03930EAA044692E8030001AB62
:109C000083E80300099B00932046089BAA684FF055
:109C10000001FEF781F820460BB030BD30B58BB0A7
:109C20000D460AA901E90C0077230693129B0593C0
:109C3000119B0493109B03930EAA044692E8030021
:109C400001AB83E80300099B00932046089BAA68A8
:109C50004FF00001FEF760F820460BB030BD30B584
:109C60008BB00D460AA901E90C0064230693129BF0
:109C70000593119B0493109B03930EAA044692E84C
:109C8000030001AB83E80300099B00932046089B77
:109C9000AA684FF00001FEF73FF820460BB030BD38
:109CA00030B58BB00D460AA901E90C007423069368
:109CB000129B0593119B0493109B03930EAA0446D9
:109CC00092E8030001AB83E80300099B0093204660
:109CD000089BAA684FF00001FEF71EF820460BB063
:109CE00030BD81684FF00000FEF713B8F0B591B0B9
:109CF0000AAC84E80C00002307930D930EAB069387
:109D00000DAB0593199B04939DF86030039316AA3D
:109D10000F46054692E8030001AB83E803000B9B66
:109D2000009308AE0A9BBA684FF000013046E6F790
:109D300007FF96E803000D9B84E803005BB9DDE9AB
:109D40000E231B99C1E9002394E8030085E8030072
:109D5000284611B0F0BD1A9A1360F5E710B58AB025
:109D60000DF1280C0CE90C0000230693DDE910230B
:109D7000CDE904239DF8383003930D9B02939DF8A1
:109D800030300193099B00938A68089B4FF00001D3
:109D90000446FEF71BF820460AB010BD0A460169CA
:109DA0004FF00000FDF7B1BF07B50092D1E90023E5
:109DB00001694FF00000FDF763FF03B05DF804FB9D
:109DC00010B50446E8F74AFE204603F04BFF204654
:109DD00010BD10B50446E8F753FE204603F042FFDD
:109DE000204610BD10B50446E8F75EFE204603F09D
:109DF00039FF204610BD10B50446E8F769FE20463D
:109E000003F030FF204610BD10B50446E8F76EFEA3
:109E1000204603F027FF204610BD10B50446E8F7A2
:109E20007BFE204603F01EFF204610BD10B5044601
:109E3000E8F784FE204603F015FF204610BD10B55C
:109E40000446E8F78DFE204603F00CFF204610BDC7
:109E500070B592B00E460BAD08A981E80C0004461F
:109E60000023199911932846E8F7D0FD002200231A
:109E7000CDE904239DF860300393179B02939DF86E
:109E800058300193099B00930695089BB2684FF0E8
:109E900000012046FDF79AFF04E02846FDF79CFDEF
:109EA00003F051FF2846FDF797FD204612B070BD24
:109EB00030B5084687B014460D46FEF77EFD84F89F
:109EC00024002846FEF77CFD0023A3606361E36164
:109ED000012384F825002946684684F86430FEF79B
:109EE00072FD694604F10800FFF736FEE06068463F
:109EF00003F09CFB29466846FEF76CFD694604F1B9
:109F00001400FFF729FEA061684603F08FFB294685
:109F10006846FEF766FD694604F11C00FFF71CFE6B
:109F20002062684603F082FB07B030BD684603F04C
:109F30007DFB03F008FFF9E7F8E710B40846114687
:109F40001A46DDE90134019410BCFEF7F2BD10B5EC
:109F500086B0144668461A46089BFEF7F0FD69462F
:109F60002046E8F753FD684603F060FB06B010BDDD
:109F7000684603F05BFB03F0E6FE30B5084687B0A9
:109F800014460D46FEF7EAFC60742846FEF7E9FC2D
:109F9000A0742846FEF704FD0023A3606361E3611B
:109FA00063620123E0622946684684F84330FEF785
:109FB000DBFC694604F10800FFF7CEFDE06068466F
:109FC00003F034FB29466846FEF7D5FC694604F1E8
:109FD0001400FFF7C1FDA061684603F027FB294686
:109FE0006846FEF7CFFC694604F11C00FFF7B4FD9C
:109FF0002062684603F01AFB29466846FEF7C9FC52
:10A00000694604F12400FFF7A7FDA062684603F04B
:10A010000DFB2846FEF7C7FC20632846FEF7C8FC68
:10A02000606307B030BD684603F000FB03F08BFEB1
:10A03000F9E7F8E7F7E730B5084687B014460D466C
:10A04000FEF75DFC60742846FEF75CFCA0742846B1
:10A05000FEF777FC0023A3606361E3616362012381
:10A06000E0622946684684F84330FEF74EFC6946B4
:10A0700004F10800FFF770FDE060684603F0D6FACF
:10A0800029466846FEF748FC694604F11400FFF7CC
:10A0900063FDA061684603F0C9FA29466846FEF7E9
:10A0A00042FC694604F11C00FFF756FD2062684639
:10A0B00003F0BCFA29466846FEF73CFC694604F109
:10A0C0002400FFF749FDA062684603F0AFFA284676
:10A0D000FEF73AFC20632846FEF73BFC606307B0BE
:10A0E00030BD684603F0A2FA03F02DFEF9E7F8E769
:10A0F000F7E710B586B00C46684611461A46E8F7F1
:10A100005DFC089A69462046FEF701FD04E06846BA
:10A1100003F08CFA03F017FE0446684603F086FA53
:10A12000204606B010BDF0B58FB002AC0E462046FA
:10A130001546DDE916121F46E8F740FC159B009313
:10A140000194149B3A46314608A8FEF7E3FC08A99F
:10A150002846E8F75BFC08A803F068FA204603F0FD
:10A1600065FA0FB0F0BD08A803F060FA204603F0CE
:10A170005DFA03F0E8FDF9E708461146FEF7D6BCA4
:10A180000846FEF735BC82B0F0B587B005469DF8AD
:10A1900050700D93742F16461398DDE911210FAC02
:10A1A0000DAB1ED00ED8642F2DD0CDE90310029236
:10A1B00094E803008DE8030031460CCB2846FEF7F7
:10A1C0006EFC1AE0772F2BD0CDE90310029294E8B1
:10A1D00003008DE8030031460CCB2846FEF77BFCDC
:10A1E0000BE0CDE90310029294E803008DE8030030
:10A1F00031460CCB2846FEF7FEFB284607B0BDE8EB
:10A20000F04002B07047CDE90310029294E80300D9
:10A210008DE8030031460CCB2846FEF708FCECE73E
:10A22000CDE90310029294E803008DE80300314663
:10A230000CCB2846FEF717FCDFE782B02DE9F04390
:10A240008FB017461E9A179305469DF86C10DDE9EE
:10A250001C0819AB17AC9AB1CDE90482CDE9021004
:10A2600093E803008DE80300394694E80C00284683
:10A27000FEF7D5FA28460FB0BDE8F04302B07047AC
:10A2800008AECDE90486CDE9021093E803008DE81D
:10A2900003000DF1280C0DF11809CDE908C28DF865
:10A2A0002820394694E80C004846FEF7D7FA99E88A
:10A2B0000300D8F8003084E803003BB194E80300C1
:10A2C00085E80300304603F0B1F9D3E71F98314623
:10A2D000E8F79CFBF2E7304603F0A8F903F033FD02
:10A2E00082B02DE9F0478CB004461C999DF85C8043
:10A2F000DDF860909DF864A01593164615AFB1B1D6
:10A3000006AD2846E8F792FDCDE902A5CDE9008922
:10A31000314697E80C002046FEF7D9FA284603F0AC
:10A3200085F920460CB0BDE8F04702B07047DDE982
:10A330001A23CDE9019ACDE90423CDF8008097E8EE
:10A340000C003146FEF7A9FAEBE7284603F06EF958
:10A3500003F0F9FC10B58AB00446009300201346C0
:10A36000C968099003AAFDF7BCFB03A92046E8F7DA
:10A370005DFD04E003A8FDF72FFB03F0E4FC03A858
:10A38000FDF72AFB20460AB010BD2DE9F0419AB036
:10A390000AAD85E80C0013AF0023CDE90637199309
:10A3A0000C930CAB0593239B04939DF88830039387
:10A3B00020AA8C46064692E8030001AB259C83E860
:10A3C00003000B9B00930DF120080A9BDCF808208A
:10A3D0004FF000014046E6F7B3FB98E803000C9B02
:10A3E00085E80300002B3BD139460DA8E8F71EFD98
:10A3F0000D9920680E9A0FAB994219D10AB103F05A
:10A4000035F90E9B226863600021D1540D9A002318
:10A410000E930DA8137003F009F995E8030086E880
:10A4200003003846FDF7D8FA30461AB0BDE8F0818F
:10A4300004F1080C6045DDF83CC005D1C4E9001208
:10A44000C4F808C00D93E1E7D4F808E0C4F808C0E8
:10A45000C4E900120028F5D00D90CDF83CE0D5E716
:10A46000249A1360D9E73846FDF7B6FA03F06BFC7F
:10A4700030B58DB00446119800250B9545680395BD
:10A48000006802901098CDE900301346096905AACA
:10A490004FF00000FDF70EFC05A92046E8F7C6FCCA
:10A4A00004E005A8FDF798FA03F04DFC05A8FDF7B8
:10A4B00093FA20460DB030BD82B037B506AD85E8C1
:10A4C0000C000A9A0B680192002200921D69DDE9D6
:10A4D00006230446A847204603B0BDE8304002B03A
:10A4E0007047006A04F0F4BBF8B50D461146069AB1
:10A4F0004FF0FF364FF0FF370023C0E90067C0E997
:10A50000023304461AB1012A14BF02220122286A2A
:10A51000EFF7F8FB28B9286AEFF716FCC317C4E970
:10A5200000032046F8BD034608461B6A012104F0DB
:10A530002ABC38B50C46036A05460121204604F0C2
:10A5400003FC0028CABF24184FF0FF3314F8013C65
:10A550006B6238BD08B50B465A1C016A04D0184618
:10A56000BDE8084004F0DCBB084604F0B1FB00384D
:10A5700018BF0120404208BD10B50446E8F766FC4C
:10A58000204603F06FFB204610BD10B50446006A5C
:10A5900004F0A3FB606210BD10B50446006A04F02D
:10A5A0009CFB216ABDE8104004F00CBC4A1C10B5AD
:10A5B0000446084602D1606A431C02D0216A04F0B6
:10A5C00001FC4FF0FF33636210BD0FB408B5029871
:10A5D000E8F7C0FC10B50446E8F7F0FC204603F0AD
:10A5E00041FB204610BD10B50446E8F797FD204614
:10A5F00003F038FB204610BD08B543691943E8F75E
:10A6000097FD08BD08B543690B43436103691942CF
:10A6100001D003F0C4FD08BD70B5C46F0D460CB980
:10A62000E8F740FC237F4BB92046FDF738FE23684E
:10A63000294620469B69BDE8704018470C44607F5E
:10A6400070BD90F8753010B504463BB92021FFF776
:10A65000E3FF012384F8740084F8753094F87400E3
:10A6600010BD38B5044608460D46E9F793F910B118
:10A670002846E9F70FF8E0672846E8F775FF10B1BC
:10A680002846E8F735FFC4F880002846E8F74EFF73
:10A6900010B12846E8F70EFFC4F8840038BD38B57D
:10A6A00004460D4604F025F804F16C012046FFF73E
:10A6B000D8FF0023A567B5FA85F56D09A4F87430B5
:10A6C00023672361656138BD70B5846905460E4610
:10A6D00004B970BDD4E90132294630469847246850
:10A6E000F6E703F0D2FB03F0F9FBF8E7013101D004
:10A6F00003F029FBEDF7A0F938B50446806910B9DD
:10A700000023A36138BDC3685A1EC260002BF7D175
:10A71000056803F0A7FA2846F1E710B50446E8F704
:10A7200039FD204603F09EFA204610BD002202218A
:10A73000E8F74CBDA0F10800F8E7D0F800C0ACF194
:10A740000C0CDCF800C06044F0E710B50446FFF7DD
:10A75000EDFF204603F086FA204610BDA0F1080068
:10A76000F3E7D0F800C0ACF10C0CDCF800C060449A
:10A77000EBE70A460021E8F729BD10B50446E8F7E3
:10A780005BFD204603F06EFA204610BDD0F800C0F5
:10A79000ACF10C0CDCF800C06044EEE70A68026023
:10A7A00052F80C2C4968815000224260704783683F
:10A7B000587C70478368987C70478368D86A704774
:10A7C00083681B6B0020DAB262F30700C3F3072231
:10A7D00062F30F20C3F3074262F317401B0E82B0EF
:10A7E00063F31F6002B0704783685B6B0020DAB2CE
:10A7F00062F30700C3F3072262F30F20C3F307429B
:10A8000062F317401B0E82B063F31F6002B0704703
:10A810008368587C70478368987C70478368D86ADF
:10A82000704783681B6B0020DAB262F30700C3F342
:10A83000072262F30F20C3F3074262F317401B0E97
:10A8400082B063F31F6002B0704783685B6B0020C7
:10A85000DAB262F30700C3F3072262F30F20C3F3F7
:10A86000074262F317401B0E82B063F31F6002B011
:10A870007047836893F824007047836893F8250035
:10A8800070470020704700207047704700209142B9
:10A8900000D3704711F8013B03EB7060F7E710B588
:10A8A0000446E8F7E3FC204603F0DCF9204610BD3F
:10A8B00010B50446E8F7E4FC204603F0D3F920463F
:10A8C00010BD10B50446E8F7E5FC204603F0CAF9D0
:10A8D000204610BD10B50446E8F7E6FC204603F01C
:10A8E000C1F9204610BD10B50446E8F7E7FC204644
:10A8F00003F0B8F9204610BD10B50446E8F7E8FCAF
:10A90000204603F0AFF9204610BD10B50446E8F725
:10A91000E9FC204603F0A6F9204610BD10B5044618
:10A92000E8F7EAFC204603F09DF9204610BD10B57B
:10A930000446E8F7EFFC204603F094F9204610BDEA
:10A9400010B50446E8F7F4FC204603F08BF92046E6
:10A9500010BDD0E902218A4202D2013282607047E2
:10A9600003689B6A18470A2808D82F2918D930305D
:10A97000C0B2814214D2A1F130007047A1F130037E
:10A98000092BF8D9A1F16103052B02D8A1F15700D9
:10A990007047A1F14103052B02D8A1F137007047A0
:10A9A0004FF0FF30704710B504460068FFF7D1FF45
:10A9B0004FF0FF33636010BD70B5054616460C4678
:10A9C00049B10846C7F720FA211832462046E8F771
:10A9D000CDFC286070BD4FF0FF31F6E713B58B68F2
:10A9E00001AAD9690446FFF7E7FF204602B010BD6F
:10A9F00013B58B6801AA59690446FFF7DDFF2046AD
:10AA000002B010BD13B58B6801AA99680446FFF720
:10AA1000D3FF204602B010BD13B58B6801AA596A56
:10AA20000446FFF7C9FF204602B010BD13B58B687E
:10AA300001AAD9690446FFF7BFFF204602B010BD46
:10AA400013B58B6801AA59690446FFF7B5FF204684
:10AA500002B010BD13B58B6801AA99680446FFF7D0
:10AA6000ABFF204602B010BD13B58B6801AA596A2E
:10AA70000446FFF7A1FF204602B010BD13B58B6856
:10AA800001AAD9690446FFF797FF204602B010BD1E
:10AA900013B58B6801AA59690446FFF78DFF20465C
:10AAA00002B010BD13B58B6801AA99680446FFF780
:10AAB00083FF204602B010BD07B5006801A90C381D
:10AAC000E6F774FA03B05DF804FB2DE9F0411F4688
:10AAD000037F012B04460D46164607D1914213D041
:10AAE0003846521ABDE8F04104F040B80BB9FDF702
:10AAF000D6FB2368D3F81CE032463B462946204665
:10AB0000F446BDE8F0416047BDE8F0812DE9F0432F
:10AB100085B080460846114603AA1C46E8F726FC85
:10AB20000C990290814601AA2046E8F71FFC59F8CB
:10AB30000C7C50F80C6C039005464F4406442A46A2
:10AB40004946404603F0C5FD044670B94846C7F77C
:10AB50005BF981442846C7F757F94F4505EB0004D8
:10AB60000DD1341B18BF4FF0FF3403A8FFF7A4FF2B
:10AB700002A8FFF7A1FF204605B0BDE8F083A6427A
:10AB800003D009F10109651CD9E70124EDE702A80A
:10AB9000FFF792FF03F0D7F870B586B004AC84E8F5
:10ABA0000C000C9A02929DF82C2001920B680A9AD4
:10ABB00000921E6994E80C000546B047284606B08E
:10ABC00070BDF0B589B006AE86E80C00139A0B682C
:10ABD0000592129A0492119A03929DF840200292D3
:10ABE0000EAA04460D4692E803008DE803002046B5
:10ABF0009F68294696E80C00B847204609B0F0BD8A
:10AC0000F0B589B006AE86E80C00139A0B68059281
:10AC1000129A0492119A03929DF8402002920EAA71
:10AC200004460D4692E803008DE803002046DF68E5
:10AC3000294696E80C00B847204609B0F0BD70B52B
:10AC400088B006AC84E80C00DDE91023CDE90423CC
:10AC50009DF8383002930D9B01930E689DF83030BB
:10AC6000009394E80C00B6680546B047284608B043
:10AC700070BD70B586B004AC84E80C000D9A0392E8
:10AC80009DF8302002920B9A01920B689DF82820C3
:10AC90000092DE6894E80C000546B047284606B0EE
:10ACA00070BD03689B6818470368DB68184710B5D8
:10ACB0000B6804461B699847204610BD10B50B6809
:10ACC00004465B699847204610BD10B50B680446E2
:10ACD0009B699847204610BD10B50B680446DB6998
:10ACE0009847204610BD03681B6A184703685B6AD3
:10ACF00082B002B0184703689B6A82B002B018475E
:10AD000003689B6818470368DB68184710B50B6831
:10AD100004461B699847204610BD10B50B680446D1
:10AD20005B699847204610BD10B50B6804469B69C7
:10AD30009847204610BD10B50B680446DB6998475C
:10AD4000204610BD03681B6A184703685B6A82B01F
:10AD500002B0184703689B6A82B002B018470368C4
:10AD60009B6818470368DB68184710B50B680446F2
:10AD70001B699847204610BD10B50B6804465B69F7
:10AD80009847204610BD10B50B6804469B6998474C
:10AD9000204610BD83689A680A60DB684B60704784
:10ADA00083681A690A605B694B60704783689A69B7
:10ADB0000A60DB694B60704783681A6A0A605B6AE5
:10ADC0004B6070478368DA6A0A601A6B4A605A6B94
:10ADD0008A609A6BCA60DA6B0A611A6C4A615B6CB2
:10ADE0008B61704783689A6C0A60DA6C4A601A6DEE
:10ADF0008A605A6DCA609A6D0A61DA6D4A611B6E8B
:10AE00008B61704783685A6E0A609A6E4A60DA6E88
:10AE10008A601A6FCA605A6F0A619A6F4A61DA6F64
:10AE20008A61D3F88020CA61D3F884200A62D3F8FB
:10AE300088204A62D3F88C208A62D3F89030CB62A3
:10AE400070478368D3F894200A60D3F898204A604A
:10AE5000D3F89C208A60D3F8A020CA60D3F8A4203D
:10AE60000A61D3F8A8204A61D3F8AC208A61D3F8EC
:10AE7000B020CA61D3F8B4200A62D3F8B8204A627D
:10AE8000D3F8BC208A62D3F8C030CB627047036825
:10AE90009B681847F0B589B006AE86E80C00129A98
:10AEA0000B680492119A0392109A02920EAA044619
:10AEB0000D4692E803008DE803002046DF6829462E
:10AEC00096E80C00B847204609B0F0BDF0B589B04F
:10AED00006AE86E80C00129A0B680492119A03924F
:10AEE000109A02920EAA04460D4692E803008DE8DD
:10AEF000030020461F69294696E80C00B847204603
:10AF000009B0F0BDF0B589B006AE86E80C00129A23
:10AF10000B680492119A0392109A02920EAA0446A8
:10AF20000D4692E803008DE8030020465F6929463C
:10AF300096E80C00B847204609B0F0BDF0B589B0DE
:10AF400006AE86E80C00129A0B680492119A0392DE
:10AF5000109A02920EAA04460D4692E803008DE86C
:10AF6000030020469F69294696E80C00B847204612
:10AF700009B0F0BDF0B589B006AE86E80C00129AB3
:10AF80000B680492119A0392109A02920EAA044638
:10AF90000D4692E803008DE803002046DF6929464C
:10AFA00096E80C00B847204609B0F0BD03689B68DE
:10AFB000184773B5079E01960D68069E0096ED68CA
:10AFC0000446A847204602B070BD03681B691847B5
:10AFD00010B40468A468A44610BC604738B50D6876
:10AFE0000446ED68A847204638BD2DE9F043DDE969
:10AFF000076400252F4603F1FF3E12F807C0A4EBBB
:10B000000608E04502EB070309DC471EA64212D101
:10B010004044013D14D2934221D1BDE8F0834FFA60
:10B020008CF9B9F1000FF0DDBE45A4EB0C048CBF28
:10B0300001370135E1E716F801CB07F801CFE5E765
:10B0400001701E78074604EB060C644502D10136F8
:10B050003044DEE714F801EB07F801EFF5E7017083
:10B0600013F8015D06466719BC4202D10135284438
:10B07000D1E714F801CB06F801CFF5E7F7B5DDE924
:10B08000087408461946DDE90A36BFB1FD1A03EB1C
:10B09000050CCDE9003C134602462046FFF7A5FF0C
:10B0A000041B47B13268521B02D0394603F05EFDE3
:10B0B00033685B1B1C44346003B0F0BD3568E6E7C1
:10B0C00073B5099CDDE907500E4619462368034411
:10B0D000CDE90003134628463246FFF786FF401BA2
:10B0E000206002B070BD2DE9F0471D46C368DDE960
:10B0F000086703F0B003202B89461446A6EB070629
:10B10000BA460ED127B13A462946204603F02EFD15
:10B11000002E58D032464946E019BDE8F04703F00A
:10B120004DBD102B0ED04FF00008002E43D1B7EBD1
:10B13000080A48D0524605EB0801A019BDE8F047BF
:10B1400003F014BD6C30E8F7A5FA2D218046FDF719
:10B1500045FB2B78834205D12B7804F8013B4FF057
:10B160000108E2E72B214046FDF738FB2B788342AC
:10B17000F2D030214046FDF731FB2B788342D2D10B
:10B18000012FD0DD78214046FDF728FB6B78834204
:10B1900007D12B7823706B7863704FF0020802346C
:10B1A000C3E758214046FDF719FB6B788342F0D086
:10B1B0003EB14FF0000832464946204603F0FEFCFF
:10B1C000B5E7B046B6E7BDE8F08737B5089D184645
:10B1D0002B681446CDE90023DDE90623FFF783FF42
:10B1E0002C6003B030BD70B59DF810407CB10346B3
:10B1F0000A26B1FBF6F506FB15141444247903F86E
:10B20000014D0C46092C2946F3D8C01A70BD03F035
:10B210004A04402C09D1034601F007041444C9082C
:10B22000247903F8014DF7D1EFE713F4804F0CBFF9
:10B23000042414240346224401F00F040909145D78
:10B2400003F8014DF8D1E0E72DE9F04114469DF8EF
:10B2500020201D460746DDE90683AAB106462046A2
:10B2600029460A220023C6F74BF84244137906F810
:10B27000013D22462B460A2A73F1000304460D467F
:10B28000EDD2B81BBDE8F08103F04A02402A0ED18E
:10B29000064604F007034344E4081B7906F8013D21
:10B2A00044EA4574ED0854EA0503F2D1E9E713F4E2
:10B2B000804F0CBF042314230646984404F00F0368
:10B2C000240918F8033006F8013D44EA05742D09F5
:10B2D00054EA0503F2D1D4E738B50B68044653F8B5
:10B2E0000C0C20600D4602F091FF22686060014660
:10B2F00000232846E5F7EEFD204638BD10B504468C
:10B30000406808B102F0B2FC204610BD38B50B68A9
:10B31000044653F80C0C20600D4602F077FF2268BB
:10B320006060014600232846E5F7D4FD204638BD7D
:10B3300010B50446406808B102F098FC204610BDE4
:10B340002DE9F04F8DB004AFC7E90210BE6CD7F8FD
:10B35000508007F1100106F16C0081E80C00E8F75D
:10B360008FFAF56805F04A0A00F1260386B0BAF1B3
:10B37000400F04467B600DF1100B41460AD0BAF134
:10B38000080F07D0B8F1000F01DCC8F100014FF041
:10B39000010901E04FF000092B4604F12602CDF827
:10B3A00000900BF11400FFF71EFF227CF861C0F142
:10B3B00014035B44B2B14000093020F00700ADEB4C
:10B3C000000D0DF1120B07F11C0194F82520CDE9B9
:10B3D0000231CDE9006B1346B868D4E90212FFF7D9
:10B3E0006FFE5B46FA69B9F1000F32D0B8F1000F79
:10B3F0002CDB280506D594F8271003F8011C013230
:10B40000FA61013BB268F969914211DAD11D21F06C
:10B410000701ADEB010D07F11C01CDE9013104ACD1
:10B420000094334697F84C10B868FFF7CEFE2346D9
:10B430000022B260FA690092D7E90412F868FDF7B9
:10B4400085FBF8682437BD46BDE8F08F94F82610D8
:10B45000D3E7A905D6D5B8F1000FD3D0BAF1400F84
:10B4600002D194F82A10C8E7C5F3803504F126010B
:10B4700029440232897803F8011C94F82A1003F851
:10B48000021CFA61023BBDE730B587B004AC84E82A
:10B490000C000C9B02939DF82C3001930A9B0093A7
:10B4A00094E80C000546FFF74BFF284607B030BD77
:10B4B0002DE9F04F8DB004AF07F11005D7F8489093
:10B4C00097F85060B86085E80C00D9F80C2097F820
:10B4D0004C30FA6012F0010F07F1180416D1CDE9D3
:10B4E0000136CDF8009095E80C002046FFF728FFC4
:10B4F00094E803003861397595E80300BB68243788
:10B5000083E803001846BD46BDE8F08F09F16C00E2
:10B510007B60E8F7B5F97B687EB3D0E905A8D9F878
:10B520000860B0453BDAA6EB0806F21D22F00702E0
:10B53000ADEB020D0DF1100B19463246584603F0E3
:10B540003DFB0023C9F80830FB6803F0B003202B53
:10B5500016D1CDF8008095E8060053462046FDF749
:10B56000F5FA94E803005B4638613975009695E872
:10B5700006002046FDF7EAFABAE7D0E907A8CEE7C9
:10B58000009695E8060020465B46FDF7DFFA94E852
:10B59000030038613975CDF800805346E7E7002392
:10B5A000C9F80830F7E72DE9F04F8BB004AFC7E9D1
:10B5B00000103D6C07F1080105F16C0081E80C00FA
:10B5C000E8F75EF9EE6806F04A0986B0B9F1400F77
:10B5D000044600F126080DF1100B60D0B9F1080AFD
:10B5E00018BF4FF0010ACDF800A033464246B96CAF
:10B5F0000BF11400FFF7F7FD227C7861C0F1140312
:10B600005B44B2B14000093020F00700ADEB000D03
:10B610000DF1120B07F1140194F82520CDE9023148
:10B62000CDE9005B13463868D4E90212FFF748FD04
:10B630005B46BAF1000F0ED1B2050CD5BA6C52B10F
:10B64000B9F1400F7A692DD194F82A1003F8011C42
:10B6500001327A61013BAA687969914211DAD11D00
:10B6600021F00701ADEB010D07F11401CDE9013126
:10B6700004AC00942B4697F844103868FFF7A5FDFA
:10B6800023460022AA607A690092D7E902127868FC
:10B69000FDF75CFA78681C37BD46BDE8F08F4FF0C7
:10B6A000000AA0E7C6F3803608EB0601023289786B
:10B6B00003F8011C94F82A1003F8021C7A61023B7B
:10B6C000C9E730B587B004AC84E80C000C9B02934A
:10B6D0009DF82C3001930A9B009394E80C000546DA
:10B6E000FFF761FF284607B030BD2DE9F04188B073
:10B6F00004AC0E9ED6F80C8084E80C0028F480433D
:10B7000023F04A0343F40273F360109B02939DF805
:10B710003C30CDE9006306AF054694E80C0038469E
:10B72000FFF741FF97E8030004908DF8141094E8A8
:10B73000030085E803002846C6F80C8008B0BDE881
:10B74000F0812DE9F04F8DB004AFC7E90210BE6C57
:10B7500007F1100106F16C0081E80C00D7E914989C
:10B76000E8F78EF8F56805F04A0105F04A038AB05B
:10B7700040297B6004460DF1100B4A4643460DD02C
:10B7800008290BD0B9F1010F78F1000103DAD9F1E2
:10B79000000268EB48034FF0010A01E04FF0000A95
:10B7A00004F12601CDE9015A00910BF12800FFF7C1
:10B7B0004BFD227CF861C0F128035B44B2B140002C
:10B7C000093020F00700ADEB000D0DF1120B07F171
:10B7D0001C0194F82520CDE90231CDE9006B134618
:10B7E000B868D4E90212FFF76BFC5B46FA69BAF15C
:10B7F000000F32D0B8F1000F2CDB280506D594F8E5
:10B80000271003F8011C0132FA61013BB268F969A3
:10B81000914211DAD11D21F00701ADEB010D07F1C5
:10B820001C01CDE9013104AC0094334697F84C106B
:10B83000B868FFF7CAFC23460022B260FA6900929A
:10B84000D7E90412F868FDF781F9F8682437BD4696
:10B85000BDE8F08F94F82610D3E7A905D6D559EAAC
:10B860000808D3D005F04A01402902D194F82A10E3
:10B87000C7E7C5F3803504F12601294402328978EF
:10B8800003F8011C94F82A1003F8021CFA61023B29
:10B89000BCE730B587B004AC84E80C00DDE90C23CC
:10B8A000CDE902239DF82C3001930A9B009394E884
:10B8B0000C000546FFF745FF284607B030BD2DE9CF
:10B8C000F04F8DB004AFC7E90210BD6C07F1100155
:10B8D00081E80C003B6D7B6005F16C007B6D3B608B
:10B8E000E7F7CEFFEE6806F04A098AB0B9F1400FDB
:10B8F000044600F126080DF1100B63D0B9F1080AD7
:10B9000018BF4FF0010ACDE9016ACDF80080D7E9F0
:10B9100000320BF12800FFF797FC227CF861C0F1A0
:10B9200028035B44B2B14000093020F00700ADEBC2
:10B93000000D0DF1120B07F11C0194F82520CDE943
:10B940000231CDE9005B1346B868D4E90212FFF773
:10B95000B7FB5B46BAF1000F10D1B2050ED5D7E99F
:10B9600000120A430AD0B9F1400FFA692DD194F8B8
:10B970002A1003F8011C0132FA61013BAA68F96937
:10B98000914211DAD11D21F00701ADEB010D07F154
:10B990001C01CDE9013104AC00942B4697F84C1002
:10B9A000B868FFF712FC23460022AA60FA690092E9
:10B9B000D7E90412F868FDF7C9F8F8682437BD46DE
:10B9C000BDE8F08F4FF0000A9DE7C6F3803608EB24
:10B9D00006010232897803F8011C94F82A1003F852
:10B9E000021CFA61023BC9E730B587B004AC84E8B9
:10B9F0000C00DDE90C23CDE902239DF82C300193E6
:10BA00000A9B009394E80C000546FFF758FF284670
:10BA100007B030BD2DE9F04F8FB004AF81463E6DC9
:10BA200006F16C0B8A46584607F1080181E80C00C4
:10BA3000E7F726FFD6F8048097F85820B8F1000FF2
:10BA4000054607F118013046B8BF4FF0060802F06E
:10BA50007AFEF36803F482738CB0B3F5827F04AC92
:10BA60007CD0E3F7DFFED7E9182378612146CDE9E2
:10BA70000223CDF8008007F118032D2207F11400EE
:10BA8000E5F708FD2C28386119DD421C083020F04C
:10BA90000700ADEB000D7A60E3F7C4FED7E9182389
:10BAA000786104ACCDE90223CDF800807A6807F113
:10BAB0001803214607F11400E5F7ECFC38615846FD
:10BAC000E7F7E8FD3A69D31D23F00703ADEB030D5B
:10BAD0000DF117084FEAD80B28F007084346224417
:10BAE0002146FEF7F2FF2E2339693B7507F1140258
:10BAF00020467960FCF731FA7968002858D0031B9A
:10BB000095F8242003F83B2008EB03002B7C002B46
:10BB10005CD1B2683B69934211DAD31D23F007036D
:10BB2000ADEB030D07F11003CDE9018304AC0094E4
:10BB300097F8541033465046FFF747FBA0460023C2
:10BB4000B3603B690093D7E9021248464346FCF7CD
:10BB5000FDFF48462C37BD46BDE8F08FE3F762FE97
:10BB6000D7E9182378612146CDE9002307F11400B5
:10BB700007F118032D22E5F78DFC2C2838619EDD96
:10BB800000F10108083020F00700ADEB000DE3F7ED
:10BB900049FED7E9182304AC78612146CDE900239A
:10BBA00007F1140007F118034246E5F773FC85E737
:10BBB0002B7C002BADD0022908DD6278392AA8D869
:10BBC000A378303B092BA4D82F2AA2D94B000733E6
:10BBD00023F00703ADEB030D23782D2B0DF1100B94
:10BBE00001D02B2B1CD198F800308BF80030013994
:10BBF0003961012407F1100295F82530039208EB12
:10BC0000040202920BEB0402CDE900025046D5E992
:10BC10000212FFF733FA3B6923443B61D84678E7C9
:10BC20000024E7E730B589B006AC84E80C00DDE914
:10BC30000E23CDE90423002302939DF834300193B1
:10BC40000C9B009394E80C000546FFF7E3FE2846A2
:10BC500009B030BD2DE9F04F8FB004AF81463E6D85
:10BC600006F16C0B8A46584607F1080181E80C0082
:10BC7000E7F706FED6F8048097F85820B8F1000FD1
:10BC8000054607F118013046B8BF4FF0060802F02C
:10BC90005AFDF36803F482738CB0B3F5827F04AC71
:10BCA0007CD0E3F7BFFDD7E9182378612146CDE9C1
:10BCB0000223CDF8008007F118032D2207F11400AC
:10BCC000E5F7E8FB2C28386119DD421C083020F02C
:10BCD0000700ADEB000D7A60E3F7A4FDD7E9182368
:10BCE000786104ACCDE90223CDF800807A6807F1D1
:10BCF0001803214607F11400E5F7CCFB38615846DC
:10BD0000E7F7C8FC3A69D31D23F00703ADEB030D39
:10BD10000DF117084FEAD80B28F0070843462244D4
:10BD20002146FEF7D2FE2E2339693B7507F1140236
:10BD300020467960FCF711F97968002858D0031B78
:10BD400095F8242003F83B2008EB03002B7C002B04
:10BD50005CD1B2683B69934211DAD31D23F007032B
:10BD6000ADEB030D07F11003CDE9018304AC0094A2
:10BD700097F8541033465046FFF727FAA0460023A1
:10BD8000B3603B690093D7E9021248464346FCF78B
:10BD9000DDFE48462C37BD46BDE8F08FE3F742FD97
:10BDA000D7E9182378612146CDE9002307F1140073
:10BDB00007F118032D22E5F76DFB2C2838619EDD75
:10BDC00000F10108083020F00700ADEB000DE3F7AB
:10BDD00029FDD7E9182304AC78612146CDE9002379
:10BDE00007F1140007F118034246E5F753FB85E716
:10BDF0002B7C002BADD0022908DD6278392AA8D827
:10BE0000A378303B092BA4D82F2AA2D94B000733A3
:10BE100023F00703ADEB030D23782D2B0DF1100B51
:10BE200001D02B2B1CD198F800308BF80030013951
:10BE30003961012407F1100295F82530039208EBCF
:10BE4000040202920BEB0402CDE900025046D5E950
:10BE50000212FFF713F93B6923443B61D84678E7A8
:10BE60000024E7E730B589B006AC84E80C00DDE9D2
:10BE70000E23CDE904234C2302939DF83430019323
:10BE80000C9B009394E80C000546FFF7E3FE284660
:10BE900009B030BDF0B587B004AC84E80C000F9E4B
:10BEA0009DF838200D9B9DF830700093CDE9012658
:10BEB000054694E80C0027B1E7F722FF284607B0B3
:10BEC000F0BDE8F757F8F9E72DE9F043A7B00446CD
:10BED0002E9E9DF8C4909DF8C8706C36304602AD19
:10BEE00085E80C00E7F7D6FB80463046E7F734FDDF
:10BEF000252106464046FCF771FC8DF81400CFB9A9
:10BF00008DF815908DF81670309B009306A905AB3F
:10BF10008022304602F0FCFC06A8C5F775FF0090B1
:10BF200095E80600204606ABFCF710FE204627B039
:10BF3000BDE8F08300238DF815708DF816908DF80C
:10BF40001730E1E72DE9F74F0546DDE912076C46AA
:10BF50006C3084E80C00DDF840A0E7F79BFB4FF065
:10BF6000000980464E464FF00A0B0CA92046FDF70B
:10BF70009BF870B1119B9E420BD02046FDF772F8E2
:10BF80002A22C1B24046FCF73AFC3038C2B2092A34
:10BF900010D9C6B10F9A914515DBD14513DC0E9A25
:10BFA000C2F8009094E8030085E80300284603B037
:10BFB000BDE8F08F0BFB0909D145EADC2046FEF70E
:10BFC000F2FC0136D1E73B6843F004033B60E9E74C
:10BFD0002DE9F04F8DB000AF07F12004F861F86E45
:10BFE0006C3084E80C00E7F755FBBA6E6B46A3EBA8
:10BFF000C2039D460546DB0807F158012046BB6198
:10C00000E846FDF751F8002800F07281BB6E9B00F6
:10C010007B61BB6E204608EB8309FDF723F8C4B2B1
:10C0200021462846FCF7D7FB214606462846FCF762
:10C03000CFFB4FF0000B82465C46BB6E9B450BD19D
:10C040000026012C2BD8012C40F0528107F1200052
:10C05000FEF7A9FC0136E2E07B6E53F82B30284650
:10C060001978FCF7B8FB86420FD1A3003B617B6EC9
:10C0700053F82B00C5F7C8FE3B6949F8240048F87F
:10C0800003B001340BF1010BD7E77B6E53F82B3073
:10C0900028461978FCF79CFB8245F3D1E5E7CB46AF
:10C0A00009EB84005BF8043BFB625B461A46F96AC5
:10C0B000D2F800C08C4507F12C0128BF0A46043392
:10C0C000D2F800A0C7F82CA09842EFD1013607F1B2
:10C0D0002000FEF768FCB24547D107F1580107F18F
:10C0E0002000FCF7E1FF824600B307F12000FCF7D7
:10C0F000B9FFC1B22846FCF76EFB386107F120009A
:10C10000FCF7B0FFC1B22846FCF762FB0023F860E1
:10C11000796E58F8232051F8222059F82310B142A3
:10C120005AD801339C42F3D14FF0000A002359F84A
:10C130002320911B4A424A41524509BF04F1FF3472
:10C14000013358F8242048F8232004BF59F824204C
:10C1500049F823209C42EAD8BAF1000F5BD0D9F805
:10C16000003001218C42FB6249D8FB6AB3427FF662
:10C170006AAF07F1580107F12000FCF795FF00288E
:10C180003FF461AF07F12000FCF76CFFC1B2284615
:10C19000FCF721FB386107F12000FCF763FFC1B217
:10C1A0002846FCF715FB4FF0000AF86054457FF66F
:10C1B00048AF7B6E58F82A2053F82220BA60915D70
:10C1C0002846FCF708FB3B69BA6883424FEA8A0BB2
:10C1D0006DD10AF1010AE9E7915D7B602846BA60FA
:10C1E000FCF7F9FA3B698342A0D0BA682846915D12
:10C1F000FCF7EEFAFB6883427B6892D196E75A46D9
:10C2000001311068834207F12C0398BF1A460BF1E5
:10C21000040B1368A6E7022C2CD0012C68D1D7E9B7
:10C220000532D8F8004053F832807B6E53F8243042
:10C2300003EB0609464562D207F1580107F12000D9
:10C24000FCF732FF002853D019F8011B2846FCF7F1
:10C25000C2FA824607F12000FCF704FFC1B228466B
:10C26000FCF7B9FA824533D107F12000FEF79BFBBA
:10C270000136DFE7BB6EDB073AD4D8F80030B86E82
:10C28000BA6EB3EB500F4FEA5201D8F8042002D235
:10C290000B449342C2E75B1A934229D1D7E90521A7
:10C2A000C8F80030D9F8043042F83130B7E7915D72
:10C2B0002846FCF78DFAFB6883428AD0013C58F887
:10C2C000242048F80B2059F8242049F80B206DE76A
:10C2D00019F8011C2846FCF77BFA824607F120007A
:10C2E000FCF7C0FEC1B22846FCF772FA8245BBD00B
:10C2F0003B6F3A6F1B6843F00403136002E0F7D111
:10C300003B6E1C60D7E90801FB69343783E8030002
:10C310001846BD46BDE8F08F2DE9F04F87B000AF5D
:10C320008146786DD7E913AB07F110066C3086E8CB
:10C330000C00E7F7AFF96B46A3EBCB03F8609D4623
:10C3400007F140013046E846FCF7AEFE002800F059
:10C3500083803046FCF786FE0024C3B24FEA4B02CE
:10C360002546A24237D1002D76D03046FEF71BFB82
:10C37000AB00073323F00703ADEB030D6E4600243B
:10C3800058F824305AF82300C5F73EFD46F824003B
:10C390000134A542F4D1012507F1400107F1100055
:10C3A000FCF782FE58BB012C5AD13368AB425ED1F8
:10C3B000D8F80030BA6C5B45A8BFA3EB0B03136041
:10C3C00007F1180313E903001C3789E80300484606
:10C3D000BD46BDE8F08F5AF824100978994204D17F
:10C3E00048F8254001350134BBE7F868C7E9013258
:10C3F000FCF7EEF97B68BA689842F4D1F0E707F1F0
:10C400001000FCF72FFE0023C0B219469C4207D84B
:10C410008C42C8D007F11000FEF7C5FA0135BBE722
:10C4200056F82320AA424FEA830E06EB830C02D86B
:10C4300001310133EAE758F823205AF82220525DEF
:10C440008242F6D0013C58F8242048F80E2056F8D5
:10C450002420CCF80020D9E70024254626469BE777
:10C46000022C04D13368AB42A2D073689EE7BB6D47
:10C47000BA6D1B6843F00403A1E770B588B006AD40
:10C4800085E80C00109B04930F9B03930E9B029373
:10C490000CAB04460E4693E803008DE803002046EB
:10C4A00095E80C003146E8F787FF204608B070BDDC
:10C4B0002DE9F04F91B00CAF0690DDE91C0B87E839
:10C4C0000C00C368DDF87890DB070D4639D44FF0D7
:10C4D000FF330F930FABCDE903B302901AAB93E890
:10C4E00003008DE803000AAC97E80C0029462046BB
:10C4F000E8F762FF94E803000F9B012B87E8030035
:10C500000CD803F0010389F8003097E80300069B7C
:10C5100083E80300184611B0BDE8F08F012389F8C5
:10C5200000300423CBF800301AA93846FCF7A9FDE7
:10C530000028EAD0DBF8003043F00203CBF80030EB
:10C54000E3E76C30E7F79CF9056A84694FF0010A6C
:10C55000B5FA85F5B4FA84F406466D0964095346C4
:10C5600052460AF1FF38BDB1B4B10021002A00F0F3
:10C570009C80326A424540F09880B8F1000F00F08C
:10C58000A080002289F8002013B1B36943456AD026
:10C590004900CBF80010B8E71AA93846CDE90723BF
:10C5A000FCF76FFDDDE9072301460028DED1099085
:10C5B0003846FCF757FDDDE90831C0B275B1079A7E
:10C5C0008AB1002C37D0002B3AD03846FEF7EBF971
:10C5D000356A55458CBF002501252AE0F26912F81D
:10C5E0000820824209D0002C33D01BB1B369984592
:10C5F0005FD0002389F8003035E06CB1002BE4D126
:10C6000038460793FEF7CFF9356A079BAA4534BF32
:10C610000025012521463FE0736913F80830934255
:10C620002ED13846FEF7BFF9356AAA4534BF00253A
:10C63000012501241DE0736913F808308342F0D00E
:10C64000336A98453DD1B8F1000F2AD189F80080AE
:10C6500009E0736913F80830834206D0002D08BF43
:10C660002C4689F80040042368E73846FEF79BF91A
:10C670000125B16951458CBF0021012101230BE047
:10C680003846FEF790F9356A2346AA454FF0010473
:10C6900034BF00250125214622460AF1010A0C4635
:10C6A0005FE7002389F8003072E753B1B36943456F
:10C6B00007D1B8F1000F04D0012389F80030994068
:10C6C00067E7002389F800300029CCD0062335E73E
:10C6D00070B588B006AD85E80C00109B04930F9BE5
:10C6E00003930E9B02930CAB04460E4693E80300A3
:10C6F0008DE80300204695E80C003146E9F722F862
:10C70000204608B070BD70B588B006AD85E80C0055
:10C71000109B04930F9B03930E9B02930CAB044658
:10C720000E4693E803008DE80300204695E80C00D0
:10C730003146E9F7CBF9204608B070BD70B588B036
:10C7400006AD85E80C00109B04930F9B03930E9B92
:10C7500002930CAB04460E4693E803008DE80300F9
:10C76000204695E80C003146E9F762FB204608B008
:10C7700070BD2DE9F0418CB008AC149ED6F80C8049
:10C7800084E80C0028F04A0343F00803F3600BAB85
:10C790000493159BCDE9026312AB05468C4693E8E2
:10C7A00003008DE8030006AF94E80C0061463846AC
:10C7B000E9F73EFB97E80300169B0B9AC6F80C803E
:10C7C00084E8030085E8030028461A600CB0BDE841
:10C7D000F08170B588B006AD85E80C00109B04931D
:10C7E0000F9B03930E9B02930CAB04460E4693E8FB
:10C7F00003008DE80300204695E80C003146E9F778
:10C80000C9FC204608B070BD70B588B006AD85E89B
:10C810000C00109B04930F9B03930E9B02930CAB95
:10C8200004460E4693E803008DE80300204695E891
:10C830000C003146E9F7A8FE204608B070BD2DE98E
:10C84000F04F8FB0DDE91AB70AAC4FF0000A064688
:10C850000BF16C0084E80C008846CDF834A0E6F7B4
:10C8600019FF0DABCDE906B302226323CDE90432F3
:10C870000CAB0293CDF80CA018AB814693E80300F3
:10C880008DE8030008AD94E80C0041462846FFF708
:10C8900059FB95E803000D9B84E80300002B51D160
:10C8A00018A92046FCF700FC002846D02046FCF7DB
:10C8B000D9FB2A22C1B24846FBF7A1FFA0F13005FF
:10C8C000EBB2092B39D82046FEF76DF80C9B4FF0E0
:10C8D0000A0808FB035518A920460C95FCF7E4FB51
:10C8E00098B12046FCF7BEFB2A22C1B24846FBF7AE
:10C8F00086FFA0F13005EBB2092B06D82046FEF7E3
:10C9000052F80C9B08FB03550C950C9BA3F26C731F
:10C910000C931C9B0C9A5A6118A92046FCF7B1FB9A
:10C9200018B13B6843F002033B6094E8030086E8DB
:10C93000030030460FB0BDE8F08F0C9B442BE8DCC1
:10C940006433E5E73B6843F004033B60E4E72DE92B
:10C95000F0479CB0DDE926960AAC054609F16C006B
:10C9600084E80C008846E6F7F7FF0DF1380A074621
:10C970005146FEF737FA384615A9FEF723FA002389
:10C980000D930DABCDE905930723CDE903A30CABC4
:10C99000029324AB93E803008DE8030008AF94E80A
:10C9A0000C0041463846FFF7B7FC97E803000D9BA3
:10C9B00084E803009BB9289B0C9A9A6124A920461D
:10C9C000FCF75FFB18B1336843F00203336094E86F
:10C9D000030085E8030028461CB0BDE8F0873368F3
:10C9E00043F004033360E9E72DE9F047A6B0DDE941
:10C9F00030960AAC054609F16C0084E80C008846C4
:10CA0000E6F7AAFF0DF1380A07465146FEF719FA74
:10CA100038461AA9FEF7F6F900230D930DABCDE9C0
:10CA200005930C23CDE903A30CAB02932EAB93E843
:10CA300003008DE8030008AF94E80C004146384637
:10CA4000FFF76AFC97E803000D9B84E803009BB99D
:10CA5000329B0C9A1A612EA92046FCF712FB18B1E2
:10CA6000336843F00203336094E8030085E8030071
:10CA7000284626B0BDE8F087336843F004033360EE
:10CA8000E9E72DE9F04F93B0DDE91EB70AAC0546A2
:10CA90000BF16C0084E80C00DDF880A08946E6F715
:10CAA0005BFF0DA9FEF77CF90023CDE90F3311934D
:10CAB0000D9BCDE902B7CDE904A30FAE06961CABE2
:10CAC00093E803008DE803000DF1200894E80C00C2
:10CAD00049464046E7F71CFC98E8030084E8030059
:10CAE00051463046EBF77CFB1CA92046FCF7C9FAFF
:10CAF00018B13B6843F002033B6094E8030085E80B
:10CB00000300284613B0BDE8F08F2DE9F04F93B035
:10CB1000DDE91EB70AAC05460BF16C0084E80C0099
:10CB2000DDF880A08946E6F717FF0DA9FEF732F978
:10CB30000023CDE90F3311930D9BCDE902B7CDE969
:10CB400004A30FAE06961CAB93E803008DE8030028
:10CB50000DF1200894E80C0049464046E7F7D8FB61
:10CB600098E8030084E8030051463046EBF738FBB1
:10CB70001CA92046FCF785FA18B13B6843F0020374
:10CB80003B6094E8030085E80300284613B0BDE845
:10CB9000F08F036853F80C3C01211844FDF72CBDBD
:10CBA00010B50446EAF7F4FB204601F05BF8204696
:10CBB00010BDD0F800C0ACF10C0CDCF800C0604433
:10CBC000EEE70A68026052F80C2C49688150704701
:10CBD00038B545682B6853F80C3C1D440446EB6897
:10CBE0009B0410D501F09EF968B9A86F58B100F008
:10CBF000F9FC013007D163681A6852F80C0C012166
:10CC00001844FDF7F9FC204638BD036853F80C3C86
:10CC1000034437B59B6F04464BB10146684600F0AC
:10CC20003FF89DF800302BB96846FFF7D1FF20464A
:10CC300003B030BD236853F80C3C2344986F00F0D8
:10CC4000D1FC0130F0D1236853F80C0C01212044B1
:10CC5000FDF7D2FCE8E701290D4611D101F015F9E5
:10CC6000236853F80C0C29462044FDF7CBFC01F057
:10CC700096FA01F033F96846FFF7AAFF01F063F86E
:10CC800001F003F9236853F80C0C01212044FDF74F
:10CC9000B9FC01F023F9C7E701F020F9EBE7EAE777
:10CCA00038B5002303700B68416053F80C3C0B440B
:10CCB0000546186F0C4618B15B690BB9FFF7A5FF65
:10CCC000236853F80C0C204443691BB901232B70D3
:10CCD000284638BDDB07FBD50421FDF78DFCF7E7BF
:10CCE00037B504460D4601466846FFF7D9FF9DF863
:10CCF0000030B3B3236853F80C3C23442946986FA3
:10CD000000F07CFC01302CD1236853F80C0C01217D
:10CD10002044FDF771FC24E001290D4611D101F0FA
:10CD2000B4F8236853F80C0C29462044FDF76AFC3C
:10CD300001F035FA01F0D2F86846FFF749FF01F03B
:10CD400002F801F0A2F8236853F80C0C01212044EA
:10CD5000FDF758FC01F0C2F803E001F0BFF8EBE783
:10CD6000EAE76846FFF734FF204603B030BD38B528
:10CD7000036853F80C3C03440546DC6F0CB9E6F736
:10CD800091F8237F3BB194F827102846FFF7A8FFBE
:10CD9000FFF73BFF38BD2046FBF781FA23680A21E5
:10CDA0009B69204698470146EFE7036870B5044643
:10CDB00053F80C0C20440D46FDF743FC0646002DAD
:10CDC00000DC70BD236853F80C3C23443146986F57
:10CDD00000F014FC013004D12046BDE87040FFF79C
:10CDE000D8BE013DEBE738B5036853F80C3C03446B
:10CDF0000446986F154600F012FC854204D0204688
:10CE0000BDE83840FFF7C5BE38BDF7B504460E464D
:10CE1000014668461546FFF743FF9DF80030F3B121
:10CE2000236853F80C3C23449F68BD4228DADA6833
:10CE300002F0B002202A18D15B6953B92A46314664
:10CE40002046FFF7D0FF236853F80C3C23445B696E
:10CE5000E3B1236853F80C3C234400229A606846EF
:10CE6000FFF7B6FE204603B0F0BD791B2046FFF762
:10CE70009CFF236853F80C3C23445B69002BE8D1EA
:10CE80002A4631462046FFF7AEFFE2E7791B2046EF
:10CE9000FFF78BFFDDE701290D4611D100F0F5FF0B
:10CEA000236853F80C0C29462044FDF7ABFB01F036
:10CEB00076F901F013F86846FFF78AFE00F043FFA9
:10CEC00000F0E3FF236853F80C0C01212044FDF728
:10CED00099FB01F003F8C2E701F000F8EBE7EAE79D
:10CEE00038B505460C4619B9FFF753FE284638BD3C
:10CEF0000846C4F789FF214602462846FFF785FF0A
:10CF0000F4E70B6853F80C3C19448B6F0360B3FAD9
:10CF100083F35B09037170472DE9F0418AB0044641
:10CF20000F46014604A8FFF7BBFE9DF81030002B0A
:10CF30004CD0236853F80C5C2544D5F88080B8F1B8
:10CF4000000F0ED1E5F7AEFF01290D462ED100F0FE
:10CF50009CFF236853F80C0C29462044FDF752FB34
:10CF60001BE006AE21463046FFF7CBFF2846FDF713
:10CF700068FBCDE90107009596E80C00414608A83A
:10CF8000FDF70AFE9DF8243003B3236853F80C0C18
:10CF900001212044FDF730FB18E001F000F900F01A
:10CFA0009DFF04A8FFF714FE00F0CDFE00F06DFF1A
:10CFB000236853F80C0C01212044FDF723FB00F0FB
:10CFC0008DFF03E000F08AFFEBE7EAE704A8FFF734
:10CFD000FFFD20460AB0BDE8F08102460846D2E9CE
:10CFE00001138B4230B515D9451C0FD013F8015CE5
:10CFF000146AC1B28D4202D1013B936030BDE40698
:10D0000008D55C1E946003F8011CF7E7013B9360B0
:10D010000020F3E74FF0FF30F0E70B68036053F8B0
:10D020000C3C4A68C25070470B68036053F80C3CD4
:10D030004A68C25000234360704710B50446EAF7BF
:10D04000CBF9204600F00EFE204610BD00F108038B
:10D0500013B50360002303724A69436004466AB152
:10D06000CB6813B19A4238BF1A460B69D21A0092A4
:10D07000002211462046EAF7B3FA08E0243100F016
:10D080003EFB04E0204600F0D1FA00F05CFE2046B2
:10D0900002B010BD43694BB1C2680AB19A4205D2D1
:10D0A000026AC360120758BFC0E901337047036AC0
:10D0B0001B0710B5044605D5FFF7ECFFD4E9023095
:10D0C000C01A10BD4FF0FF30FBE7036A1B0710B515
:10D0D000044602D44FF0FF3010BDFFF7DBFFD4E968
:10D0E00002329342F6D21878F6E72DE9F04F0D465A
:10D0F00085B014461E464FF0FF324FF0FF33C0E9B3
:10D100000023DDE90E710023C0E902332B6A0B40D6
:10D110008046C3F3001B03F0100013F008034FEA2E
:10D12000D10213D182F0010202EA0B0B0293D5F86F
:10D130001090B9F1000F02D154EA060319D1BBF1E6
:10D14000000F01D1029BA3B1002219E0A8B17B1E00
:10D1500018BF0123029382F00102CB0602EA0B0BF7
:10D16000E5D4D5F80490B9F1000F08D154EA0603CC
:10D1700005D0404605B0BDE8F08F0290EBE70122F4
:10D1800028460392FFF786FF012F039A27D1AB6849
:10D190006F69A3EB09031919A7EB090746EBE373C2
:10D1A00017EB040A46EBE7770C461E468ABB029B48
:10D1B00003BBBBF1000FDCD0002FDADBEB68A3EB85
:10D1C0000903DA175345BA41D3DBCDE900A7284656
:10D1D000AA692969EAF714F9C8E900A7C9E7022F83
:10D1E00005D1EB68A3EB09031C1946EBE376A246D5
:10D1F0003746DBE7002EDFDBEB68A3EB0903DA172A
:10D20000A342B241D8DB6B682344C8E90046AB6057
:10D2100008E0002E06DBEB68A3EB0903DA17A34254
:10D22000B241F0DABBF1000FC6D1029B002BC3D193
:10D230009FE782B02DE9F3470C460AA981E80C006C
:10D24000164698464FF0FF324FF0FF33C0E90023F7
:10D250000023C0E90233226A0E9B134013F0080733
:10D26000054603F010090DD0D4F804A0BAF1000F60
:10D2700035D156EA080317D0284602B0BDE8F0477A
:10D2800002B07047D4F810A0BAF1000F24D156EACA
:10D290000803F1D1B9F1000FEED02046FFF7FAFEF6
:10D2A000E368002B09DAE7E72046FFF7F3FEE368BF
:10D2B000002BE1DB63683344A360B9F1000F06D0B3
:10D2C000CDE900682046A2692169EAF799F80AAB1E
:10D2D0000FCB85E80F00CFE7B9F1000FCCD0204687
:10D2E000FFF7D8FEB8F1000FC6DBE368A3EB0A0333
:10D2F000DA17B34272EB0802BEDB002FDAD1DCE7AB
:10D30000F7B504461046D4F824C0A56A276A04F18C
:10D310002C02944518BFE26A0D4408BF0F226145F4
:10D3200018BF2D1807F0080608BF521807F010079D
:10D330001CBF2A4600201EB10844C4E902056160F2
:10D340004FB10093002301932046EAF759F816B92C
:10D35000C4E90155E56003B0F0BD38B5044639B104
:10D36000002A05DB456A002383622B70FFF7C8FFA4
:10D37000204638BDF0B5036A0D46D90689B004468B
:10D380006AD56A1C66D0466A816900F12C039E4208
:10D3900018BFC26AD0E9040308BF0F220F1A9742D0
:10D3A0001ED21B1AD917CDE900313244314620462E
:10D3B000EAF726F8236A1B070AD5D4E901135B1A9A
:10D3C000F218E3685B1A0133C4E901623344E36095
:10D3D00063691D70636901336361284609B0F0BD5C
:10D3E0009942F6D86FF040439A4235D004A9029191
:10D3F000002103918DF810105100994228BF194661
:10D40000B1F5007F38BF4FF4007102A8EEB200F012
:10D41000EFF923693BB1A269D21A00920021039A65
:10D4200002A8EAF7DDF8314602A800F000FA02A9E6
:10D4300004F1240000F088FAD4E90430D4E9012191
:10D44000C31A8A1A2046616AFFF75AFF02A800F041
:10D45000EDF8BFE70025C0E74FF0FF35BDE702A8B4
:10D4600000F0E4F800F06FFC0A460021E9F7E2BFA3
:10D470000A460021EAF70AB800220221EAF706B8B4
:10D48000A0F10800F8E7D0F800C0ACF10C0CDCF813
:10D4900000C06044F0E710B50446FFF7EDFF2046FA
:10D4A00000F0E0FB204610BDA0F10800F3E7D0F843
:10D4B00000C0ACF10C0CDCF800C06044EBE7704736
:10D4C000704730B500224FF0FF344FF0FF35C0E910
:10D4D0000045C0E9022230BD82B08DE80C004FF05B
:10D4E000FF334FF0FF32C0E900230023C0E90233CD
:10D4F00002B0704700207047002070474FF0FF30A7
:10D500007047036810B55B6A04469847431C1EBF0A
:10D51000A36813F8010BA36010BD4FF0FF307047F4
:10D520004FF0FF30704710B50446E9F7DDFF2046A5
:10D5300000F098FB204610BD2DE9F84306460F4643
:10D5400090460025454502DB2846BDE8F883D6E92C
:10D550000504241A11D0A8EB0509A145B8BF4C4613
:10D5600039462246A8BFA14601F000FB73694D442D
:10D570002344A84527447361E4DD336839785B6B45
:10D58000304698470130DFD001350137DAE72DE921
:10D59000F84307460C4690460026464502DB3046D7
:10D5A000BDE8F883D7E902156D1A11D0A8EB06097A
:10D5B000A945B8BF4D4620462A46A8BFA94601F056
:10D5C000D5FABB684E442B44B0452C44BB60E4DD27
:10D5D0003B6838469B6A9847431CE0D004F8010B2F
:10D5E0000136DAE703689B691847D0E902218A42CD
:10D5F00002D303685B6A18471078704730B4D0E9EB
:10D600000545A5420A4603D8036830BC5B6B184742
:10D61000217041690131416130BC10467047036897
:10D620001B6B18470AB101F0A1BA7047034653F8C3
:10D63000080B984201D000F015BB7047406801F11B
:10D6400080410139091A914208B502D21846E5F71E
:10D6500069FC08BD03688B4206D8426813449942AE
:10D6600094BF00200120704701207047012A10B4A8
:10D6700003D10A7810BC0270704710BCFFF7D2BF0C
:10D68000012A30B403D10B78037030BC7047002AF4
:10D69000FBD030BC01F078BA0B46012B10B4114618
:10D6A000044602D1227010BC7047002BFBD010BC86
:10D6B0001A4601F083BA37B50F2904460191154681
:10D6C00006D9002201A9E9F71BFF019B2060A36096
:10D6D000019919B120682A46FFF7DEFF019B2268F5
:10D6E00063600021D15403B030BD08B5521AFFF772
:10D6F000BDFF08BD08B5521AFFF7B8FF08BD884244
:10D70000F7B504460E4620D003464D6853F8082B63
:10D710009A4214BF82680F22AA4210D201A9019531
:10D72000E9F7EEFE07462046FFF780FF019B2760E2
:10D73000A360316820682A46FFF798FF01E0002DBA
:10D74000F7D12368656000225A5503B0F0BD2DE97A
:10D75000F3470A9E1F46436801EB0208B21A1A44B7
:10D76000A3EB08090346019253F8082B9A4218BF0D
:10D7700082680D4608BF0F2201A90446E9F7C0FEE2
:10D7800082461DB121682A46FFF770FF37B12EB1DE
:10D79000324639460AEB0500FFF768FFB9F1000F82
:10D7A00007D0216835444A4641440AEB0500FFF79B
:10D7B0005DFF2046FFF73AFF019BC4F800A0A3607D
:10D7C00002B0BDE8F08738B5044615460846114456
:10D7D0006268521A05D025B1236819441844FFF72E
:10D7E0004FFF636822685B1B00216360D15438BD22
:10D7F00037B50346019153F8082B9A4218BF826847
:10D80000019B08BF0F22934204460ED901A9E9F7F4
:10D8100077FE6268216801320546FFF727FF204640
:10D82000FFF704FF019B2560A36003B030BD0346F2
:10D83000F7B553F8082B46689A4218BF836806F17B
:10D84000010508BF0F239D4204460F4606D9012358
:10D85000009300231A463146FFF779FF23689F554E
:10D860002368656000225A5503B0F0BD07B50092E9
:10D870000B4600224168E9F773FE03B05DF804FB34
:10D8800010B544688C42034603D2091BFFF7EEFF34
:10D8900010BD81BF0368416000225A54F8E708B503
:10D8A0000022FFF7EDFF08BD37B503680092CC1AE0
:10D8B0000546012300222146E9F752FE286820444C
:10D8C00003B030BD07B55368009313680022E9F731
:10D8D00005FF03B05DF804FB73B50546104614461A
:10D8E0000E46C4F791FA234600900022314628469E
:10D8F000E9F7F4FE02B070BD73B5044623464068F4
:10D9000053F8086B9E4218BFA36800EB020508BFDE
:10D910000F239D420AD812B13044FFF7A7FE2368B7
:10D920006560002220465A5502B070BD00920B4639
:10D93000002201462046FFF70AFFF0E708B5D1E9CB
:10D940000012E9F7E3FE08BD88422DE9FF470546CE
:10D950000C4648D007460E4657F8089B56F8088BE9
:10D960004F4551D14645D0F804903FD1D1F80480BD
:10D97000B9F1000F1AD009F10109B8F1000F26D052
:10D9800008F10108424631466846FFF74BFE4A4619
:10D9900039463046FFF746FE424669463846FFF7AD
:10D9A00041FE6B6862686A6063601CE0B8F1000F5A
:10D9B000F7D008F1010231463846FFF733FE6368BD
:10D9C0006B602368C4F8049083F800900BE04A462B
:10D9D00039463046FFF726FE6B6863602B68C5F852
:10D9E000048083F8008004B0BDE8F087D1F808A077
:10D9F00009F1010239463046FFF714FEC5F80080F0
:10DA00002660C5F808A0CCE74645D0F808A00BD1A1
:10DA10004A68384601323146FFF704FEC4F80090E8
:10DA20002F60C4F808A0BCE7C0F800808B68C1F87C
:10DA300000908360F5E72DE9F7430E461D464168E7
:10DA40003BB9914201D24FF0FF32104603B0BDE81E
:10DA5000F0839142F7D9D0F8008033788DF8073001
:10DA600008EB010708EB0200891AC5F10109A94278
:10DA7000E9D30DF107024944FAF76FFA044600288A
:10DA8000E1D02A463146FAF763FA10B9A4EB08024E
:10DA9000DBE7601C391AEAE770B5054608460C4614
:10DAA0001646C4F7B1F93246034621462846FFF729
:10DAB000C2FF70BD13B58DF8071041688A42134646
:10DAC0000AD204680DF10702C91AE018FAF745FAFC
:10DAD00010B1001B02B010BD4FF0FF30FAE710B5D7
:10DAE000034644681046A04202D34FF0FF3010BDF9
:10DAF0001A68125C8A42FAD10130F4E738B54568F9
:10DB00004C6800680968A5422A4628BF2246FAF7F1
:10DB10001FFA00B9281B38BD73B5531A0F2B0446E2
:10DB20000D461646019306D9002201A9E9F7E8FC43
:10DB3000019B2060A360324629462068FFF7DAFD8A
:10DB4000019B226863600021D15402B070BDD1E90D
:10DB50000012FFF75AB910B50446E9F75FFE2046F8
:10DB60000421F8F76EFF204610BD10B50446E9F712
:10DB700063FE20460421F8F764FF204610BD10B56F
:10DB80000446E9F767FE20460421F8F75AFF2046CD
:10DB900010BD7FB500241023CDE90234036815467B
:10DBA0009E6912686B46CDE90044B0479DF8043089
:10DBB00003F00603062B03BF009B2B6001202046C9
:10DBC00004B070BD009890420CBF06200120704741
:10DBD00010B50446E9F748FE20460821F8F731FF62
:10DBE000204610BD2DE9F0411F46DDE90834DDF87F
:10DBF000188098450646154607D10799F8F7ADFFF6
:10DC000018B165710020BDE8F08139463046F8F75B
:10DC1000A4FF0028F6D00123C4F800802571A37169
:10DC2000F0E738B515461C46F8F797FF20B10823F2
:10DC3000E36006232560237138BD2DE9F0410546D8
:10DC40000C4616461F46F8F788FF48B9032F07D839
:10DC500023683246294620465B69BDE8F0411847F3
:10DC6000BDE8F081C7F73ABEC7F738BEFFF7FABF85
:10DC70002DE9F0410F4688B016461D46044618B9F6
:10DC8000002008B0BDE8F081026852F8083C52F864
:10DC900004CC0022CDE90522C118C35853F8040C66
:10DCA000102260450792EBD105AA0368CDE9024234
:10DCB000CDE900170622D3F81C8029463346C04719
:10DCC00005980028DCD09DF81A1001F00603062BF9
:10DCD000D7D09DF819309DF818201A4002F006029E
:10DCE000062ACED003F00503042BC9D00029C7D1E2
:10DCF000002D04DB28448442C2D10598C1E7AB1C47
:10DD0000BED0336800941C6A02463B462946304622
:10DD1000A04700F006000628EEE710B500F18004E9
:10DD20002046C7F7A7FD034630B92046E9F7DCFDDA
:10DD3000034608B900F0E9F980220021184600F0F6
:10DD40003DFF803010BD1EB400F03DF81EBCC3F78F
:10DD5000FFFF0378472B17D143784E2B14D18378DC
:10DD6000552B11D1C378432B0ED10379432B0BD103
:10DD700043792B2B08D183792B2B05D1C07901282E
:10DD80008CBF0020012070470020704710B504466A
:10DD9000E9F7C6FE02462046A4F12001FFF7D9FFAD
:10DDA00060B154F8043C0133012B44F8043C03D126
:10DDB000936844F8083C9160012010BD9368002BE3
:10DDC000F9D000F0A2F910B5E9F7AAFE8268014681
:10DDD0000AB900F09AF902F120042046FFF7B9FFD2
:10DDE00040B1D369013BD36113B9906988609361F5
:10DDF000204610BD8860FBE70378472B17D1437896
:10DE00004E2B14D18378552B11D1C378432B0ED1CF
:10DE10000379432B0BD143792B2B08D183792B2BFF
:10DE200005D1C07901288CBF002001207047002057
:10DE3000704710B5044648B100F027F82046FFF7B8
:10DE4000DBFF18B154F8140C00F057F900F05DF93D
:10DE50000378472B17D143784E2B14D18378552B59
:10DE600011D1C378432B0ED10379432B0BD14379C6
:10DE70002B2B08D183792B2B05D1C07901288CBF9E
:10DE80000020012070470020704738B50446E9F7AC
:10DE900047FE056802462046A4F12001FFF7D8FF9F
:10DEA00028B90DB100F031F91160284638BD54F899
:10DEB0000C3C002BB4BFC3F10103013344F80C3C0C
:10DEC00053688D4203F1FF33536020461CBF44F872
:10DED000105C1160656AC3F7C4FBE6E710B5E9F7AB
:10DEE0001BFE026801469AB102F120042046FFF7AA
:10DEF000AFFF28B908602046BDE81040C3F7B2BBA9
:10DF00005369002B05DA013301D1106908605361B0
:10DF100010BD013B02D113690B60ECE7591CF6D12F
:10DF200000F0F3F808B5E9F7FBFD4068003818BFCA
:10DF3000012008BD7047704710B504210446F8F76A
:10DF400080FD204610BD704730B500231A4610F8FA
:10DF5000015B05F07F04944023432C0602F1070285
:10DF6000F5D40B6030BD30B500231A4610F8014BD4
:10DF700004F07F0595402B43250602F10702F5D4F6
:10DF80001F2A06D8640642BF4FF0FF3404FA02F29B
:10DF900013430B6030BD50282DE9F34106468846F7
:10DFA00015461F4608D1D01C20F0030050F8044B42
:10DFB0003C6002B0BDE8F08100F00F030C2B2ED8BE
:10DFC000DFE803F025071D25292D2D2D2D182125EE
:10DFD000290001A92846FFF7B7FF019C002CE7D0D4
:10DFE00006F07003102B08BFA8464444330648BF10
:10DFF0002468DDE701A92846FFF7B5FFEDE72846CD
:10E0000030F8024BEAE7284630F9024BE6E72846AB
:10E0100050F8044BE2E7284650F8084BDEE7C7F714
:10E02000F9FB08B50346FF2B08460DD003F070033B
:10E03000302B0FD004D8202B08D005D9C7F7EAFB26
:10E04000402B0BD0502BF9D1002008BDBDE8084073
:10E0500001F0B0B8BDE8084001F0A9B8BDE808403B
:10E06000C4F799B970B50C460146204615461E46C0
:10E07000FFF7D7FF334601462A462046BDE87040E9
:10E08000FFF789BF73B50C461546064608B1C4F7BD
:10E0900082F92246286012F8011BFF291CD02B1D93
:10E0A0003046FFF7DFFF0246104610F8013BFF2B1A
:10E0B00014D010232B7501A9FFF746FF019B0344E1
:10E0C000EB6010F8013B6B7501A9FFF73DFF019B69
:10E0D00003442B6102B070BD6860E5E72B75002337
:10E0E000EEE71FB503AB009300230A461946C3F7BA
:10E0F000BFFA039805B05DF804FB08B58047C7F781
:10E1000089FBFFF7C2FEC7F785FB08B5E9F7B4FE48
:10E11000FFF7F3FF08B58047FFF7F7FF08B5E9F70A
:10E12000B3FEFFF7F7FF012810B503D951F8140C1F
:10E13000FFF7E3FFA1F12803BFF35B8F53E8002F44
:10E14000013A43E800200028F8D1BFF35B8F5AB9A9
:10E1500051F81C3C01F158040BB120469847204669
:10E16000BDE81040E9F7E4BB10BD70B504460D46AC
:10E170001646E9F7D5FC4368013343603246294629
:10E180002046E9F789FE0446012344F8283B20464F
:10E19000C3F7CCFD2046FFF778FEFFF7B6FF10B5BA
:10E1A000E9F7BEFCD0E90042013242604CB394F87A
:10E1B0002020472A27D194F821204E2A23D194F8F1
:10E1C0002220552A1FD194F82320432A1BD194F8EA
:10E1D0002420432A17D194F825202B2A13D194F810
:10E1E00026202B2A0FD194F82720012A0BD8626908
:10E1F0005242626120342046C3F7BCFD2046FFF73F
:10E2000044FEFFF782FF00220260F3E7E1F7BAB9AC
:10E2100008B5FFF7FBFF04E0FFF737FEFFF75EFEF0
:10E22000002008BD10B50446E9F76AFE2046182113
:10E23000F8F707FC204610BD2DE9F74FDDF830A0B8
:10E240005245044688461646994605D0E76804EBD1
:10E25000C70447B9012022E01946F8F77EFC0028E0
:10E26000F4D006201BE0E568AB071BD52A1215F099
:10E27000010504D018F1030F14D033689A58A06830
:10E280000368CDF800A0D3F820B032444B46414695
:10E29000D847032806D915B140F00100C0B203B039
:10E2A000BDE8F08F013F083CD3E7F0B40D1E049C9D
:10E2B000164606DB2E44B44214BF01200620F0BCF3
:10E2C0007047023505D0056804942C6AA446F0BC5A
:10E2D00060470120F3E72DE9F04F91B0CDE9052328
:10E2E0001D9D1C9AAB68DB0644BF8368AB601A9B1C
:10E2F000934281460F4608D11B99F8F72EFC20B1B6
:10E30000059B6B714FF0000882E006994846F8F7CC
:10E3100024FC98B11A9B2B60002F059B2B7108DB06
:10E320001A9B1F441C9BBB4214BF01270627AF71D9
:10E33000E8E70237E6D10123AB71E3E7002FA9BF7D
:10E340001C9B0790DB1B07934FF0020C0123CDE9C8
:10E3500008C3059B4FF0000843F00103CDF8288067
:10E360000B93D9F80CA009EBCA0BBAF1000F09D135
:10E370000A9B002B4CD0089B012B49D00123CDE9EF
:10E38000083AEEE70023CDE90D33DBF80C30AC683A
:10E390000F94DE0743BF1A980B9A0068059A4FEA5C
:10E3A000232148BF41581A980144079838B1884240
:10E3B000099E2CBF00200120B04200F0BB809807CE
:10E3C00006D4BB1C02D1A60700F0B68002F0FD0205
:10E3D000DBF808000DAC036803941C9C02941B9CA2
:10E3E000CDE900143946DC69069BA0476B799DF89E
:10E3F00039209DF83A600D991343062E6B7101D0B8
:10E40000022E09D19DF8383029602B71AE718046FB
:10E41000404611B0BDE8F08F2A68B8F1000F13D163
:10E42000B2B99DF8382029602A7121B11BB1D9F801
:10E430000830DC07EBD56B79042BE8D00AF1FF3A02
:10E44000ABF1080B804690E712B969B90120F2E7F9
:10E45000914206D12B799DF8382013432B71404609
:10E46000E9E709B90028FAD0032BAC7904D9D90718
:10E4700012D5AB689B070FD5002C31D1032E27D9BD
:10E48000F40721D486F00103DBB2032B13D8002359
:10E490002B600123AB71D9E7012C38BF0124012E79
:10E4A00038BF0126E4B2F6B286EA0403DBB2032BDE
:10E4B00036D9032E1FD90D9B2B609DF838302B7158
:10E4C00034464FF0000816E0D9F808309807D9D53F
:10E4D0001C9B009306981B9B3946FFF7E6FE0446FB
:10E4E000002EE1D1032C11D9E1070BD484F00103F4
:10E4F000DBB2032BCBD9A307AC711FD414F00100FE
:10E50000ADD184E7D9F808309A07EFD51C9B00936A
:10E510000D9A1B9B06983946FFF7C7FE0646C3E7D0
:10E520002640F6B2032EB2D900232B600223AB7132
:10E5300001206CE701230A9340467FE7002066E74D
:10E540002DE9F04F89B00546029116461C46FFF7AB
:10E5500068FB002860D1D4F80890D5F80C8019F039
:10E56000100F18BFD5F8089009F0010305EBC80794
:10E570004FF0000A03930DF1100BB8F1000F04D116
:10E580002079003818BF012047E0FA68CDF810A0C4
:10E5900002F00103009302F002030193039B8DF844
:10E5A00014A002F002010B43CDE9069A03D108F151
:10E5B000FF38083FE1E7002E32D0009B12120BB16A
:10E5C00033689A583244B868029903689B699C463C
:10E5D0005B46E0470028EAD0079B082B03D1009B4D
:10E5E0000BB1BB6807939DF81430032B05D9019A32
:10E5F0001AB923F002038DF81430E168C1B99BE821
:10E600000F0084E80F002379032B05D99A0709D559
:10E61000AB6813F0010FCAD1012009B0BDE8F08F3B
:10E620003246D0E7DB07F7D5AB6813F0020FF2E70D
:10E630002368049A934204D00023236002232371A9
:10E64000EAE72BB123799DF8142013432371AEE739
:10E6500007980828F2D00829F0D0F8F77EFA0028A9
:10E66000F0D1EBE7002303607047009B1A60039B27
:10E67000019A1A6003207047009B03201A607047BC
:10E680000120704701207047981A009B984228BFCC
:10E690001846704710B50446E9F732FD04E02046FD
:10E6A000FFF7E0FAFFF74FFB2046FFF7DBFA2046C3
:10E6B00010BD08B50846114600F0B7FA031E18BF92
:10E6C000012343EAA07008BD084611461A4600F02F
:10E6D000E6BA08B50846114600F0A7FA031E18BFAF
:10E6E000012343EAA07008BD084611461A4600F00F
:10E6F000D6BA13B506220023C0E9012341F2020372
:10E70000C360044601A8E1F72FFC01A904F16C00E5
:10E71000E1F7A4F801A8E1F793F802B010BD642175
:10E72000024690FBF1F301FB130030B94FF4C871BE
:10E7300092FBF1F301FB132323B912F0030F0CBF7B
:10E74000012000207047C06810B504054FF0250374
:10E7500048BF2B240B7046BF4C708B1C4B1C4105D3
:10E7600044BF232103F8011B00F48271B1F5827FBD
:10E7700008D10AB103F8012B10F4804F0CBF6122BD
:10E78000412209E02E241C702A245C704AB99C1C8A
:10E79000042909D16622234603F8012B00221A70AE
:10E7A00010BDDC1C9A70F3E7B1F5807F00F4804067
:10E7B00004D100280CBF65224522ECE700280CBFDD
:10E7C00067224722E7E70139013B994228BF1946F2
:10E7D000F0B5054606460F180120B74200D010B923
:10E7E000695C13440FE016F8010BD45CA4EB000C39
:10E7F000DCF1000040EB0C00013BEEE713F80109EF
:10E80000441A60426041934201D00028F6D14BB2D5
:10E81000002B05DD13788B428CBF002000F0010037
:10E82000F0BD126852F80C3CFFF7CDBF73B5079BE3
:10E8300000F108020260D3E900530F2B044605EBF8
:10E840000306019306D9002201A9E8F759FE019BAE
:10E850002060A360206832462946FEF746FF019BF0
:10E860002268636000212046D15402B070BD13B508
:10E87000059B1B680446A3F10C0053F8043C002BD5
:10E8800005DBE2F723FC2060204602B010BD002229
:10E8900001A9F9F767FCF6E708B5D2E90023FFF70D
:10E8A00092FF05E0013101D0FFF74DFAE9F7C4F816
:10E8B00008BD4068704710B50446E9F769FD204679
:10E8C000FFF7D0F9204610BD10B50446E9F772FDF8
:10E8D0002046FFF7C7F9204610BD10B50446E9F7FA
:10E8E0007BFD2046FFF7BEF9204610BD10B504465B
:10E8F000E9F77CFD2046FFF7B5F9204610BD10B5BD
:10E900000446E9F77DFD2046FFF7ACF9204610BD2F
:10E910002DE9F0470C4600218146084617469846E7
:10E92000EBF7D6F98246C3F76FFA451C2846FFF786
:10E930006DFC2A465146064600F018F9D9F8101029
:10E940000020EBF7C5F9089B42463946204600F007
:10E95000BDF9314605460020EBF7BAF93046FFF71E
:10E9600085F905B92570BDE8F087013101D0FFF7C1
:10E97000EAF9E9F761F870B5054616460C4649B163
:10E980000846C3F741FA211832462046E9F742FE0D
:10E99000286070BD4FF0FF31F6E713B50446084616
:10E9A0001146014401AAE9F735FE2060204602B075
:10E9B00010BD704710B50446E9F79CFE2046FFF7EE
:10E9C00051F9204610BDFFF774BF10B50446E9F7B2
:10E9D0009BFE2046FFF746F9204610BD10B50446C1
:10E9E000E9F79CFE2046FFF73DF9204610BD70B5C3
:10E9F000064608460D461446EAF750F830B9224656
:10EA000029463046BDE87040FFF7C3B8236810338D
:10EA1000236070BD10B50446E9F78AFE2046FFF773
:10EA200021F9204610BD70B505460E460830286015
:10EA300056F8083B4A68B3420C460BD1013202D06B
:10EA4000314600F093F863686B6000232372266000
:10EA5000636070BD2B608B68AB60F4E710B5D1E9E3
:10EA600000120446FFF799FF204610BD1368994233
:10EA700004D153681B1A5842584170470020704710
:10EA8000C0E90021704713B5036814465B690A4664
:10EA90000146684698476368019A9A4206D10098F1
:10EAA0002368C31A5842584102B010BD0020FBE74A
:10EAB0004B68834204D10868831A58425841704712
:10EAC00000207047704770477047704710B5044684
:10EAD000FFF7C8F8204610BD10B50446FFF7C2F88E
:10EAE000204610BD10B50446E9F720FF2046FFF789
:10EAF000B9F8204610BD10B50B6886B004461B69F6
:10EB000068469847DDE900122046FFF746FF04E01B
:10EB10006846FEF78BFDFFF716F96846FEF786FD9F
:10EB2000204606B010BD13B514460A460146684695
:10EB3000E9F7CAFE6368019A9A4206D100982368F1
:10EB4000C31A5842584102B010BD0020FBE770477D
:10EB50004068704710B50446E9F736FF2046FFF7D6
:10EB600081F8204610BD03681B6818470A4491428B
:10EB700000F1FF3300D1704710B511F8014B03F8D5
:10EB8000014F9142F9D110BD884210B501EB02044A
:10EB900002D98442234607D8431EA14208D011F867
:10EBA000012B03F8012FF8E7024401468A4200D105
:10EBB00010BD13F8014D02F8014DF7E7024403467A
:10EBC000934200D1704703F8011BF9E7A0F130032D
:10EBD000092B07D920F02000413805288CBF0020E0
:10EBE00001207047012070470A220021EBF7A2BCE8
:10EBF00010B501390244904201D1002005E00378AC
:10EC000011F8014FA34201D0181B10BD0130F2E7EB
:10EC1000C9B20346184613F8012B12B18A42F9D142
:10EC20007047002918BF00207047C3F7DBB80022E7
:10EC30001146E9F739BF10B56AB10139841810F8E7
:10EC4000012B11F8013F9A4203D1A04201D0002AC2
:10EC5000F5D1D01A10BD1046FCE710B502460144AC
:10EC60008A42134603D01C780132002CF8D1181ABE
:10EC700010BD38B511F0FF0403460ED12146BDE8A2
:10EC80003840FFF7C5BF431C054621461846FFF72D
:10EC9000BFFF0028F7D1284638BD0025F5E730B57D
:10ECA000044600200B46904213F8015B08D10B4646
:10ECB0001C781A460133002CFAD1401A104430BD9A
:10ECC0002554002DFBD001301946EBE7EAF76AB96D
:10ECD000C36803B118471846704710B58378DA0740
:10ECE000044605D443F00403A3704FF0FF3010BD79
:10ECF0004FF00002D4E85F3FC4E8512F0029F9D15A
:10ED00009BB213B1581EC0B2F1E7A3689847002820
:10ED1000F9DA0130A37814BF082204221343E3E791
:10ED200038B58B789B070D4609D5C4B24B68204691
:10ED30009847002806DAAB7843F00403AB704FF035
:10ED4000FF3038BD2046FCE72DE9F8439C7814F0ED
:10ED5000010405460E4690461F4611D079B10024A5
:10ED600044450DD005EB06093846FFF7B6FF431CB6
:10ED700006D005F8010B4D45F6D10134F0E70C46FD
:10ED80002046BDE8F8832DE9F8439C7814F002048E
:10ED900005460E4690461F4611D079B100244445E1
:10EDA0000DD005EB06097B6815F8010B394698472D
:10EDB000002804DB4D45F6D10134F0E70C4620462F
:10EDC000BDE8F8838B78DA0702D44FF0FF30704744
:10EDD000431CFAD0BFF35B8FC0B2431CD1E85F2F56
:10EDE000002A04D1C1E85C3FBCF1000FF6D1BFF3AB
:10EDF0005B8FEAD18B7823F008038B707047F0B5F6
:10EE0000C3F137070446FFB203F01F031046082B77
:10EE1000E6B233D0102B3ED06508A40844EA8174D2
:10EE200045EAC1752D194FEA910242EB51022909B9
:10EE300041EA02716D1842EB1212290A41EA02619D
:10EE40006D1842EB1222290C41EA02416D1842EB87
:10EE50001242AD1842F10002EC0844EA4274D108B3
:10EE600004EB8402A6EB4205EDB2092D0CD9013466
:10EE7000A5F10A0541F10001EDB212E0E40844EA0F
:10EE8000417406F00705C908303554EA010200F85C
:10EE9000015BBCD1F0BD240944EA017406F00F0502
:10EEA0000909092D84BFED19EDB2EDE710B50C4647
:10EEB000FFF713FF0028A2BF23680133236010BDB2
:10EEC0000028A2BF136803F1FF331360FFF77ABF76
:10EED00070B505460E4631462846FFF7E7FF041E8B
:10EEE00009DB202CF7D0A4F10903042BF3D9324617
:10EEF0002946FFF7E5FF204670BDBDF8001068B158
:10EF000011F0100F01D00270704711F0080F02D0FD
:10EF1000C0E9002370474B0701D5026070478B069C
:10EF2000FBD5028070472DE9F04387B01C4602AB49
:10EF300000931746D2E902238146884600F0EBF899
:10EF400004AB0093D7E9002306460D4648464146E8
:10EF500000F0E1F8DDE90423901953EB05014FF0CF
:10EF6000000728BF012737B1029B039A013342F102
:10EF70000002CDE90232403CDDE90223009400F0BA
:10EF8000E5F807B0BDE8F0832DE9F843B0FA80F664
:10EF90008E1B002980460F4606F1070625DB084632
:10EFA000ECF7B8F806443846ECF7BAF8F41B221A26
:10EFB0003D323946404600F09EF8B74213DC1F2C24
:10EFC00068DC4FF0FF33A34038EA03030CBF012491
:10EFD0000024B0FA80F3F31A9E33FE2B354627DD6A
:10EFE0004FF0FF4044E00124F3E74C422046ECF7A9
:10EFF00097F8351A2046ECF793F8A5EB070909EBCB
:10F0000000023C322146404600F062F8AF422E46F4
:10F0100030DCB9F11F0F3DDC4FF0FF3303FA09F389
:10F0200038EA030327D0B0FA80F3EB1A9E330024AA
:10F03000002B23EAE372CCBF134601235B1BA3F131
:10F04000970520FA05F1963BC90720FA03F323D56B
:10F0500044B14FF0FF31A94020EA010003F0010163
:10F06000084319D0581CC0F31600C0B140EAC25082
:10F07000BDE8F88300230521B8FBF1F202EB82051D
:10F08000A84502D101339046F6E79C428CBF00248C
:10F0900001249EE700249CE7C3F31600E6E7013253
:10F0A000E4E710B50299A3FB0043A2FB002000197E
:10F0B00043F100033F29DBBFA1F12002C1F1400170
:10F0C00040398B40D6BFD04023FA01F0184310BD21
:10F0D00030B587B00446084602A91546ECF7B4F8E7
:10F0E000049B00955A1C059B204643F10003FFF743
:10F0F000D8FF07B030BD30B587B015460446084686
:10F1000002A9ECF72DF8DDE9042300952046FFF76E
:10F11000C8FF07B030BDF0B50F460446A0FB0201A2
:10F12000A7FB02524919A3FB044542F10002A7FBC9
:10F130000373611845F10004D219059E43F10003E1
:10F14000121943F10003C6E90023F0BDF0B5059C98
:10F15000C4F14007C4F1200602FA06F6A4F1200526
:10F16000BB4022FA05F53343C4F120062B4301FAD4
:10F1700006F6A4F12005E04021FA05F53043BA4037
:10F180002843E14010431943F0BD0269034610785B
:10F1900010B101321A6170476FF001007047D1E978
:10F1A000043293421EBF5A1C0A611870704708B59A
:10F1B000C6F730FB08B5FFF7FAFF0000014800680A
:08F1C0007047000078460024AE
:10F1C8007989FE7FB0B0AA00FFFF01082A04300049
:10F1D8003A0400006589FE7FB0AF0200FFFF01100E
:10F1E8009E01040000CA0104D00100DA01160000E3
:10F1F8004989FE7FB0B0A800FF1011010812102441
:10F208000128040000010000000000002D89FE7F95
:10F218008408B101B0B0B000FF1019010C1002143D
:10F228000118041E032208000001007F00000000EE
:10F2380000000000000000000189FE7FAF08B10057
:10F24800FF10210119360400006204F00201840253
:10F25800320000FA0204FE020082030400000100EA
:10F2680000000000D588FE7FB0AD0400FF10490102
:10F27800405020E40501A60104AC0103BE010400CE
:10F2880000C80126E40501F801048A020384020487
:10F29800E40501C80204CE0203DC0204E405019679
:10F2A80003049C0303AA03B802E40501EA05040069
:10F2B800007F00007D000000000000007D88FE7FC8
:10F2C800B0B0A800FFFF0108100214001A0A0000DD
:10F2D8006988FE7FB0B0A800FFFF010804040A0097
:10F2E800100400005588FE7FB0B0A800FFFF010899
:10F2F800100214001A0A00004188FE7FB0B0A8006E
:10F30800FFFF010804040A00100400002D88FE7F96
:10F31800B0B0A800FFFF010804040A0010040000B0
:10F328001988FE7FB0B0A800FFFF010804040A0096
:10F33800100400000588FE7FB0B0A800FFFF010898
:10F34800100214001A0A0000F187FE7FB0B0A8006E
:10F35800FFFF010804040A0010040000DD87FE7F97
:10F36800B0B0A800FFFF0108100214001A0A00003C
:10F37800C987FE7FB0B0A800FFFF010804040A0097
:10F3880010040000B587FE7FB0B0A800FFFF010899
:10F39800100214001A0A0000A187FE7FB0B0A8006E
:10F3A800FFFF010804040A00100400008D87FE7F97
:10F3B800B0B0A800FFFF010804040A001004000010
:10F3C8007987FE7FB0B0A800FFFF01081002140083
:10F3D8001A0A00006587FE7FB0B0A800FFFF010889
:10F3E80004040A00100400005187FE7FB0A803003F
:10F3F800FFFF01004587FE7FB0B0AE00FFFF011C94
:10F408001E0424002A0400004C047E0078048201B3
:10F4180000AE0104B401009E020400001D87FE7FB7
:10F42800B0B0A800FFFF01001187FE7FB0B0A800B0
:10F43800FFFF01000587FE7FB0AA1100FFFF01084A
:10F4480018304A0050040000F186FE7FB0A902007F
:10F45800FFFF011F0828000036047A004604000058
:10F468005004840100600400006A048601008001E1
:10F4780004000000C586FE7FB0A80100FFFF010C54
:10F488000A0400001204200026040000AD86FE7F56
:10F49800B0A90200FFFF012B082E00003C04AA01BE
:10F4A800004C0400005604B4010066040000700417
:10F4B800B6010080010400008A0104B80100980127
:10F4C8001C0000007586FE7FB0A90200FFFF012B1B
:10F4D800082E00003C04AA01004C0400005604B4A5
:10F4E8000100660400007004B601008001040000F9
:10F4F8008A0104B8010098011C0000003D86FE7FC7
:10F50800B0A80100FFFF010C0A04000016041C004B
:10F51800220400002586FE7FB0AB0600FFFF011025
:10F528001204000028045400300444005004000071
:10F538000986FE7F01AD0A00FFFF010E36040000B8
:10F54800682A9401009A010400000000ED85FE7FFE
:10F55800B0B0AA00FFFF015B240400002C04B6042D
:10F568000058045E007C048201009601100000AE81
:10F578000104C20100CC01580000A80204B804002C
:10F58800E00204E60200FE02048403009C03040077
:10F5980000A40304BA0400DC0304E20300FA030431
:10F5A8008004009804040000A00404BC0400B20411
:10F5B800040000008585FE7F01AE0700FFFF010CF7
:10F5C8002404000038046A00641000006D85FE7F82
:10F5D800B0A80900FFFF0108120C20002604000053
:10F5E8005985FE7FB0AB1600FFFF010A4618860159
:10F5F800008C0104000000004185FE7FB0A90C00CA
:10F60800FFFF0108260C34003A04000008B101810C
:10F61800B0B000840000000008B10181B0B00084DF
:10F628000000000008B10181B0B0008400000000B3
:10F6380008B10181B0B0008400000000FD84FE7FA5
:10F64800B0B0A800FFFF0100F184FE7FB0B0A800B1
:10F65800FFFF0100E584FE7FB0B0A800FFFF0100B6
:10F6680008B10181B0B0008400000000CD84FE7FA5
:10F67800AB08B100FF101D011418045A0146046AB2
:10F6880001500400005E04620066040000010000EE
:10F6980000000000A584FE7FAB08B100FF101D012B
:10F6A8001418045A0146046A01500400005E0462FA
:10F6B8000066040000010000000000007D84FE7F59
:10F6C800B0AD0600FF102D01242404BA0100360451
:10F6D800B801005804B20101700476018001048465
:10F6E80001009401040000AA0104B0010101000016
:10F6F800000000004584FE7FB0AD0C00FFFF010D47
:10F70800100400001E047E008401040000000000B4
:10F71800AC020181B0B008B1000000001D84FE7F7A
:10F72800B0B0A800FFFF0108100416001C04000078
:10F738000984FE7FB0AF1800FFFF01161C0C000003
:10F7480078A001D60400C402D201C60400D2040481
:10F7580000000000E583FE7FB0AF1800FFFF011630
:10F768001C0C000078A001D60400C402D201C60413
:10F7780000D2040400000000C183FE7FAF0C970094
:10F78800FFFF01103078820200B2013AEE0100FE5C
:10F798000104000008B10181B0B00084000000003D
:10F7A8009983FE7FB0AF1800FFFF011A180C000004
:10F7B8005A04E207006404F207009E019806E20773
:10F7C80000EE0704000000007183FE7FB0AF180050
:10F7D800FFFF011A180C00005A04E207006404F243
:10F7E80007009E019806E20700EE070400000000EB
:10F7F8004983FE7FB0AC1100FFFF010842286C006E
:10F80800720400003583FE7FB0AF1000FFFF010EC9
:10F818002004000056429A0100A0010400000000E4
:10F828001983FE7FB0B0A800FFFF01000D83FE7FA3
:10F83800B0AA1100FFFF010818304A005004000068
:10F84800F982FE7FB0A90600FFFF011F0A28000009
:10F8580038047C0048040000520486010062040059
:10F86800006C04880100820104000000CD82FE7F44
:10F87800B0A80500FFFF010C0C04000014042200CE
:10F8880028040000B582FE7FB0A90600FFFF012B07
:10F898000A2E00003E04AC01004E0400005804B6D5
:10F8A8000100680400007204B8010082010400002D
:10F8B8008C0104BA01009A011C0000007D82FE7FC1
:10F8C800B0A90600FFFF012B0A2E00003E04AC0180
:10F8D800004E0400005804B60100680400007204D9
:10F8E800B8010082010400008C0104BA01009A01E9
:10F8F8001C0000004582FE7FB0A80500FFFF010C38
:10F908000C04000016041C00220400002D82FE7F57
:10F91800B0AB0E00FFFF01101204000024045000D9
:10F928002C0440004C0400001182FE7F01AD0E0043
:10F93800FFFF010E36040000702A9C0100A201049A
:10F9480000000000F581FE7FB0B0AA00FFFF015B58
:10F95800240400002C04B6040058045E007C0482D1
:10F9680001009601100000AE0104C20100CC01584C
:10F978000000A80204B80400E00204E60200FE0247
:10F98800048403009C03040000A40304BA0400DCFC
:10F998000304E20300FA030480040098040400004E
:10F9A800A00404BC0400B204040000008D81FE7FA2
:10F9B80001AE0B00FFFF010C2404000038046A00AC
:10F9C800641000007581FE7FB0A80900FFFF0108E0
:10F9D800120C2000260400006181FE7FB0AC1900E3
:10F9E800FFFF010A4C1ADC0100E2010400000000DC
:10F9F8004981FE7FB0A90C00FFFF0108240C3200EA
:10FA08003804000008B10181B0B000840000000093
:10FA180008B10181B0B000840000000008B1018184
:10FA2800B0B000840000000008B10181B0B00084CB
:10FA3800000000000581FE7FA908B100FFFF010852
:10FA48000E041C00180E0000F180FE7FA908B1000A
:10FA5800FFFF01080E041C00180E0000DD80FE7F69
:10FA6800A908B100FFFF01080E041C00180E0000D1
:10FA7800C980FE7FA908B100FFFF01080E041C0021
:10FA8800180E000008B101810FB1008400000000C9
:10FA9800A980FE7FA908B100FFFF01080E041C0021
:10FAA800180E000008B10181B0B000840000000009
:10FAB80008B10181B0B000840000000008B10181E4
:10FAC800B0B000840000000008B10181B0B000842B
:10FAD800000000006580FE7FB0B0AA00FF10190189
:10FAE8000C14021A011E0424032808000001007FD8
:10FAF8000000000000000000000000003D80FE7FC4
:10FB0800B0B0A800FFFF01003180FE7FB0B0A800B0
:10FB1800FFFF01002580FE7FA908B100FFFF01005B
:10FB28001980FE7FB0AD0200FF102D01221604B02F
:10FB380001002C04AE01004E04A8010166046C010A
:10FB480076047A008A01040000A00104A6010101DC
:10FB58000000000000000000E17FFE7FB0AD04005F
:10FB6800FFFF010E100400001E048201008801043A
:10FB780000000000C57FFE7FB0B0A800FFFF0108AD
:10FB88001C04220028040000B17FFE7FB0B0A8004A
:10FB9800FFFF0108100416001C0400009D7FFE7F73
:10FBA800B0AD0400FF1049013E0C0400001604E843
:10FBB80002012204CE02033004B602034A04CC0236
:10FBC8000356046A036404980103A20104A801030C
:10FBD800B20104A60203C00142B20203DC0204E03F
:10FBE8000200E4020400000100007D0000000000A3
:10FBF800497FFE7FAB08B100FF101D011418043CBB
:10FC08000128044C01320400004004440048040068
:10FC18000001000000000000217FFE7FB0AC07005B
:10FC2800FFFF012D0C0E00001E04FA01002C04B287
:10FC3800020034048402004204B002004A04920222
:10FC4800005804AE0200648401A00200800204008F
:10FC580000000000E57EFE7FAB08B100FF101D012B
:10FC68001418043C0128044C0132040000400444E8
:10FC7800004804000001000000000000BD7EFE7F77
:10FC8800B0AC0700FFFF012D0C0E00001E04FA01A6
:10FC9800002C04B2020034048402004204B00200C2
:10FCA8004A049202005804AE0200648401A00200D3
:10FCB8008002040000000000817EFE7FAB08B100D6
:10FCC800FF101D011418043C0128044C01320400E3
:10FCD8000040044400480400000100000000000047
:10FCE800597EFE7FB0AF0E00FFFF01161A0C000010
:10FCF80072B401EC0400CE02DE01DC0400E8040466
:10FD080000000000357EFE7FB0AF0E00FFFF011639
:10FD18001A0C000072B401EC0400CE02DE01DC040F
:10FD280000E8040400000000117EFE7FAF08970081
:10FD3800FFFF01103072860200AA0146F20100821C
:10FD480002040000F57DFE7FB0AF0800FFFF011A36
:10FD5800161400006C04FC070074C8010000C802F7
:10FD6800F804FC070082080400000000CD7DFE7F37
:10FD7800B0AD0C00FFFF010A1C4C8801008E010485
:10FD880000000000B57DFE7FB0AD0C00FFFF010A4A
:10FD98001C4C8801008E0104000000009D7DFE7F40
:10FDA800B0AD0C00FFFF010A1C4C8801008E010455
:10FDB80000000000857DFE7FB0AF0C00FFFF011141
:10FDC80014F8010000D2039C02FC0600820704001C
:10FDD80000000000657DFE7FB0AF0A00FFFF011143
:10FDE80014F8010000CA03A802F80600FE06040081
:10FDF80000000000457DFE7FB0AF0A00FFFF011143
:10FE080016F4010000C0039202D60600DC060400C6
:10FE180000000000257DFE7FB0AF0A00FFFF011142
:10FE280016F4010000C0039202D60600DC060400A6
:10FE380000000000057DFE7FB0AF0E00FFFF01113E
:10FE480014F8010000E803D402E40700EA070400FC
:10FE580000000000E57CFE7FB0AF0C00FFFF011141
:10FE680014F8010000DC03D802C60700CC07040020
:10FE780000000000C57CFE7FB0AF0E00FFFF011A36
:10FE8800180C00004804FE070052048E08008C017C
:10FE9800A406FE07008A0804000000009D7CFE7F7F
:10FEA800B0AF0E00FFFF011A180C00004804FE074F
:10FEB8000052048E08008C01A406FE07008A08047C
:10FEC80000000000757CFE7FB0AC0B00FFFF01084E
:10FED8003A326E0074040000617CFE7FB0AF0C0003
:10FEE800FFFF010E200400004E50A00100A60104EF
:10FEF80000000000457CFE7FA908B100FFFF01005B
:10FF0800397CFE7FB0A90200FF10310121140400E2
:10FF18000034044C0346049401006008680072042D
:10FF280000008401048E010088010494010002008D
:10FF3800017D000000000000C84A0000FD7BFE7F34
:10FF4800B0A90200FF102D011E0A04000020043889
:10FF58000332048001004C0854005E040000700461
:10FF68007A0074048001000200017D000000000096
:10FF7800904A0000C57BFE7FB0AB0200FF10310144
:10FF8800200C04000038528C0103A00108A80100CD
:10FF9800B201040000C40104CE0100C80104D40168
:10FFA800000200017D00000000000000544A00002B
:10FFB800897BFE7FB0AC0900FF103D012D0E0400C7
:10FFC800002C0430034404860100561630037C04D8
:10FFD800B201008201048601009001040000A20120
:10FFE80004AC0100A60104B201000200017D00007A
:08FFF800000000000C4A0000AB
:020000040804EE
:10000000417BFE7FB0A80100FFFF01082A0C3800E9
:100010003E0400002D7BFE7FB0AB0800FFFF010F08
:100020003C0400009A013EEA0100F00104000000D7
:1000300008B10181B0B000840000000008B1018166
:10004000B0B000840000000008B10181B0B00084AD
:100050000000000008B10181B0B000840000000081
:1000600008B10181B0B000840000000008B1018136
:10007000B0B0008400000000C97AFE7FB0AF040079
:10008000FF1029011E2404280160049201006A0463
:100090006E0188010A9201009A01040000AE01027B
:1000A000920100010000000000000000957AFE7F30
:1000B000A908B100FFFF010008B10181B0B00084C0
:1000C000000000007D7AFE7FB0AF1200FF10190122
:1000D00010289C050000DA0504DE0501F605340051
:1000E0000001000000000000597AFE7F8408B10181
:1000F000B0B0B000FF100D010402060801010000BD
:100100000000000008B10181B0B0008400000000D0
:1001100008B10181B0B0008400000000257AFE7FA4
:100120008408B101B0B0B000FF100D010402040852
:10013000010100000000000008B10181B0B000849E
:1001400000000000FD79FE7FA908B100FFFF010853
:100150000C0412001A0C0000E979FE7FB0B0A80070
:10016000FFFF010804040A0010040000D579FE7F97
:10017000B0B0A800FFFF0108100416002004000022
:10018000C179FE7F8408B101B0B0B000FF100D014D
:100190000806040C01100800007F000000000000A9
:1001A000A179FE7FB0B0AE00FF100D01081E045A09
:1001B000015E0800007F0000000000008579FE7FDE
:1001C000B0A80100FFFF01080C0412001804000091
:1001D0007179FE7FB0A80100FFFF01080C04120036
:1001E000180400005D79FE7FB0B0A800FFFF010099
:1001F0005179FE7FB0A80100FFFF01082A043000FA
:10020000360400003D79FE7FB0AB1200FFFF011401
:10021000160200001E045E0030045C00400446002C
:10022000580400001D79FE7FB0A90200FFFF010CF9
:1002300018044C002C0432003E0E00000579FE7FAD
:10024000B0B0A800FFFF01080A0410001604000067
:10025000F178FE7FB0A80500FFFF010C0C02000042
:1002600014041A0020040000D978FE7FB0AA01000F
:10027000FF1011010826042C033A0A00007F000039
:100280007D0000000000000008B10181B0B00084D2
:100290000000000008B10181B0B00084000000003F
:1002A0000000FC7F010000002011FC7FB0A902804B
:1002B000A411FC7FB0B0A880E811FC7F0100000011
:1002C000F011FC7FB0B0AA802212FC7FAE71B28028
:1002D000D412FC7F01000000D012FC7FAB3F3880BD
:1002E0002213FC7F010000002C13FC7FB0B0AA8019
:1002F0006413FC7F010000000814FC7FAB0EB28089
:100300006C14FC7FB0AF0680B416FC7F01000000C7
:10031000B816FC7FAC3F01801C19FC7F0100000077
:10032000EE1DFC7F00840480FE1DFC7F01000000A8
:10033000F81DFC7FB0AD04803420FC7F0084048075
:100340005620FC7F44FFFF7F5820FC7F48FFFF7F43
:100350006220FC7F01000000D4F1FD7FB0B0A880D6
:1003600004F2FD7F010000001CF2FD7FB0B0A88008
:1003700050F2FD7FA908B18094F2FD7F01000000DA
:10038000A0F2FD7F44EEFF7FE0F2FD7F50EEFF7FA5
:1003900028F4FD7F64EEFF7F60F4FD7F0100000024
:1003A00084F4FD7FB0B0A88090F4FD7F01000000D0
:1003B000F4F4FD7F8CEEFF7F78F6FD7F01000000F6
:1003C0002CF7FD7FA8EEFF7F58FBFD7F01000000AA
:1003D000CCFBFD7FA908B180D4FCFD7FE8EEFF7F58
:1003E000F8FCFD7F08EFFF7F1CFDFD7FB0B0A8800B
:1003F0008CFDFD7FA908B18094FEFD7F40EFFF7F5B
:10040000B8FEFD7F60EFFF7FDCFEFD7FA908B180B5
:1004100070FFFD7F78EFFF7F94FFFD7FB0B0A88075
:10042000C0FFFD7FA908B1805400FE7F9CEFFF7FD5
:100430007800FE7FBCEFFF7FAC00FE7F0100000074
:100440009003FE7FB8EFFF7F4405FE7FB0B0AC8025
:100450008805FE7FB0A90280C005FE7F0100000074
:100460004806FE7FC0EFFF7F6C06FE7F01000000A4
:10047000D006FE7FC4F0FF7F6C07FE7FD8F0FF7FC1
:100480000C0AFE7FB0A801802C0AFE7F88F1FF7F56
:10049000440AFE7FAB08B180700AFE7F01000000B5
:1004A000800AFE7FB0B0A880D00AFE7FAB08B18082
:1004B000FC0AFE7F010000003C0BFE7FB0B0AA806A
:1004C000640BFE7FAB08B180940BFE7FB0AA018065
:1004D000FC0BFE7F01000000080CFE7FB0B0AC807A
:1004E000740CFE7FAB08B180000DFE7F58F1FF7FDA
:1004F000200DFE7F01000000A40DFE7F54F1FF7F60
:10050000B80DFE7F58F1FF7FCC0DFE7F5CF1FF7FC1
:10051000EC0DFE7F60F1FF7F640EFE7FB0B0AA801D
:100520009C0EFE7F78F1FF7F140FFE7FA908B1803B
:10053000380FFE7FB0A902805C0FFE7FDCF1FF7FE9
:10054000C40FFE7FE0F1FF7FE80FFE7F34F2FF7FF4
:100550000411FE7FB0AF2A80F81BFE7F4CF2FF7FB4
:10056000E41FFE7F6CF2FF7FD023FE7F01000000BE
:100570004C24FE7FB0AA0180E424FE7F010000002D
:100580006C25FE7FA4F2FF7F9025FE7F0100000016
:10059000F425FE7FB8F3FF7F9428FE7FB0B0A880DB
:1005A000AC28FE7F01000000BC28FE7F6CF4FF7FBA
:1005B000D428FE7F70F4FF7FEC28FE7F74F4FF7F69
:1005C0000429FE7F78F4FF7F2C29FE7F84F4FF7FCF
:1005D0005429FE7F90F4FF7F7C29FE7F9CF4FF7FEF
:1005E000A429FE7FB4F4FF7FCC29FE7F0100000028
:1005F000E029FE7FB8F4FF7FF829FE7F01000000AC
:10060000302BFE7FB4F4FF7F482BFE7F01000000FB
:10061000E82CFE7FF0F4FF7FFC2CFE7FF4F4FF7FDC
:10062000102DFE7FF8F4FF7F442DFE7FB0B0AC802C
:10063000882DFE7FB0B0A880B02DFE7FECF4FF7F48
:10064000742EFE7FB0B0A880E42EFE7F0100000073
:10065000E42FFE7F28F5FF7F1030FE7F34F5FF7F0B
:100660003430FE7FB0B0A880A430FE7F38F5FF7F25
:100670001032FE7F84F5FF7F6832FE7FB0B0A88025
:100680001433FE7F010000004833FE7F94F5FF7FA6
:100690007834FE7FC8F5FF7FD034FE7FE8F5FF7F1A
:1006A0000036FE7F1CF6FF7F5836FE7F3CF6FF7F4C
:1006B000C438FE7F58F6FF7F303BFE7F74F6FF7F25
:1006C000503CFE7FB0AF2C802047FE7F80F6FF7F3E
:1006D000204BFE7FA0F6FF7FB04BFE7FB0F6FF7F82
:1006E000404CFE7FC0F6FF7FD04CFE7FD0F6FF7FF0
:1006F0005450FE7FE8F6FF7FD453FE7F00F7FF7F64
:100700003057FE7F18F7FF7F8C5AFE7F30F7FF7F50
:10071000785EFE7F48F7FF7F4462FE7F60F7FF7FD1
:100720004C66FE7F80F7FF7F546AFE7FA0F7FF7F55
:10073000EC6AFE7FACF7FF7F946BFE7F0100000048
:10074000C06DFE7FECF8FF7FFC6DFE7FF0F8FF7F51
:10075000106EFE7FB0AC0180886EFE7FB0AF02806D
:100760007C6FFE7FB0AB0280A46FFE7FB0B0AA802A
:10077000BC6FFE7FB0B0AC807470FE7FB0B0AA805A
:100780009470FE7F01000000F071FE7FB0AC01802C
:100790008872FE7FD8F8FF7FA072FE7FDCF8FF7FB3
:1007A0006873FE7F010000009873FE7F18F9FF7FD9
:1007B000C876FE7F010000002479FE7F7CF9FF7F70
:1007C0004079FE7F80F9FF7F6C79FE7FA0F9FF7F83
:1007D0009879FE7F010000003C7CFE7FA908B18073
:1007E000347EFE7FB0B0AC80787EFE7FD0F9FF7F94
:1007F000987EFE7FB0B0A880CC7EFE7FD4F9FF7FCC
:10080000EC7EFE7F01000000287FFE7FD8F9FF7F8D
:100810003C7FFE7FDCF9FF7F7C7FFE7FE8F9FF7F76
:10082000FC7FFE7F00FAFF7F5480FE7F0100000006
:100830006480FE7F08FAFF7F8080FE7F0100000059
:100840000081FE7FB0AA01805081FE7F0100000080
:100850009C81FE7F14FAFF7FDC81FE7FB0AD0480B7
:100860003C82FE7F01000000C262FF7FB0B0AC801E
:10087000E462FF7F010000001063FF7F98E9FF7FC3
:100880003463FF7F01000000C863FF7F4CEAFF7FF5
:10089000DE63FF7F6CEAFF7FF463FF7F78EAFF7F10
:1008A0000A64FF7F84EAFF7F2064FF7FA4EAFF7F62
:1008B0003664FF7FC4EAFF7F4C64FF7FE4EAFF7F7A
:1008C0006264FF7FF0EAFF7F7864FF7F10EBFF7FB9
:1008D0008E64FF7F01000000D06DFF7FAB08B18008
:1008E000F26DFF7FB0A80180046EFF7FB0A90A807F
:1008F000466FFF7F01000000486FFF7FB0AB1080A4
:10090000B06FFF7FB0A80980E86FFF7F0100000093
:10091000EC6FFF7F008402800070FF7F0100000009
:10092000B870FF7F0CEBFF7FBE70FF7F10EBFF7F87
:100930001671FF7F1CEBFF7F9671FF7F01000000A7
:10094000A271FF7F38EBFF7FC471FF7F48EBFF7F11
:100950007672FF7F78EBFF7F2873FF7FA8EBFF7F26
:100960005473FF7FB8EBFF7FA273FF7F010000008D
:10097000A873FF7F01AB06805474FF7F40ECFF7FBC
:10098000C074FF7F50ECFF7FEE74FF7F5CECFF7F55
:100990007675FF7F6CECFF7FB875FF7F010000006C
:1009A000CA75FF7F7CECFF7FDE75FF7F01000000D2
:1009B0009476FF7FB0AF02801E77FF7FB0B0A88033
:1009C0004077FF7F68ECFF7F4A77FF7FB0B0A88059
:1009D0004E77FF7FB0A902806A77FF7FAB08B180B6
:1009E0008477FF7FB0B0AA80AE77FF7FB0A9028086
:1009F000DC77FF7FAB08B1802078FF7F3CECFF7F86
:100A00002278FF7FB0B0AA805478FF7F01000000F9
:100A10008E78FF7FB0AC3F80CE78FF7F0100000072
:100A2000D678FF7FB0B0AA80EE78FF7F010000008B
:100A3000F678FF7FB0B0AA800E79FF7F010000003A
:100A4000EA7AFF7F00840280F67AFF7FB0B0A88048
:100A5000007BFF7FB0B0AC803A7BFF7FB0AA018003
:100A6000687BFF7FB0B0A880107CFF7F58ECFF7FD1
:100A7000D87CFF7F88ECFF7F587DFF7F010000005E
:100A80005C7DFF7FB0B0AA80967DFF7FB0AB088011
:100A90000A7EFF7FB0AA0780367EFF7FB0AA05805E
:100AA0005E7EFF7F01000000627EFF7FB0B0A88005
:100AB000927EFF7F01000000B07EFF7FB0B0A88073
:100AC000E07EFF7F01000000FE7EFF7FB0B0A880C7
:100AD000207FFF7F010000001E7FFF7FB0AB0880FA
:100AE0002E80FF7F010000002C80FF7FB0AA0180D4
:100AF0003C80FF7F010000004680FF7FA908B18095
:100B00004C80FF7FB0AB02807880FF7F2CECFF7FB2
:100B1000C882FF7F48ECFF7F1885FF7FB0AB06805F
:100B20004485FF7FB0B0A8805A85FF7FA908B180B7
:100B30007885FF7F68ECFF7F7E85FF7FB0AF028006
:100B40000286FF7FAF0C97804289FF7FAF069780B8
:100B50009C8AFF7FB0AF0E80A48BFF7FB0AD1C805E
:100B60005E8CFF7FB0AD2680EC8CFF7FB0AF108035
:100B7000A68EFF7F84ECFF7F388FFF7F90ECFF7F96
:100B8000D48FFF7F01000000D08FFF7FAB08B180C2
:100B9000EE8FFF7FB0A801800090FF7FB0A90A8090
:100BA0004291FF7F010000004491FF7FB0AB1080B5
:100BB000AC91FF7FB0A80980E491FF7F01000000A5
:100BC000E891FF7F00840280F891FF7F0100000020
:100BD0008092FF7F60ECFF7FD892FF7F6CECFF7FFD
:100BE0005A93FF7F010000006693FF7F88ECFF7F30
:100BF0008A93FF7F98ECFF7F3E94FF7FC8ECFF7FD6
:100C0000F294FF7FF8ECFF7F1E95FF7F08EDFF7FDA
:100C10006895FF7F010000006E95FF7F01AB0680A5
:100C20001A96FF7F0CEDFF7FB896FF7F88EDFF7F60
:100C30002497FF7F98EDFF7F5297FF7FA4EDFF7F02
:100C40003098FF7FB4EDFF7F7098FF7F01A902808D
:100C50009298FF7F010000009098FF7FAB08B18061
:100C6000C698FF7F01000000CA98FF7FA908B180E5
:100C7000E498FF7F98EDFF7F0099FF7F010000005F
:100C80000A99FF7FB0B0A8804299FF7F00EEFF7FF6
:100C90004499FF7F010000006099FF7F28EEFF7FED
:100CA0006499FF7F2CEEFF7F7099FF7FB0B0AA8020
:100CB0009299FF7FB0B0A880AA99FF7FA908B18060
:100CC000089AFF7F18EEFF7F309AFF7F0100000037
:100CD000D69CFF7FB0B0A880E09CFF7FB0B0AA8018
:100CE000FC9CFF7FB0A80180D09DFF7F0100000029
:100CF000DA9DFF7FB0B0AC80149EFF7F64EEFF7F73
:100D0000989EFF7FB0AA0580BA9EFF7FB0AB088097
:100D10002E9FFF7FB0AA07805A9FFF7FB0AA058051
:100D2000829FFF7F01000000869FFF7FB0B0A880F8
:100D3000B69FFF7F01000000D49FFF7FB0B0A88066
:100D400004A0FF7F0100000022A0FF7FB0B0A880B8
:100D500044A0FF7F010000003CA1FF7FB0AB0880F2
:100D60004CA2FF7F010000004AA2FF7FB0AA0180D1
:100D70005AA2FF7F0100000064A2FF7FA908B18092
:100D80006AA2FF7F01000000F4A2FF7FB0AB0280E7
:100D900030A3FF7FB0AA01804EA3FF7FB0B0AE802A
:100DA0002AA4FF7FB0A902803EA4FF7F01000000BB
:100DB00028A5FF7FA908B18044A5FF7F010000009E
:100DC0004CA5FF7FA908B18068A5FF7F0100000046
:100DD00070A5FF7FAF089780B0A6FF7FB0A90680FF
:100DE000D0A6FF7FAF089780BEA7FF7FAF06978092
:100DF000D2A8FF7FB0A90680F2A8FF7FB0AC078021
:100E000042A9FF7FAF0897808AAAFF7FB0A906801A
:100E1000AEAAFF7FAF089780D0ABFF7FB0A9068056
:100E2000F4ABFF7FAF0A9780FCADFF7FB0A90880CD
:100E300024AEFF7FAF0A97802CB0FF7FB0A9088057
:100E400054B0FF7FB0AB068080B0FF7FB0AD26808E
:100E5000F4B0FF7FB0AF028078B1FF7FAF0C978016
:100E6000B8B4FF7FAF06978012B6FF7FB0AA0780A5
:100E700040B6FF7FB0AF108058B8FF7FB0AA0780A0
:100E8000F2B8FF7FB0AC0B804AB9FF7FB0AA0780F1
:100E9000AEB9FF7FB0AF0E80B6BAFF7FB0AE1B8099
:100EA00048BBFF7FB0AE2580DABBFF7FB0AF1280BA
:100EB000E2BCFF7F0100000018BDFF7F40F0FF7F14
:100EC0004ABDFF7F44F0FF7FD8BDFF7FA908B180F6
:100ED00010BEFF7F70F0FF7F96BEFF7FA908B18034
:100EE000CABEFF7FB0B0AA80FEBEFF7FA908B18056
:100EF0001ABFFF7F88F0FF7FE8BFFF7FA908B1809E
:100F000002C0FF7F0100000010C0FF7FACF0FF7F38
:100F1000CAC0FF7F0100000034C1FF7FE4F0FF7F03
:100F200074C1FF7F01000000C2C1FF7FB0AF048029
:100F300002C3FF7F01AE0180C8C3FF7FB0AB028058
:100F40001AC4FF7FA908B1802CC4FF7FC8F0FF7FBF
:100F500018C5FF7F01000000AAC5FF7FB0B0A880C0
:100F6000BAC5FF7F01000000D0C5FF7FAD08B1808A
:100F700074C6FF7F01000000C4C6FF7FCCF0FF7F76
:100F8000D4C6FF7F010000002EC7FF7FB0A90280FA
:100F90005AC7FF7F0100000066C7FF7FB0AB028029
:100FA000AEC7FF7FB0AE01801EC8FF7F010000000A
:100FB00040C8FF7FB0A9028076C8FF7FB0AB028037
:100FC000ACC8FF7F00840280B8C8FF7FB0B0A880A3
:100FD000CEC8FF7F80F0FF7FD0C8FF7FB0A902801E
:100FE000E4C8FF7F00840280F0C8FF7FB0AA0180C0
:100FF0004CC9FF7F6CF0FF7F50C9FF7F01000000EC
:1010000018CBFF7FB0AA018046CBFF7F0100000014
:1010100082CBFF7FB0AA0380ACCBFF7F0100000032
:1010200050CCFF7FB0AC0780F2CCFF7F0100000006
:101030005ACEFF7F78F0FF7FA4CEFF7F0100000033
:1010400056CFFF7FB0AC0180DACFFF7F6CF0FF7F1F
:1010500014D0FF7FB0B0AA802CD0FF7FB0AA01804F
:1010600082D0FF7F0084048092D0FF7F7CF0FF7FDE
:101070009AD0FF7F010000009CD0FF7F88F0FF7FA7
:101080009CD0FF7F8CF0FF7F9ED0FF7FB0B0A88008
:10109000DAD0FF7FB0B0AA8006D1FF7FB0B0A880C1
:1010A0006CD1FF7F0100000068D1FF7F70F0FF7FEF
:1010B00074D1FF7F0100000080D1FF7FB0AF0280BC
:1010C000EAD1FF7F010000000ED2FF7FB0AF108099
:1010D00070D4FF7FB0AF08808CD5FF7F0100000087
:1010E000B4D5FF7F74F0FF7FCAD5FF7F01000000F9
:1010F0003CD7FF7FB0AA018076D7FF7FB0A80180E0
:1011000098D7FF7F7CF0FF7FAAD7FF7F0100000008
:1011100000D8FF7F8CF0FF7F5ED8FF7FB0B0AA8041
:101120007AD8FF7FB0A801808AD8FF7F0100000035
:10113000BED8FF7FB0B0AA80DCD8FF7F01000000DE
:101140001CD9FF7FB0B0A88024D9FF7F0100000028
:10115000A6D9FF7FFCF0FF7FCED9FF7F0100000002
:10116000F958000800000000755B0008000000004E
:10117000915B000800000000AD5B0008000000006B
:101180000000000090120408554100080000000013
:10119000AD69010800000000D169010800000000ED
:1011A00000000000B012040800000000F013040862
:1011B000000000001014040800000000B013040830
:1011C00000000000D01204080000000030140408E1
:1011D00000000000D0130408000000009013040871
:1011E0000000000070130408000000005013040801
:1011F0000000000030130408000000001013040871
:1012000000000000F0120408000000005014040860
:10121000000000009014040800000000701404088E
:10122000B913010800000000492B0108000000006C
:101230008142000800000000315800080000000052
:101240004D8201080000000000000000B0140408F6
:1012500000000000D014040800000000F01404088E
:1012600000000000101504080000000030150408FC
:101270007141000800000000F5D3020800000000E2
:10128000455B010800000000D5EE000800000000EA
:101290007864040800000000A41A0408361400242E
:1012A00000000000D910010800000000000000004C
:1012B0000768040864250408941A040856140024D6
:1012C000000000000000000000000000000000001E
:1012D000255B04080000000000000000301400241A
:1012E0001852002485EF00080000000000000000F4
:1012F0002467040824240408701A04083E140024F7
:10130000F854002429250108000000000000000016
:101310003267040838240408701A040840140024B2
:101320000C550024292501080000000000000000E1
:10133000406704084C240408701A0408421400246E
:1013400020550024292501080000000000000000AD
:101350004E67040860240408701A0408441400242A
:101360003455002429250108000000000000000079
:101370005C67040874240408701A040846140024E6
:101380004855002429250108000000000000000045
:101390006A67040888240408701A040848140024A2
:1013A0005C55002429250108000000000000000011
:1013B000786704089C240408701A04084A1400245E
:1013C00070550024292501080000000000000000DD
:1013D00086670408B0240408701A04084C1400241A
:1013E00084550024292501080000000000000000A9
:1013F00094670408C4240408701A04084E140024D6
:101400009855002429250108000000000000000074
:10141000A2670408D8240408701A04085014002491
:10142000AC55002429250108000000000000000040
:10143000B0670408EC240408701A0408521400244D
:10144000C05500242925010800000000000000000C
:10145000856404088C120024681A040838140024D7
:1014600020120024E5150108000000000000000023
:10147000BA68040868250408D81A04085814002417
:101480006C1300241929010800000000000000006E
:10149000CA680408B4250408D81A04085A14002499
:1014A0007C1300241929010800000000000000003E
:1014B000D85D0408C4210408001A0408321400246A
:1014C000000800246DF40008000000000000000087
:1014D000F367040898120024C01A04085414002466
:1014E000A41200249925010800000000000000005B
:1014F0000D67040814240408EC1A04083C140024A2
:10150000B8080024192201080000000000000000B3
:101510005F640408D02204080C1A04083414002460
:1015200098520024890D010800000000000000000E
:10153000886604088C230408F42304083A14002461
:1015400000000024D5190108000000000000000080
:1015500000000000DFC9020800000000DFC9020827
:1015600000000000DFC9020800000000DFC9020817
:1015700000000000DFC9020800000000DFC9020807
:10158000235B0408E9EE0008215B0408E9EE00088B
:101590001F5B0408E9EE00081D5B0408E9EE000883
:1015A0001B5B0408E9EE000800000000DFC9020828
:1015B00000000000DFC9020800000000DFC90208C7
:1015C00000000000DFC9020800000000DFC90208B7
:1015D00000000000DFC9020800000000DFC90208A7
:1015E00000000000A1F2000810150408C90201085B
:1015F00000000000DFC902081015040835020108C8
:1016000000000000DFC90208195B0408E9EE0008C9
:1016100000000000DFC9020800000000DFC9020866
:1016200000000000DFC9020800000000DFC9020856
:1016300000000000DFC9020800000000DFC9020846
:1016400000000000DFC9020800000000DFC9020836
:1016500000000000DFC9020800000000DFC9020826
:1016600000000000DFC9020800000000DFC9020816
:1016700000000000DFC9020800000000DFC9020806
:1016800000000000DFC9020800000000DFC90208F6
:10169000175B0408E9EE000800000000DFC902083B
:1016A00000000000DFC9020800000000DFC90208D6
:1016B00000000000DFC9020800000000DFC90208C6
:1016C00000000000DFC9020800000000DFC90208B6
:1016D00000000000DFC9020800000000DFC90208A6
:1016E00000000000DFC9020800000000DFC9020896
:1016F00000000000DFC9020800000000DFC9020886
:1017000000000000DFC9020800000000DFC9020875
:1017100000000000DFC9020800000000DFC9020865
:1017200000000000DFC9020800000000DFC9020855
:1017300000000000DFC9020830150408912D0308DD
:1017400000000000DFC9020800000000DFC9020835
:1017500000000000DFC9020800000000DFC9020825
:1017600000000000DFC9020800000000DFC9020815
:1017700000000000DFC9020800000000DFC9020805
:1017800000000000DFC9020800000000DFC90208F5
:1017900000000000DFC9020800000000DFC90208E5
:1017A00000000000DFC9020800000000DFC90208D5
:1017B00000000000DFC9020800000000DFC90208C5
:1017C00000000000DFC9020800000000DFC90208B5
:1017D00020120024D917010800000000DFC9020808
:1017E00000000000DFC9020800000000DFC9020895
:1017F00000000000DFC9020800000000DFC9020885
:1018000000000000DFC9020800000000DFC9020874
:1018100000000000DFC9020800000000DFC9020864
:1018200000000000DFC9020800000000DFC9020854
:1018300000000000DFC9020800000000DFC9020844
:1018400000000000DFC9020800000000DFC9020834
:1018500000000000DFC9020800000000DFC9020824
:1018600000000000DFC9020800000000DFC9020814
:1018700000000000DFC9020800000000DFC9020804
:1018800000000000DFC9020800000000DFC90208F4
:1018900000000000DFC9020800000000DFC90208E4
:1018A00000000000DFC9020800000000DFC90208D4
:1018B00000000000DFC9020800000000DFC90208C4
:1018C00000000000DFC9020800000000DFC90208B4
:1018D00000000000DFC9020800000000DFC90208A4
:1018E00000000000DFC9020800000000DFC9020894
:1018F00000000000DFC9020800000000DFC9020884
:1019000000000000DFC9020800000000DFC9020873
:1019100000000000DFC9020800000000DFC9020863
:1019200000000000DFC9020800000000DFC9020853
:1019300000000000DFC9020800000000DFC9020843
:1019400000000000DFC9020800000000DFC9020833
:1019500000000000DFC9020800000000DFC9020823
:1019600000000000DFC9020800000000DFC9020813
:1019700000000000DFC9020800000000DFC9020803
:1019800000000000DFC9020800000000DFC90208F3
:1019900000000000DFC9020800000000DFC90208E3
:1019A00000000000DFC9020800000000DFC90208D3
:1019B00000000000DFC9020800000000DFC90208C3
:1019C00000000000DFC9020800000000DFC90208B3
:1019D00000000000DFC9020800000000DFC90208A3
:1019E00000000000DFC9020800000000DFC9020893
:1019F00000000000DFC9020800000000DFC9020883
:0C1A0000BDF10008FDF60008E40C000039
:101A0C00E32B030869000108590901086D0101085D
:101A1C00050001088D0401088D0701089D080108C7
:101A2C00EB2B0308552C0308010D0108472C030868
:101A3C000100000002000200010080000000000113
:101A4C0080000002552B030801000000010001007A
:0C1A5C000100100000002000100020001D
:081A68008D150108D9160108D3
:101A70008F3003081B300308412401082730030876
:101A8000313003081D240108392301083D300308C3
:041A90000000000052
:101A94006332030885320308A1320308BF32030806
:101AA400811001083D10010800000000110F010819
:0C1AB400000000000000000051130108B9
:101AC0000000000000000000C331030803320308D7
:081AD00000000000000000000E
:101AD8008F33030859330308FF320308FD27010831
:041AE800B13303080B
:101AEC00C12F0308552E03080B300308BB2F030826
:101AFC00192E030800000000000000000000000088
:081B0C000000000000000000D1
:101B1400F92A0008D931010855340108FD350108B6
:101B240021360108B13C0108D53C010825440108CF
:101B3400F9C6010831F4010839290208CD720208F6
:101B440051790208297B02087D88020899890208D4
:101B54008D5A04083C1700243FD3020806080000ED
:101B64007C5A04083C170024E7CE02080008000051
:101B7400775A04083C170024E7CE0208DD860000EB
:101B84000000000000000000C7CB0208B961000893
:101B9400E55D040803000000A653040803000000E8
:101BA4007828040803000000705E040803000000A5
:101BB40057630408030000006C6404080300000079
:101BC4005254040803000000916604080300000056
:101BD400655A040803000000985404080300000038
:101BE4009C540408030000008C5504080300000002
:101BF400F86704080300000091590408030000007A
:101C04004E5A040803000000565A0408030000005A
:101C1400BA6B0408030000001C67040803000000FA
:101C2400E759040803000000F15904080300000008
:101C3400335A0408030000000C5A0408030000008F
:101C4400195A040803000000255A04080300000080
:101C5400FD59040803000000E95D040803000000C6
:101C6400DA680408030000003B5A0408030000007B
:101C7400E0200408540C00247B55040801000000F3
:101C880000100100020001800100000000000000B7
:101C9800010000000200000000F100000210010035
:101CA80002000180010030303030303030303030C8
:101CB80030303030303030000100000000000000CB
:101CC80005000000000000001900000000000000EE
:101CD8007D0000000000000071020000000000000C
:101CE800350C000000000000093D00000000000065
:101CF8002D31010000000000E1F5050000000000A2
:101D080065CD1D0000000000F902950000000000EC
:101D1800DD0EE90200000000514A8D0E00000000AF
:101D28009573C24800000000E941CC6B0100000037
:101D38008D49FD1A07000000C16FF28623000000DC
:101D4800C52EBCA2B1000000D9E9AC2D7803000073
:101D58003D9160E45811000031D6E275BC56000090
:101D6800F52E6E4DAEB10100C9EA268367780800EA
:101D7800ED95C28F055A2A00A1EDCCCE1BC2D30027
:101D880025A4000A8BCA22040000000000000000FD
:101D9800000000000000001000000000000000002B
:101DA800B9340332B7F4AD1410DB1AB30892540EE9
:101DB8000D307D951447BA1A66088F4D26ADC66D4D
:101DC800F598BF85E2B74511CA96853D92BD1DEBD2
:101DD800FCA11860DCEF52163C92AE220BB8C1B4DD
:101DE800839D2D5B0562DA1C304C7E8F4E8BB25B77
:101DF80016F4529F8B56A512FBD4827643ED8AF0D7
:101E08008FE7F9311565191850F19BD94A13EEB4CB
:101E1800284CF0A686C1251F035FC270CB9E4916C9
:101E2800E642889C44EB2014B0650836AD6EA58563
:101E380085F0CA14E2FD031A0B899979D5B13D09D9
:101E4800D8DA973A35EBCF10AC363F5E73BB38CF54
:101E58003E6752FA44AFBA150100000000000000C6
:101E68000000000000000020345065C05FC9A65281
:101E7800BB13CBAEC440C21806C8DF7100D5A87C1E
:101E8800F56F0FDA58FC27136E4756357D24206509
:101E980002C7E768E48CA41DE9E60268D7CD39617A
:101EA8007977FCC2405BEF16798CDE43FFA751F9C6
:101EB80091F3B278F5BDBE11E857E9D6E8BEE87BE4
:101EC800B054AC8F848D751BEA23A499E9F9D38BA0
:101ED800B7A3714061DA3E15CEE33ECB73F94808EB
:101EE8008C97B427D51B7010A2BFEFB9EB853215BC
:101EF8004DB44DB49BBB6F1996B6076CF8E7EEADC1
:101F080036D9B4F59135AE13222218AF4E6A684D12
:101F180091DAAA3D4F40741E9FBD9EE006A1C0986D
:101F280057C2A7FDA40E90170E7D497173E3208F49
:101F3800B220D87605143B12853D7434811343B022
:101F4800AD297A5F27F4351C00000000000000006E
:101F5800552600084FB80208A3B9020871B602084E
:101F6800000000000000000089B602088DB60208D3
:101F780075B6020800000000000000006BB60208F9
:101F880001C1010835C1010861C10108E52900083E
:101F9800FBB8020835C2010869C50108FCFFFFFF4C
:101FA80000000000C5C201080D2A000811B9020886
:101FB800F8FFFFFF00000000F1C60108F013040855
:101FC8000D0000001014040800000000B0130408FD
:101FD80001000000101404080E000000A1530408BA
:101FE800000000006410B71DC8206E3BAC30D92635
:101FF8009041DC76F4516B6B5861B24D3C710550E1
:102008002083B8ED44930FF0E8A3D6D68CB361CB08
:10201800B0C2649BD4D2D38678E20AA01CF2BDBDBC
:10202800C5C10208E7C1020800000000493F0008D6
:10203800050000004020040800000008635404085C
:1020480026000206000000246954040824000B112D
:102058000000F01F6E54040824000411000004302E
:10206800755404081A00081100000430825404084A
:102078000E000401D81E0024000400002BC702082B
:10208800DDC6020802000000D9C8020800000000EE
:102098000000000000000000000000005B5504087C
:1020A8006355040800000000000000000000000064
:1020B8006B5504086F5504087355040877550408D0
:1020C800D02004084C4600240D4C00086C4600241F
:1020D8003C6000240100000099C902088FC9020869
:1020E8005DC9020851C902080000000045C902087C
:1020F8000000000095550408000000900000001042
:1021080000000002000000240000000000000C1184
:10211800000000240000000000000B065C0C0024F6
:1021280088460024415C00080000000087CA0208B5
:1021380017CE0208C1CD0208A9CD0208896300089C
:10214800ADCD0208B1CD0208B5CD0208B9CD02085F
:102158000FCE0208BDCD020813CE02082DCE02080C
:1021680031CE0208D3CD020829CE020835CE0208A6
:1021780039CE0208FFFFFFFF00000000000000004A
:102188000000000000000000000000002C210408EE
:10219800A02104088000000028FE02242C21040845
:1021A800B021040880000000A811032400000000EA
:1021B80000000000000000000000000100200240B4
:1021C800C3280308042204080100000000000300DB
:1021D8000C2204080200030009001100210041003C
:1021E80084012B03000102050CE280000CE275005B
:1021F8000CE266000CE253000CE24700D800000035
:102208002000000014220408010000001C22040819
:102218000100000070000000000000000000000045
:102228002000000040000000600000008000000066
:10223800A0000000C0000000E00000000001000055
:102248002001000040010000000000000100000023
:102258000200000003000000040000000500000068
:102268000600000007000000080000000900000048
:102278000A0000000B0000000C0000000D00000028
:102288000E0000000F000000060000000C00000017
:102298001200000018000000000100000601000004
:1022A8000C010000120100001801000000020000EB
:1022B800060200000C0200001202000018020000D2
:1022C80000030000060300000000000000000000FA
:1022D80000127A0048E801000000000040420F00A8
:1022E800782304084823040800001C0008000300A1
:1022F8000300000003000300000000007000B000AD
:102308008801600260027802500300001823040864
:1023180000A0004000AC004000AC00401B2D0308AA
:1023280058230408020000003823040800000000B5
:10233800EC000000000100000C0000005000DC1060
:102348000C5400242C530024EC520024031C0800D5
:10235800602304080100000068230408020000004C
:102368000906000000000000290600000000000027
:10237800992C0308A72C0308B32C0308D72C0308AF
:10238800FD2C03087B2D0308D80000000080000006
:10239800D800000000000200D80000000000010082
:1023A800AC230408B423040801000000BC2304087B
:1023B800070000002B00000080010000EB00000077
:1023C800800100008B04000080010000AB040000C5
:1023D800800100006B0D000080010000AB0D0000C3
:1023E80080010000AB03000080010000911A010881
:1023F8000000000000000000772D0308A12D03084D
:10240800000000009D180108551D0108000000008B
:10241800000000003F000000D0140408FFFF000087
:10242800002802580A000000E00000000004000034
:10243800FFFF00000024025809000000E00000002F
:1024480000020000FFFF0000002002580800000002
:10245800E000000000010000FFFF0000001C02581F
:1024680007000000E000000080000000FFFF0000FF
:102478000018025806000000E000000040000000BC
:10248800FFFF00000014025805000000E0000000F3
:1024980020000000FFFF00000010025804000000A8
:1024A800E000000010000000FFFF0000000C0258D0
:1024B80003000000E000000008000000FFFF00002B
:1024C8000008025802000000E000000004000000BC
:1024D800FFFF00000004025801000000E0000000B7
:1024E80002000000FFFF000000000258000000008A
:1024F800E0000000010000000825040801000000B9
:1025080010250408020000004B00000080010000B4
:102518002B04000080010000301404081014040883
:10252800F0130408D0130408B01304089013040827
:102538007013040850130408301304081013040817
:10254800F012040800000000000000000000000075
:1025580000000000000000000000000000440258D5
:10256800000C0058B0120408831300008C250408DE
:102578000100000000000000000000000000000052
:1025880094250408F4000000080000009C250408B5
:1025980001000000A425040802000000C802000091
:1025A80000020000E80200000000000000480040AF
:1025B800B012040812120000D82504080100000017
:1025C800000000000000000000000000E0250408F2
:1025D800E800000000000400E825040801000000ED
:1025E800F0250408020000000707000000020000B0
:1025F80027070000000000000000000000000000A5
:1026080000000000000000001D3C01089341030881
:102618002B41030861400308FD3F03083F3B0308C3
:10262800433B03085D3B0308593B03080D39010888
:10263800713C0308773B030800000000000000001D
:10264800CD410308E34103086947030887420308AB
:102658000000000000000000CF410308D541030836
:102668009F470308F942030800000000000000002B
:10267800D1410308FF4103080F450308113D010834
:102688000000000000000000D3410308F1410308E6
:10269800AB450308C93D0108000000000000000028
:1026A800F93C01080D42030841430108A943030806
:1026B8000000000000000000FD450108734D0308FC
:1026C800A54A0108BB490308BD490308BF490308D7
:1026D8000000000000000000C1490308CB490308BE
:1026E800C3490308D9490308494401080000000008
:1026F80000000000CD540108915203082B53030831
:10270800DB4F0308DD4F0308DF4F0308000000001C
:1027180000000000EB530308F153030805540308B5
:10272800FF530308ED5303086B6B0408796B040827
:102738008D6B04089C6B0408A86B040860110408DE
:1027480060110408281204083012040880120408D2
:1027580090120408F86B0408000100000000000053
:102768005B6770696F5D20506F7274206E6F7420A4
:10277800726561647920666F72204C454420257A21
:1027880075202870696E202564290A005B677069C6
:102798006F5D204661696C656420746F20636F6E9D
:1027A800666967757265204C454420257A7520282E
:1027B80070696E202564293A2025640A000000000B
:1027C800000000000000000069280008B5BA0208EF
:1027D800D58201087982010843414E2073656E64F1
:1027E800206661696C65643A202564004661696CFD
:1027F800656420746F206164642043414E20525800
:102808002066696C7465723A2025640043414E2045
:10281800646576696365206E6F742072656164799A
:10282800000000004661696C656420746F20736560
:10283800742043414E206D6F64653A202564000082
:102848004661696C656420746F20737461727420CA
:1028580043414E3A202564000000000000000000BB
:102868002D250008DDBA020839840108F184010821
:1028780063616E5F61646170746572005B62757438
:10288800746F6E5D204750494F20706F7274206ED0
:102898006F742072656164790A0000005B62757468
:1028A800746F6E5D204661696C656420746F206387
:1028B8006F6E6669677572652070696E3A20256467
:1028C8000A0000005B627574746F6E5D2046616972
:1028D8006C656420746F20636F6E666967757265D6
:1028E80020696E746572727570743A2025640A00E6
:1028F8005B627574746F6E5D20436F6E6669677591
:10290800726564206F6E2070696E202564202866C9
:102918006C6167733D30782578290A000000000053
:1029280000000000ED240008C9BA02082986010841
:10293800766563746F723A3A5F4D5F7265616C6C6D
:102948006F635F696E7365727400000000000000B9
:10295800000000006D260008F1BA0208DD900108A9
:10296800F99401088D870108000000005B74696D07
:1029780065725D204E6F20667265652074696D65AD
:102988007220736C6F74730A00000000000000006E
:10299800000000000525000805BB02086197010832
:1029A80065960108199601085B6164635D2072658C
:1029B8006164206661696C65643A2025640A0000D8
:1029C8005B6164635D20446576696365206E6F743E
:1029D8002072656164790A005B6164635D20436805
:1029E800616E6E656C207365747570206661696CC4
:1029F80065643A2025640A005B6164635D20436F67
:102A08006E66696775726564206368616E6E656C71
:102A1800202575202825752D626974290A00000073
:102A280000000000000000008BB602081BBB020873
:102A3800599801085B534F4D452F49505D205472FA
:102A4800616E73706F7274206572726F723A2025AE
:102A5800640A00005B534F4D452F49505D20436F7A
:102A68006E6E656374696F6E2065737461626C69FC
:102A7800736865643A2025730A00000073657276EE
:102A880065720000636C69656E74202D3E2000003D
:102A9800302E302E302E30005B534F4D452F49508D
:102AA8005D20496E697469616C697A6564202825BE
:102AB80073292025733A25750A0000005B534F4D92
:102AC800452F49502D53445D2044697361626C65FC
:102AD8006420627920636F6E6669677572617469D4
:102AE8006F6E00003233392E3235352E3235352EA1
:102AF800323531003132372E302E302E3100000081
:102B08005B534F4D452F49502D53445D2046616915
:102B18006C656420746F20696E697469616C697A88
:102B2800652053442073657276657200626173692B
:102B3800635F737472696E673A3A617070656E6448
:102B4800000000003A0000005B534F4D452F4950EC
:102B58002D53445D20536572766572206F666665F5
:102B680072696E67207365727669636573206F6E2C
:102B780020257320286D756C746963617374202532
:102B8800733A2575290A00005B534F4D452F49506C
:102B98002D53445D204661696C656420746F20691B
:102BA8006E697469616C697A6520534420636C6945
:102BB800656E74005B534F4D452F49502D53445D4E
:102BC80020436C69656E7420736561726368696E11
:102BD8006720666F72207365727669636573202853
:102BE8006D756C7469636173742025733A25752952
:102BF8000A0000005B534F4D452F49505D20466148
:102C0800696C656420746F207374617274207472C7
:102C1800616E73706F727420286572726F722025EE
:102C280064290A005B534F4D452F49505D2054726B
:102C3800616E73706F72742072756E6E696E672044
:102C48006F6E2025730A00005B534F4D452F495086
:102C58005D205472616E73706F72742073746F703C
:102C6800706564005B534F4D452F49502D53445DAB
:102C780020446973636F7665726564207365727644
:102C880069636520307825303458206174202573B5
:102C98003A25750A000000005B534F4D452F4950F7
:102CA8002D53445D205375627363726962656420B5
:102CB800746F206576656E7467726F7570203078F2
:102CC80030303031206F6620736572766963652015
:102CD8003078253034580A005B534F4D452F495002
:102CE8005D2064697370617463683A206C6F6F6B00
:102CF8007570203078253034582F30782530345886
:102D08000A0000005B534F4D452F49505D20646910
:102D18007370617463683A2063616C6C696E6720D4
:102D280068616E646C65720A000000005B534F4D69
:102D3800452F49505D2064697370617463683A2057
:102D480068616E646C65722072657475726E656414
:102D58002072633D3078253032580A005B534F4D5E
:102D6800452F49505D2064697370617463683A2027
:102D78006D6574686F64204E4F5420464F554E441D
:102D88000A0000005B534F4D452F49505D205265A6
:102D980063656976656420736572766963653D303D
:102DA8007825303458206D6574686F643D30782517
:102DB80030345820747970653D3078253032582089
:102DC80066726F6D202573207061796C6F61643D48
:102DD8005B0000005D0A000025733078253032580A
:102DE80000000000200000005B534F4D452F495064
:102DF8005D203E3E2064697370617463680A000058
:102E08005B534F4D452F49505D203C3C206469730E
:102E180070617463682072633D30782530325820C1
:102E280070656E64696E673D257A750A000000005A
:102E38005B534F4D452F49505D203E3E2073656ED4
:102E48006420726573706F6E73650A005B534F4D33
:102E5800452F49505D203C3C2073656E64207265A7
:102E680073706F6E7365204F4B0A00005B534F4DB4
:102E7800452F49505D20436F6E6E656374696F6EB0
:102E8800206C6F73743A2025730A0000000000005C
:102E980000000000C9C0010815C70108CDC001081D
:102EA800119D010879A7010849A80108B5A80108DA
:102EB8004DAA0108F5B60108A9B4010859B20108DC
:102EC800619C010861B00108B5B50108419A010883
:102ED8003D990108F8FFFFFF000000003DAA010826
:102EE80079AA0108C1B8010819B50108ADB30108EC
:102EF800099D0108F4FFFFFF0000000045AA010832
:102F080061AA01086DB001087DB601086D9A010833
:102F1800059A01080000000000000000C9C001086F
:102F280015C70108CDC00108C9B80108DDB80108F6
:102F3800E1B801080000000000000000C9C0010855
:102F480015C70108CDC001082DB9010841B901080C
:102F580045B901080000000000000000C9C00108D0
:102F680015C70108CDC0010885B9010899B901083C
:102F78009DB901080000000000000000C9C0010858
:102F880015C70108CDC00108D1B90108E5B9010884
:102F9800E5B901080000000000000000C9C00108F0
:102FA80015C70108CDC0010815BA010819BA0108EA
:102FB8002DBA01080000000000000000C9C0010887
:102FC80015C70108CDC0010869BA010865BA01082A
:102FD80065BA01085B446F49505D205374756220DF
:102FE8006F6E205A65706879722028544350207398
:102FF8006572766572206E6F7420617661696C61A6
:10300800626C65290000000000000000000000005C
:10301800C9C0010815C70108CDC0010841BC010895
:1030280039BC010869BC0108FDBC010899BD01084B
:1030380099BC01083DBC0108F8FFFFFF0000000033
:1030480049BD0108EDBD0108F1BC0108F9BC010842
:1030580063616E6E6F74206372656174652073744A
:10306800643A3A766563746F72206C617267657250
:10307800207468616E206D61785F73697A652829AC
:10308800000000000000000000000000C9C00108A6
:1030980015C70108CDC0010839BF010845BE0108A0
:1030A800B5BE0108D9BE010849BE0108C9240008F7
:1030B80029BB0208F8FFFFFF00000000E524000814
:1030C8003DBB020831BF010879BF010800000000BC
:1030D80000000000C9C0010815C70108CDC00108DB
:1030E80085C0010899C0010899C0010852756E0091
:1030F80053687574646F776E00000000496E6974D8
:1031080069616C697A650000257320257320646FF6
:103118006E6500005F636F6D706F6E656E74436FF0
:10312800756E74203C205F636F6D706F6E656E7492
:10313800496E666F732E73697A652829000000004E
:103148006C6576656C203E20305500006C657665B0
:103158006C203C205F6C6576656C496E64696365BC
:10316800732E73697A652829000000006C657665FE
:103178006C203E3D205F6C6576656C436F756E74A0
:10318800000000006765744C6576656C436F6D7070
:103198006F6E656E74436F756E74286C6576656CBA
:1031A80029203C205F636F6D706F6E656E7454727A
:1031B800616E736974696F6E4578656375746F7253
:1031C800732E6D61785F73697A65282900000000A5
:1031D8002573206C6576656C20256420646F6E65A8
:1031E800000000002573206C6576656C202564005E
:1031F8002573202573000000000000000000000077
:10320800F1C00108FDC0010825C101080000000047
:10321800000000006BB6020801C1010835C10108B1
:1032280061C1010871270008ADB8020835C201085C
:1032380069C50108FCFFFFFF00000000C5C20108C6
:103248009D270008C1B80208F8FFFFFF0000000032
:10325800F1C601085B6C696768745D20736574204A
:1032680069643D25642073746174653D25640A00B2
:103278005B6C696768745D2073657420646F6E6544
:103288002072633D25640A00000000000000000071
:1032980019C7010821C7010859C9010839C8010817
:1032A800E9C90108FCFFFFFF000000001DC7010875
:1032B80031C70108A5C8010899C901085B646F6F87
:1032C800725F6C6F636B5D20427574746F6E2070F3
:1032D800726573736564202D2D20756E6C6F636B3A
:1032E800696E670A000000005B646F6F725F6C6F45
:1032F800636B5D20427574746F6E207072657373B2
:103308006564202D2D206C6F636B696E670A000061
:1033180000000000000000004DCD0108B9CE0108F2
:1033280039D4010811CD0108F5D40108FCFFFFFFCD
:1033380000000000C1CD010839CE010845CD0108C3
:10334800FDD501085B73706565645F73696D5D2009
:10335800496E697469616C697A65642028696E745C
:10336800657276616C3D25756D732C206D61783DB5
:103378002564206B6D2F68290A0000005B73706557
:1033880065645F73696D5D204F7665727269646507
:1033980020636C65617265642C20726573756D6954
:1033A8006E67204144430A005B73706565645F7310
:1033B800696D5D205370656564206F76657272690A
:1033C80064653A202564206B6D2F680A00000000B0
:1033D8005B73706565645F73696D5D206164635FCD
:1033E80063683D2575207261773D256420736D6F94
:1033F8006F74683D25642073706565643D25640AB3
:10340800000000000000000000000000B5D6010820
:10341800D9D6010855D901085B69676E6974696F67
:103428006E5D204372616E6B202D3E2052756E0AD0
:10343800000000005B69676E6974696F6E5D204902
:103448006E69743A204F6666202D3E20416363659D
:1034580073736F72790A00005B69676E6974696FCC
:103468006E5D20427574746F6E2069676E6F726549
:103478006420286372616E6B696E67290A00000018
:103488005B69676E6974696F6E5D2041636365731C
:10349800736F7279202D3E204372616E6B0A0000B3
:1034A8005B69676E6974696F6E5D2043616E6E6FEC
:1034B80074207475726E206F66663A207370656545
:1034C800643D2564206B6D2F680A00005B69676E98
:1034D8006974696F6E5D2052756E202D3E204163C0
:1034E800636573736F72790A000000005B69676E29
:1034F8006974696F6E5D20427574746F6E206967B8
:103508006E6F72656420696E206D6F646520256436
:103518000A000000766563746F723A3A5F4D5F7215
:10352800616E67655F696E7365727400683504085B
:10353800016C0408F449040800000000343504084C
:1035480065F50108536A0308097B02086835040811
:10355800246C0408BC490408000000005435040821
:103568000DF60108676A0308576B0308576B0308D1
:103578003BDC030893DB03082B6B0308B76A0308DB
:103588007B6A0308D0490408496C0408D049040838
:10359800566C0408F05F0024945F0024DC5F00246C
:1035A800885F0024E45F0024905F0024006000240A
:1035B800A45F0024FC5F0024A05F0024F85F0024BF
:1035C8009C5F0024F45F0024985F0024E05F0024DF
:1035D8008C5F0024000000000000000000000000D4
:1035E8007C450408050102088D6C030800000000F2
:1035F8007045040841010208AB6C03080000000094
:1036080088450408AD030208236D0308D04904085F
:10361800796C0408404A04088A6C04080000000019
:103628000200000094350408020000001436040863
:103638000200000068350408B76C04081C3604084A
:10364800404A0408D36C040800000000020000008F
:103658009435040802000000143604080200000033
:1036680068350408006D040848360408404A040810
:103678001C6D0408000000000200000094350408D6
:10368800020000001436040802000000683504082F
:103698004A6D040874360408404A0408676D040833
:1036A8000000000002000000943504080200000039
:1036B800143604080200000068350408956D0408F3
:1036C800A0360408000000001C36040800000000B2
:1036D80000000000000000000000000000000000E2
:1036E80000000000000000000000000000000000D2
:1036F800000000003C3604089507020873760308AA
:1037080041050208A770030835060208AF700308D0
:10371800B370030869060208B770030800000000C8
:103728004836040800000000000000000000000007
:103738000000000000000000000000000000000081
:1037480000000000000000000000000068360408C7
:10375800A90702088576030875050208A7700308FB
:10376800CD050208AF700308B3700308FD05020811
:10377800B770030800000000743604080000000059
:103788000000000000000000000000000000000031
:103798000000000000000000000000000000000021
:1037A8000000000094360408BD0702089776030855
:1037B800EF750308BB70030821070208AF70030800
:1037C800B3700308D9060208B770030800000000A8
:1037D800A0360408000000000000000000000000FF
:1037E80000000000000000000000000000000000D1
:1037F800000000000000000000000000C0360408BF
:103808008107020861760308FF730308BB70030889
:1038180089060208AF700308B3700308E5040208BC
:10382800B7700308404A0408276E04080000000027
:103838000200000070440408020000000C3904086B
:10384800020C0000404A04085C6E040800000000F6
:103858000200000064440408020000000C39040857
:10386800020C0000404A0408906E040800000000A2
:1038780002000000AC440408020000000C390408EF
:10388800020C0000404A0408CB6E04080000000047
:1038980002000000CC440408020000000C390408AF
:1038A800020C0000404A0408066F040800000000EB
:1038B800020000002C450408020000000C3904082E
:1038C80002080000404A04083C6F04080000000099
:1038D8000200000038450408020000000C39040802
:1038E80002080000404A0408726F04080000000043
:1038F80002000000EC440408020000000C3904082F
:1039080002100000D0490408A76F0408404A0408C0
:10391800C06F0408000000000200000050450408C1
:10392800020000000C390408020800000000000032
:103938002C380408190A02084979030873A80308EF
:103948007BA8030805AA0308F1A90308DDA9030851
:10395800000000004C380408A90A020891790308FD
:10396800D3760308417E03088DA8030800000000F1
:103978006C3804083D0A02085B79030811A803089B
:1039880017A8030855AA030841AA03082DAA030883
:1039980019AA03081DA8030823A803084BA80308AD
:1039A800000000008C380408650A02086D790308D5
:1039B800AFA70308B5A70308A5AA030891AA030897
:1039C8007DAA030869AA0308BBA70308C1A70308BF
:1039D800E9A7030800000000AC380408D50A02086B
:1039E800A379030841780308777E030800000000E4
:1039F800CC380408F90A0208B5790308B178030835
:103A0800E779030800000000EC3804088D0A020872
:103A18007F790308FD780308077F0308F178030816
:103A280000000000143904081D0B0208C7790308B8
:103A380037780308F5770308B37703087177030825
:103A48002F770308ED760308D0490408B2700408FC
:103A5800404A0408C1700408000000000200000089
:103A68009435040802000000503A040802000000DF
:103A780000000000583A0408E911020865820308AA
:103A8800E7820308F78203081783030827830308DC
:103A98005D8203088B82030861820308778203082A
:103AA800D049040800710408D04904080D710408BD
:103AB800D04904081C710408683504082E710408EC
:103AC80094350408683504084671040894350408D8
:103AD800404A04085F71040800000000020000006A
:103AE8009435040802000000B03A040802000000FF
:103AF800404A04087F71040800000000020000002A
:103B08009435040802000000B03A040802000000DE
:103B1800404A04089F7104080000000002000000E9
:103B28009435040802000000B83A040802000000B6
:103B380068350408B8710408943504086835040821
:103B4800FE71040894350408404A040844720408C5
:103B58000000000002000000943504080200000084
:103B6800A83A04080200000000000000C03A040857
:103B7800B91202087F840308498703087986030875
:103B88002584030800000000CC3A040881030208D9
:103B9800056D03080B84030813840308E9850308EB
:103BA800D9850308C985030800000000D83A04082D
:103BB800AD000208516C0308A9830308AF8303080A
:103BC800298603081986030809860308F985030866
:103BD800B5830308BB830308E383030800000000E0
:103BE800F83A0408D90002086F6C030847830308F1
:103BF8004D83030869860308598603084986030824
:103C0800398603085383030859830308818303080B
:103C180000000000183B04089D1202086D84030888
:103C28001F8403082DE8030823840308000000000C
:103C3800383B04086112020837840308179A0308FE
:103C4800B19A030800000000443B040875120208FA
:103C58004984030831150208319003080000000068
:103C6800503B0408891202085B8403081B8403087C
:103C780055980308DB980308FD960308BF970308C7
:103C8800ED95030861990308404A040889720408FD
:103C98000000000002000000CC3A04080200000006
:103CA8000C390408020C0000404A0408BE720408DB
:103CB8000000000002000000C03A040802000000F2
:103CC8000C390408020C0000404A0408F272040887
:103CD8000000000002000000D83A040802000000BA
:103CE8000C390408020C0000404A04082D7304082B
:103CF8000000000002000000F83A0408020000007A
:103D08000C390408020C0000404A040868730408CF
:103D18000000000002000000383B04080200000018
:103D28000C39040802080000404A04089E7304087D
:103D38000000000002000000443B040802000000EC
:103D48000C39040802080000404A0408D473040827
:103D58000000000002000000183B040802000000F8
:103D68000C39040802100000404A040809740408C9
:103D78000000000002000000503B040802000000A0
:103D88000C3904080208000000000000903C0408F8
:103D98005D2A0208C19D03080B84030813840308E5
:103DA800E9850308D9850308C985030800000000D0
:103DB800B03C0408ED2A0208099E03087F9B03080B
:103DC80055A303082584030800000000D03C04081C
:103DD800812A0208D39D0308A9830308AF83030837
:103DE800298603081986030809860308F985030844
:103DF800B5830308BB830308E383030800000000BE
:103E0800F03C0408A92A0208E59D03084783030833
:103E18004D83030869860308598603084986030801
:103E280039860308538303085983030881830308E9
:103E380000000000103D0408192B02081B9E03080F
:103E4800ED9C03088BA3030800000000303D040824
:103E58003D2B02082D9E03085D9D0308519E030813
:103E680000000000503D0408D12A0208F79D03080D
:103E7800A99D030871A403089D9D03080000000084
:103E8800703D0408612B02083F9E0308E39C030869
:103E9800A19C03085F9C03081D9C0308DB9B030887
:103EA800999B030861990308683504083E7404085F
:103EB8001449040800000000B03E04084D2E020812
:103EC80079A50308BFD40308C1D40308E9A40308EB
:103ED800B9A40308E3A40308F9D4030833A5030825
:103EE80099A503088BA50308ADA5030827A5030812
:103EF80055A503086835040886740408F4490408BD
:103F080000000000FC3E0408BD2F0208D5A50308E8
:103F1800B52F0208020000000300000005000000A1
:103F2800070000000B0000000D0000001100000059
:103F380013000000170000001D0000001F00000013
:103F480025000000290000002B0000002F000000C1
:103F5800350000003B0000003D0000004300000069
:103F680047000000490000004F0000005300000017
:103F78005900000061000000670000006D000000AB
:103F8800710000007F000000890000008B00000025
:103F9800950000009D000000A7000000B30000008D
:103FA800C1000000C7000000D3000000E3000000CB
:103FB800F1000000010100001501000025010000CA
:103FC8003901000051010000670100007F01000075
:103FD80099010000B7010000D3010000F7010000BB
:103FE8001D020000410200006B0200009502000063
:103FF800C5020000F9020000370300007703000043
:10400800B90300000704000055040000A9040000DB
:104018000905000065050000D50500004D060000F3
:10402800CD06000057070000ED07000083080000D8
:1040380035090000F5090000C10A00009B0B0000CB
:10404800890C00008D0D00009B0E0000BB0F0000C6
:10405800FD1000005F120000DF1300007F15000054
:10406800411700001B190000251B00005D1D000002
:10407800BB1F00004F220000192500002128000066
:10408800692B0000EB2E0000B7320000D13600008B
:10409800453B00001B40000055450000EF4A00006A
:1040A80011510000AF570000D95E00009B66000068
:1040B800FB6E000007780000C78100005D8C0000DF
:1040C800D99700003BA40000A9B1000031C000004E
:1040D800D1CF0000D5E0000019F30000EB06010085
:1040E800711C0100BB330100ED4C01002B6801007D
:1040F8009585010079A50100FBC701003FED01008E
:104108009F150200514102007F70020085A3020042
:10411800D3DA0200A91603005B570300619D030070
:1041280017E903000D3B0400AF93040097F3040064
:10413800555B05008BCB0500E944060047C806001F
:104148007156070031F0070099960800874A090060
:10415800410D0A00F9DF0A00E9C30B0085BA0C001B
:1041680053C50D00F1E50E00431E10002570110027
:10417800ADDD12001D691400F1141600DBE3170011
:10418800A3D8190071F61B00A3401E00D1BA200065
:10419800F36823003D4F26005972290037D72C00B9
:1041A80027833000237C340057C83800AF6E3D00A9
:1041B8007B764200BDE7470013CB4D00D129540060
:1041C800F30D5B00C7826200B5936A00E34D73008C
:1041D80017BF7C003BF68600770392004DF89D00E0
:1041E800E9E7AA00B9E6B800DF0AC800736CD8008E
:1041F8006F25EA00F951FD0077101201DB812801D3
:10420800B9C940018D0E5B010B7A77016D399601B2
:10421800617DB701957ADB01596A0202638A2C0233
:10422800871D5A02136C8B0235C4C002B77AFA0292
:1042380019EB38036F787C03E18DC503679F14047D
:10424800752A6A04EBB6C60487D72A052D2B97056D
:10425800B55D0C0629298B0695561407DDBFA807FE
:1042680051504908BB06F708F9F6B2090D4B7E0A0A
:1042780093455A0BC343480C31BF490D5D50600E3E
:104288005BB18D0F5FC0D310BD8234124D28B213BD
:10429800890E4F15A5C40D17850FF11809EEFB1AE5
:1042A800C99D311D75A0951F11C12B225D1AF824D7
:1042B800F11CFF27A596452BB7B9D02EE725A632C6
:1042C8004BF0CB36D5AD483B217D23406912644580
:1042D8001FC3124B75933851D744DF57D164115F10
:1042E800AD5EDA66AF8C466F434C6378D9123F8275
:1042F8002985E98CBD8F7398F781EFA40F2B71B2D4
:1043080051F90DC1AF1CDDD04BABF7E1AFC878F464
:10431800FBFFFFFFFBFFFFFF68350408BB740408C1
:104328003C43040800000000204304081D31020833
:10433800E7A50308D0490408DD740408000000005C
:104348003C430408953102081BA70308404A0408A7
:10435800E974040802000000020000001C4404087C
:10436800020000007C470408020800000400000066
:10437800000000007C470408000000000000000066
:10438800FCFFFFFFFCFFFFFF7C4704080000000064
:10439800000000000C000000000000001C4404089D
:1043A8000000000000000000F4FFFFFFF4FFFFFF23
:1043B8001C4404080000000000000000EC4304084E
:1043C800A8430408BC430408804304089443040831
:1043D80014440408004404080C0000000000000015
:1043E800544304082DA703084BA703080400000042
:1043F800F8FFFFFF5443040835A703085DA7030827
:10440800F4FFFFFFF4FFFFFF544304083BA7030832
:1044180063A70308404A0408EC740408000000007D
:10442800010000002043040803F4FFFF4844040887
:104438005C44040808000000000000001C44040854
:10444800393202087BA70308F8FFFFFFF8FFFFFFD8
:104458001C4404085D3202088DA703086835040867
:10446800EF7404089435040868350408FD740408DA
:1044780094350408683504080C7504089435040854
:104488006835040846750408943504086835040836
:10449800807504089435040868350408997504087B
:1044A80094350408404A0408AC750408000000006C
:1044B800020000009435040802000000B03A040825
:1044C80002000000404A0408C27504080000000009
:1044D800020000009435040802000000B03A040805
:1044E80002000000404A0408D875040800000000D3
:1044F800020000009435040802000000B83A0408DD
:1045080002000000404A0408E775040800000000A3
:104518000200000094350408020000001436040864
:10452800020000006835040813760408943504086E
:10453800683504084F76040894350408683504087B
:104548008B76040894350408404A0408C6760408A3
:10455800000000000200000094350408020000007A
:10456800A83A040802000000683504080177040826
:1045780094350408683504081F770408943504083E
:10458800683504083D7704089435040800000000E5
:1045980064440408153302082FA903080DAB030867
:1045A800E93302088DA803080000000070440408DD
:1045B8007D040208416D030873A803087BA803085B
:1045C80005AA0308F1A90308DDA9030800000000F3
:1045D8007C4404086D3202089FA80308B1C403088C
:1045E8007BC40308D1C6030807C703083DC70308EF
:1045F800D3C7030809C80308F15102088952020801
:104608002153020873C70308000000008844040807
:1046180081320208B1A80308B1B4030889B40308B9
:10462800C3B6030893B80308E9B9030825BC03080F
:1046380065BE0308EBB603080000000094440408B4
:10464800BD320208E7A8030800000000A0440408DF
:104658003133020841A9030800000000AC440408F3
:104668008D020208C96C030811A8030817A80308DB
:1046780055AA030841AA03082DAA030819AA030882
:104688001DA8030823A803084BA80308000000007E
:10469800CC440408B9020208E76C0308AFA7030872
:1046A800B5A70308A5AA030891AA03087DAA0308C9
:1046B80069AA0308BBA70308C1A70308E9A7030859
:1046C80000000000EC440408F93202081DA90308A0
:1046D80087A803086FE803088BA8030800000000F8
:1046E8000C45040800000000000000000000000065
:1046F80000000000000000000000000000000000B2
:104708000000000000000000000000002C45040824
:1047180095320208C3A803087D7102081D720208B9
:104728000000000038450408A9320208D5A803088B
:10473800E941020895BE030800000000444504084A
:10474800D1320208F9A80308C9BE03080000000016
:1047580050450408E53202080BA9030883A803089A
:1047680083CA03080BCB03084FC90308E9C9030828
:104778003FC80308404A04085577040800000000B1
:10478800010000002043040803F4FFFFA8470408C1
:10479800BC47040804000000000000007C4704082F
:1047A80091730208A1CB0308FCFFFFFFFCFFFFFF8A
:1047B8007C470408B1730208B3CB0308D049040846
:1047C8005877040868350408707704081449040801
:1047D80068350408A877040854430408000000005A
:1047E800CC470408D97302083BD00308BFD4030898
:1047F8005BD30308EBD0030833D20308F5D40308CE
:10480800AFD003088FD50308CBD0030803D503081E
:10481800DBCF030839D5030875D30308400000002F
:10482800000000007C4704080000000000000000B1
:10483800C0FFFFFFC0FFFFFF7C4704080000000027
:104848000000000048000000000000001C440408AC
:104858000000000000000000B8FFFFFFB8FFFFFFE6
:104868001C4404080000000000000000480000008C
:10487800000000005443040800000000000000008D
:1048880040000000F8FFFFFF544304080000000048
:1048980000000000B8FFFFFFB8FFFFFF5443040803
:1048A8000000000000000000E448040880480408F4
:1048B800584804086C480408304804084448040868
:1048C800A8480408944804080C490408F84804084F
:1048D8004800000000000000D847040879D4030805
:1048E80097D4030840000000F8FFFFFFD8470408EA
:1048F80081D40308A9D40308B8FFFFFFB8FFFFFF5E
:10490800D847040887D40308AFD40308D04904085B
:10491800E37704080000000014490408E974020859
:1049280027D50308BFD40308C1D40308C3D4030898
:10493800D9D40308F5D40308F9D403088FD503089C
:10494800FDD4030803D503081BD5030839D503088C
:1049580021D5030868350408A8780408F449040830
:10496800000000005C4904081D78020857DB0308B2
:104978001578020868350408CF7804085C490408EB
:10498800000000007C490408397802086BDB030842
:104998003178020868350408F6780408F4490408F0
:1049A800000000009C490408557802087FDB0308D2
:1049B8004D78020868350408027904088C35040823
:1049C80000000000BC49040869780208D1DB03082C
:1049D800576B0308576B03083BDC030893DB03089A
:1049E80023DC0308E5DB0308C5DB0308D04904081A
:1049F800467904086835040853790408F44904081A
:104A0800D049040865790408D04904088579040860
:104A180000000000FC49040837DF030839DF0308F9
:104A2800117B020868350408AA790408BC490408FF
:104A3800000000002C4A0408017F020825E2030850
:104A4800576B0308576B03083BDC030893DB030829
:104A580041E50308D7E2030839E20308683504088A
:104A6800057A04080C45040800000000644A04089C
:104A78000181020895E603086BE6030879E6030856
:104A88006BE6030881E6030885E6030889E6030860
:104A980081E6030868350408A57A0408F44904087F
:104AA80068350408B57A04089C4A0408683504087F
:104AB800CA7A04089C4A040868350408DB7A0408A2
:104AC8009C4A040868350408EC7A0408F449040888
:104AD800000000009C4A0408B5830208C9E80308DE
:104AE800B3E8030800000000A84A0408D9830208B4
:104AF800DBE80308B3E8030800000000B44A040830
:104B0800ED830208EDE80308B3E80308000000009D
:104B1800C04A040801840208FFE80308B3E8030850
:104B280000000000CC4A040891830208B7E8030893
:104B3800B3E8030868350408FC7B0408FC4B040848
:104B480068350408197C0408F44B0408D04B0408A1
:104B58003E7C04083C4B0408404A0408507C040886
:104B680000000000010000005435040800000000A7
:104B7800000000003C4B040809870208CBE9030841
:104B8800C7E9030800000000484B0408F58602083E
:104B9800B5E90308ED860208F7EA03084D8702081D
:104BA80081EA030887EA0308B1EA03080000000065
:104BB800544B04083187020815EA0308C7E90308BB
:104BC80000000000604B04081D870208DDE90308A7
:104BD800576B0308576B03083BDC0308EFE903082E
:104BE8002B6B0308B76A03087B6A0308D0490408DB
:104BF800707C040868350408897C0408CC4A0408D9
:104C0800683504089A7C0408F44B040868350408DD
:104C1800C47C0408F44B040800000000FC4B0408A2
:104C28002D890208E5EA0308B3E80308000000003C
:104C3800084C0408C7EA0308CDEA0308B988020843
:104C4800F7EA03084189020881EA03086DEA0308C4
:104C5800B1EA030800000000144C0408C5EA030880
:104C6800D9EA0308C1880208F7EA0308418902085B
:104C7800C988020827EB0308B1EA03086835040865
:104C8800ED7C0408F449040800000000844C040882
:104C9800C989020855EB030851EB0308B87B0408DF
:104CA800BC7B0408C07B0408C47B04087F7B040821
:104CB800C87B0408CC7B0408D07B0408D47B040898
:104CC800D87B0408DC7B0408E07B0408627B0408CA
:104CD8006A7B0408737B0408797B04087F7B0408DB
:104CE800837B0408887B04088D7B0408947B040874
:104CF8009E7B0408A67B0408AF7B0408467B040857
:104D08004A7B04084E7B0408527B0408567B04083F
:104D18005A7B04085E7B04080D7B0408147B040896
:104D28001B7B0408237B04082D7B0408367B0408BE
:104D38003D7B0408F7700408E8700408F38604084B
:104D48006B540408FE7A040808870408627B040888
:104D58006A7B0408737B0408797B04087F7B04085A
:104D6800837B0408887B04088D7B0408947B0408F3
:104D78009E7B0408A67B0408AF7B040820870408F0
:104D8800017B0408E6540408E6540408E6540408C1
:104D9800E6540408E654040800000000000000007F
:104DA800000000000000000000000040955969590B
:104DB800555554551555555604051541105455402B
:104DC80045515544404550445055554500400040D4
:104DD8004004449665555655454045545141154043
:104DE80055915555555540510501000054455454A9
:104DF800455505040010041014044000000001404B
:104E080055551541540400004400010000000040BD
:104E1800410000445044455054005555545565517F
:104E280000400040010000010005010011545151EB
:104E38005455550500000000000000000000000067
:104E4800010002000400060008000A000C0010001F
:104E5800200040008000000100001F003B005A00B5
:104E680078009700B500D400F300110130014E011D
:104E78006D0100001F003C005B0079009800B6003F
:104E8800D500F400120131014F016E01286E756CD6
:104E98006C29000A2A2A2A20415353455254204695
:104EA80041494C45443A2066696C653D2573206C40
:104EB800696E653D256420657870723D25730A002A
:104EC8003C756E646566696E65643E00626173690F
:104ED800635F737472696E673A20636F6E7374727E
:104EE800756374696F6E2066726F6D206E756C6C79
:104EF800206973206E6F742076616C696400566552
:104F08006869636C652E436162696E2E446F6F72C7
:104F18002E526F77312E44726976657253696465D3
:104F28002E49734C6F636B65640056656869636CE2
:104F3800652E436F6D6D616E642E446F6F722E4CDB
:104F48006F636B0056656869636C652E436F6D6DA2
:104F5800616E642E446F6F722E526573706F6E733C
:104F6800650056656869636C652E537065656400F5
:104F780056656869636C652E436162696E2E446F7D
:104F88006F722E526F77312E44726976657253694B
:104F980064652E49734F70656E0063616E6E6F7441
:104FA80020637265617465207374643A3A76656348
:104FB800746F72206C6172676572207468616E200C
:104FC8006D61785F73697A65282900737973616404
:104FD8006D696E00626F647900736F6D656970004A
:104FE80064696167006261636B67726F756E640004
:104FF8007265616C2073696C69636F6E00656D75AD
:105008006C61746564202852656E6F64652900427E
:105018006F647920454355207374617274696E67B3
:1050280020285A6570687972202B204F70656E426F
:1050380053572900506C6174666F726D3A2025735E
:10504800006E75636C656F5F683735357A695F71B7
:105058000048617264776172652064657465637481
:10506800696F6E3A20257320284442474D435520E6
:105078004944434F44453D3078253038782900303D
:105088002E302E302E30003233392E3235352E3236
:1050980035352E323531004750494F206E6F742018
:1050A800617661696C61626C65202D2D207573696C
:1050B8006E6720736F6674776172652D6F6E6C7999
:1050C80020646F6F722D6C6F636B2028656D756C33
:1050D8006174696F6E29005B626C696E6B5D206C30
:1050E8006564257A75204F4E2072633D256420281B
:1050F800706F72743D25702070696E3D2564290AB1
:10510800004C454420626C696E6B20746573742092
:10511800646F6E65202833204C4544732078203313
:1051280020626C696E6B7329004350313A206166C6
:10513800746572204750494F004350323A206372D9
:10514800656174696E67204C6F63616C5369676E43
:10515800616C427573004350333A204C6F63616C45
:105168005369676E616C42757320646F6E650043A6
:1051780050343A206372656174696E6720566568B9
:1051880069636C654D6F646553797374656D00432D
:1051980050353A2056656869636C654D6F64655390
:1051A800797374656D20646F6E6500646F6F725FEC
:1051B800737461747573004350363A206372656185
:1051C80074696E672056656869636C65496E666FB9
:1051D80050726F76696465720057565730303030B8
:1051E80030424F4459454355303100424543552DCF
:1051F8005A45502D303031004350373A206372659C
:105208006174696E6720446961676E6F737469635E
:105218007353797374656D004350383A206372652F
:105228006174696E6720446F49705472616E73705F
:105238006F7274004350393A20646961676E6F7306
:105248007469637320776972656400435031303A3A
:1052580020616464696E67206C6966656379636C54
:105268006520636F6D706F6E656E7473006C69672F
:105278006874696E6700646F6F725F6C6F636B0050
:1052880076656869636C655F6D6F64650069676EF4
:105298006974696F6E0073706565645F73696D002A
:1052A80063616E5F6761746577617900646F6361DC
:1052B8006E00646961676E6F737469637300646F0D
:1052C800697000435031313A206C696665637963CF
:1052D8006C6520636F6D706F6E656E7473206164AA
:1052E80064656400526567697374657265642073E8
:1052F8006F6674776172652D6F6E6C7920646F6F5D
:10530800722D6C6F636B20534F4D452F49502068A9
:10531800616E646C65727300526567697374657257
:10532800656420736F6674776172652D6F6E6C7932
:1053380020737065656420534F4D452F4950206890
:10534800616E646C6572732028656D756C61746933
:105358006F6E29005472616E736974696F6E696E3D
:105368006720746F2072756E206C6576656C2033CB
:105378002E2E2E00426F64792045435520726561B8
:105388006479202D20616C6C2073797374656D735A
:105398002072756E6E696E67007465737400626F53
:1053A80064795F6563750028756E7369676E6564F7
:1053B800292063686172202A207573656420666FEE
:1053C800722025257020617267756D656E742E20B8
:1053D80049742773207265636F6D6D656E646564CB
:1053E80020746F206361737420697420746F207651
:1053F8006F6964202A20626563617573652069742A
:10540800206D6179206361757365206D69736265CC
:10541800686176696F7220696E206365727461696C
:105428006E20636F6E66696775726174696F6E73FB
:105438002E20537472696E673A2225732220617296
:1054480067756D656E743A25640063627072696E83
:1054580074665F7061636B61676500464C415348D1
:10546800005352414D0053595354454D0053524136
:105478004D5F4554485F425546005352414D5F4584
:1054880054485F44455343006C6F6767696E670013
:105498006C6F67006C6F675F6D676D74004D657347
:1054A80073616765202822257322292064726F7032
:1054B8007065642062656361757365206974206531
:1054C8007863656564732073697A65206C696D69B2
:1054D800746174696F6E2028257529000D0A001BF8
:1054E8005B306D00257320005B2530386C755D20BE
:1054F800005B253032753A253032753A25303275E1
:105508002E253033752C253033755D200025732FFB
:10551800003C25733E200025733A20002530327860
:105528002000202020007C00256300206D65737317
:10553800616765732064726F70706564202D2D2D0E
:105548000D0A1B5B306D001B5B313B33316D2D2D1C
:105558002D20001B5B313B33316D001B5B313B332E
:10556800336D006572720077726E00696E66006452
:105578006267006C6F675F6261636B656E645F751D
:10558800617274006C6F675F75617274006D656D30
:105598006F72794039303030303030300072302F0F
:1055A80061313A2020307825303878202072312F28
:1055B80061323A2020307825303878202072322F16
:1055C80061333A20203078253038780072332F61E3
:1055D800343A2020307825303878207231322F69DB
:1055E800703A2020307825303878207231342F6C8A
:1055F800723A20203078253038780020787073721D
:105608003A2020307825303878004661756C746906
:105618006E6720696E737472756374696F6E20614A
:1056280064647265737320287231352F7063293A68
:105638002030782530387800556E68616E646C6566
:1056480064204952516E3A202564002A2A2A2A2ABF
:1056580020425553204641554C54202A2A2A2A2AAA
:10566800002020537461636B696E67206572726FE6
:1056780072002020556E737461636B696E672065D4
:1056880072726F72002020507265636973652064BE
:1056980061746120627573206572726F72002020D8
:1056A8004246415220416464726573733A203078EF
:1056B8002578002020496D707265636973652064E0
:1056C80061746120627573206572726F72002020A8
:1056D800496E737472756374696F6E206275732096
:1056E8006572726F72002020466C6F6174696E6714
:1056F8002D706F696E74206C617A7920737461748F
:105708006520707265736572766174696F6E206565
:1057180072726F72002A2A2A2A2A20555341474555
:10572800204641554C54202A2A2A2A2A002020445F
:1057380069766973696F6E206279207A65726F0085
:105748002020556E616C69676E6564206D656D6FAC
:105758007279206163636573730020204E6F206344
:105768006F70726F636573736F7220696E73747292
:10577800756374696F6E73002020496C6C6567618E
:105788006C206C6F6164206F66204558435F5245FA
:105798005455524E20696E746F20504300202049A2
:1057A8006C6C6567616C20757365206F6620746822
:1057B800652045505352002020417474656D707403
:1057C80020746F206578656375746520756E6465EF
:1057D80066696E656420696E737472756374696F47
:1057E8006E002A2A2A2A2A204D5055204641554C17
:1057F80054202A2A2A2A2A002020537461636B69BC
:105808006E67206572726F722028636F6E74657898
:10581800742061726561206D696768742062652013
:105828006E6F742076616C6964290020204461746D
:1058380061204163636573732056696F6C61746995
:105848006F6E0020204D4D464152204164647265C0
:1058580073733A2030782578002020496E7374726B
:10586800756374696F6E204163636573732056694D
:105878006F6C6174696F6E005265736572766564EA
:1058880020457863657074696F6E202800537075C1
:1058980072696F757320696E7465727275707420A1
:1058A800284952512000535053454C20696E2074AA
:1058B8006872656164206D6F646520646F6573202C
:1058C8006E6F7420696E646963617465205053500B
:1058D800002A2A2A2A2A2048415244204641554C67
:1058E80054202A2A2A2A2A00202042757320666119
:1058F800756C74206F6E20766563746F72207461A6
:10590800626C652072656164002020446562756779
:10591800206576656E740020204661756C7420657C
:105928007363616C6174696F6E20287365652062AA
:10593800656C6F772900415243485F45584345508D
:1059480054207769746820726561736F6E202578BA
:105958000A002A2A2A2A2A204465627567206D6F60
:105968006E69746F7220657863657074696F6E20F4
:105978002A2A2A2A2A002A2A2A2A2A20257320257E
:105988006429202A2A2A2A2A006D7075004661692E
:105998006C656420746F20616C6C6F636174652042
:1059A8006E6577204D505520726567696F6E2025AA
:1059B800750A00506172746974696F6E2025753AB2
:1059C8002073616E69747920636865636B20666112
:1059D800696C65642E0061626F727428290A007010
:1059E8006F7369785F656E7600706F7369785F743E
:1059F800696D657200707468726561645F72776C56
:105A08006F636B00707468726561645F636F6E6466
:105A180000707468726561645F6B657900707468A2
:105A2800726561645F6D757465780070746872651D
:105A38006164007873695F73696E676C655F707223
:105A48006F63657373006E65745F627566006E657B
:105A5800745F6275665F73696D706C65006673006C
:105A68007A65706879720006FFFFFFFFFFFF004943
:105A7800507636004950763400FFFFFFFFFFFF33B2
:105A8800330000000041525000776C616E256400BD
:105A98006574682564006E65742564004E45545F1E
:105AA8004F4B004E45545F434F4E54494E554500A9
:105AB8004E45545F44524F50003C756E6B6E6F7785
:105AC8006E3E006E65745F6D676D740000000000C7
:105AD800000000007463705F776F726B00313932B9
:105AE8002E3136382E3130302E3130003235352EC9
:105AF8003235352E3235352E3000496E697469617C
:105B08006C697A696E67206E6574776F726B000ACC
:105B180006050504010301020101010001696E7413
:105B28006572727570742D636F6E74726F6C6C65CC
:105B38007240353830303030303000446966666540
:105B480072656E7469616C206368616E6E656C73F2
:105B580020617265206E6F7420737570706F727437
:105B6800656400496E76616C6964206368616E6E75
:105B7800656C206761696E00496E76616C696420A6
:105B88006368616E6E656C207265666572656E63CA
:105B9800650053616D706C696E672074696D65206E
:105BA80076616C7565206E6F7420737570706F7296
:105BB8007465642E004E756D626572206F66206391
:105BC8006F6D6D6F6E2073616D706C696E67207498
:105BD800696D65206368616E6E656C73206E6F74A5
:105BE80020737570706F7274656400496E76616CAD
:105BF80069642073616D706C696E672074696D6586
:105C080000414443206F76657272756E206572722A
:105C18006F72206F636375727265642E20557365A9
:105C280020444D412C2072656475636520636C6F58
:105C3800636B20736F757263652066726571756535
:105C48006E63792C20696E6372656173652070726A
:105C5800657363616C65722076616C7565206F721F
:105C680020696E6372656173652073616D706C691C
:105C78006E672074696D65732E0041444320636C20
:105C88006F636B207261746520676574206572723A
:105C98006F722E0041444320436C6F636B20726126
:105CA8007465206E756C6C00636C6F636B20636F3A
:105CB8006E74726F6C20646576696365206E6F74AC
:105CC800207265616479004661696C656420746F4F
:105CD800206765742041444320636C6F636B2066C2
:105CE80072657175656E637900496E76616C696479
:105CF80020636C6F636B207072657363616C65728F
:105D08002076616C75650041444320636C6F636B5A
:105D1800206672657175656E637920746F6F20688F
:105D2800696768202575004144432070696E637473
:105D3800726C207365747570206661696C65642087
:105D480028256429004E6F206368616E6E656C7348
:105D58002073656C656374656400546F6F206D61B2
:105D68006E79206368616E6E656C7320666F722051
:105D780073657175656E6365722E204D61783A2082
:105D8800256400496E76616C6964207265736F6C76
:105D98007574696F6E0050726F766964656420620D
:105DA800756666657220697320746F6F20736D6104
:105DB8006C6C202825752F25752900496E76616C35
:105DC8006964206F76657273616D706C696E6700C7
:105DD80061646340343030323230303000616463A3
:105DE8005F73746D333200657874656E6465640042
:105DF8007374616E6461726400696E76616C696463
:105E0800206672616D652077697468202573202883
:105E180025642D626974292043414E20494420306D
:105E28007825302A7800696E76616C696420666925
:105E38006C7465722077697468202573202825643E
:105E48002D626974292043414E2049442030782529
:105E5800302A782C2043414E204944206D61736BD1
:105E680020307825302A780063616E5F636F6D6D2E
:105E78006F6E006661696C656420746F207265617D
:105E88006420726567203078253033782028657261
:105E98007220256429006661696C656420746F202E
:105EA8007772697465207265672030782530337899
:105EB800202865727220256429006661696C656412
:105EC80020746F2072656164205278204649464FDD
:105ED80020686561646572202865727220256429CE
:105EE800006661696C656420746F20726561642066
:105EF8005278204649464F206461746120286572B3
:105F08007220256429004672616D652069732074CA
:105F18006F6F20626967006661696C656420746FE1
:105F280020656E61626C652043414E207472616E1B
:105F38007363656976657220286572722025642905
:105F4800006661696C656420746F206C65617665B4
:105F580020696E6974206D6F6465202865727220EF
:105F680025642900756E737570706F72746564208E
:105F78006D6F64653A20307825303878004D657348
:105F880073616765206C6F7374206F6E2046494695
:105F98004F30004D657373616765206C6F737420B3
:105FA8006F6E204649464F31006661696C65642012
:105FB800746F2072656164207478206576656E74EC
:105FC800206669666F20286572722025642900544E
:105FD80058204649464F20656C656D656E74206C87
:105FE8006F73740041636365737320746F20726507
:105FF8007365727665642061646472657373004DBD
:106008006573736167652052414D206163636573F1
:1060180073206661696C75726500756E7375707052
:106028006F727465642043414E206672616D65200D
:10603800666C616773203078253032780043414EB2
:1060480020464420666F726D6174206E6F742073F1
:106058007570706F7274656420696E206E6F6E2D36
:106068004644206D6F64650064617461206C656EE0
:106078006774682028257A7529203E206D6178206C
:106088006672616D652064617461206C656E677409
:10609800682028257A752900444C43206F662025FE
:1060A8006420666F722043414E20464420666F721A
:1060B8006D6174206672616D6500444C43206F66A3
:1060C80020256420666F72206E6F6E2D4644206610
:1060D8006F726D6174206672616D65006661696CCE
:1060E800656420746F207772697465205478204243
:1060F80075666665722068656164657220286572D8
:106108007220256429006661696C656420746F20BB
:1061180077726974652054782042756666657220C6
:1061280064617461202865727220256429006661A3
:10613800696C656420746F20777269746520737464
:10614800642066696C74657220656C656D656E7433
:10615800202865727220256429004E6F20667265BA
:1061680065207374616E6461726420696420666975
:106178006C746572206C65667400756E73757070EA
:106188006F727465642043414E2066696C74657251
:1061980020666C61677320307825303278004E6F46
:1061A800206672656520657874656E64656420692B
:1061B800642066696C746572206C65667400666933
:1061C8006C746572204944202564206F7574206FB3
:1061D8006620626F756E6473006661696C65642021
:1061E800746F20636C656172206578742066696CD1
:1061F80074657220656C656D656E742028657272B1
:1062080020256429006661696C656420746F2063C9
:106218006C656172207374642066696C74657220A1
:10622800656C656D656E7420286572722025642919
:10623800004661696C656420746F20656E746572D0
:1062480020696E6974206D6F6465006661696C65AC
:106258006420746F2064697361626C652043414EE9
:10626800207472616E736365697665722028657241
:106278007220256429004661696C656420746F206A
:106288006578697420736C656570206D6F6465004E
:1062980043414E207472616E73636569766572203E
:1062A8006E6F742072656164790043616E27742093
:1062B80066696E642074696D696E6720666F722006
:1062C800676976656E20706172616D0043616E2743
:1062D800742066696E642074696D696E6720666FE4
:1062E8007220676976656E20646174617068617395
:1062F8006520706172616D006661696C6564207407
:106308006F207365742074696D696E6720286572E3
:106318007220256429006661696C656420746F20A9
:10632800736574206461746120706861736520749A
:10633800696D696E672028657272202564290000DE
:1063480001020304050607080C10141820304063E6
:10635800616E5F6D63616E004661696C65642063A0
:10636800616C6C20636C6F636B5F636F6E74726FCC
:106378006C5F6765745F726174652870636C6B5BD2
:10638800315D29004661696C65642063616C6C202D
:10639800636C6F636B5F636F6E74726F6C5F67655E
:1063A800745F726174652870636C6B5B305D290083
:1063B80043414E2070696E6374726C207365747506
:1063C80070206661696C6564202825642900436F24
:1063D800756C64206E6F742073656C6563742063DC
:1063E800616E5F73746D3332666420646F6D6169CA
:1063F8006E20636C6F636B006661696C75726520F3
:1064080067657474696E6720636C6F636B20726173
:10641800746500464443414E20436C6F636B2073A0
:106428006F7572636520256420657863656564739C
:10643800206D617820616C6C6F776564202564003D
:106448006661696C75726520656E61626C696E67FC
:1064580020636C6F636B0063616E40343030306171
:106468003030300063616E5F73746D3332683700AB
:1064780072636340353830323434303000726E67BE
:10648800403438303231383030004661696C6564E8
:1064980020746F20656E7175657565206672616D13
:1064A8006520696E746F2052582071756575653A5C
:1064B800202564004661696C656420746F206F62F2
:1064C8007461696E2052582062756666657200466E
:1064D80061696C656420746F20617070656E6420FA
:1064E80052582062756666657220746F20636F6EFD
:1064F8007465787420627566666572004661696CB9
:10650800656420746F20656E61626C6520657468CF
:1065180065726E657420636C6F636B00436F756C96
:1065280064206E6F7420636F6E666967757265208C
:1065380065746865726E65742070696E7300484191
:106548004C5F4554485F496E69742054696D6564B1
:10655800206F75740048414C5F4554485F496E6927
:1065680074206661696C65643A2025640050485956
:1065780020646576696365206E6F74207265616456
:10658800790073746D5F6574680048414C5F4554C9
:10659800485F5365744D4143436F6E6669673A209F
:1065A8006661696C65643A2025640048414C5F4522
:1065B80054485F53746172747B5F49547D206661EF
:1065C800696C656400504B5420746F6F2062696772
:1065D8000048414C5F4554485F5472616E736D6961
:1065E800743A206661696C6564210048414C5F45D6
:1065F80054485F5472616E736D697449542074789D
:106608005F696E745F73656D2074616B6520746972
:106618006D656F75740025733A2045544820696E7E
:10662800206572726F722073746174653A206572A6
:10663800726F72636F64653A25780025733A204556
:10664800544820444D41206572726F723A20646D3F
:10665800616572726F723A25780025733A20455445
:1066680048204D4143206572726F723A206D616314
:106678006572726F723A2578006574685F74780085
:1066880065746865726E6574006574685F73746DAF
:1066980033325F68616C003130300066756C6C00B5
:1066A80068616C66005048592028256429204C6987
:1066B8006E6B207370656564202573204D622C20F5
:1066C8002573206475706C6578005048592028251A
:1066D800642920697320646F776E004E6F205048DC
:1066E8005920666F756E64206174206164647265F8
:1066F80073732025640050485920282564292049AF
:10670800442025580065746865726E65742D70683C
:10671800794030007068795F6D6969006770696FEA
:10672800403538303232383030006770696F403564
:1067380038303232343030006770696F4035383065
:106748003232303030006770696F4035383032315E
:10675800433030006770696F403538303231383037
:1067680030006770696F403538303231343030006E
:106778006770696F403538303231303030006770BB
:10678800696F403538303230433030006770696F98
:10679800403538303230383030006770696F4035F6
:1067A80038303230343030006770696F40353830F7
:1067B8003230303030004661696C656420746F2077
:1067C800656E61626C652065746865726E657420BB
:1067D800636C6F636B206E656564656420666F72B9
:1067E800204D44494F2028256429006D64696F00B5
:1067F8006D64696F5F73746D33325F68616C0072CA
:10680800657365742D636F6E74726F6C6C6572005E
:106818004661696C65642063616C6C20636C6F63AE
:106828006B5F636F6E74726F6C5F6765745F7261C4
:1068380074652870636C6B656E5B305D2900556EFE
:1068480061626C6520746F207365742025732074F1
:106858006F20256400436F756C64206E6F7420652B
:106868006E61626C6520284C502955415254206352
:106878006C6F636B00726573657420636F6E7472FE
:106888006F6C6C6572206E6F74207265616479003C
:10689800257320646F6573206E6F74207375707034
:1068A8006F72742064726976657220656E61626CBD
:1068B800650073657269616C40353830303063301B
:1068C800300073657269616C403430303034383070
:1068D8003000756172745F73746D3332007665636E
:1068E800746F723A3A5F4D5F7265616C6C6F635F8B
:1068F800696E7365727400766563746F723A3A5F95
:106908004D5F72616E67655F696E7365727400765C
:106918006563746F723A3A72657365727665003AA8
:106928003A3A003132372E302E302E3100756470ED
:106938003A2F2F007463703A2F2F006D756C7469AD
:10694800636173743A2F2F003233392E3131382E68
:106958003132322E36390063616E6E6F7420637285
:1069680065617465207374643A3A6465717565206D
:106978006C6172676572207468616E206D61785F02
:1069880073697A652829005761726E696E673A20C3
:10699800496E76616C69642049502061646472654F
:1069A800737320696E20656E64706F696E74206FF2
:1069B8007074696F6E3A20005761726E696E673A3B
:1069C80020496E76616C6964204950206164647264
:1069D80065737320696E206D756C74696361737477
:1069E800206F7074696F6E3A200073746F6900626B
:1069F800617369635F737472696E673A3A61707044
:106A0800656E6400303030313032303330343035F8
:106A18003036303730383039313031313132313346
:106A2800313431353136313731383139323032312C
:106A38003232323332343235323632373238323912
:106A4800333033313332333333343335333633370A
:106A580033383339343034313432343334343435F0
:106A680034363437343834393530353135323533D6
:106A780035343535353635373538353936303631BC
:106A880036323633363436353636363736383639A2
:106A9800373037313732373337343735373637379A
:106AA8003738373938303831383238333834383580
:106AB8003836383738383839393039313932393366
:106AC8003934393539363937393839390000000021
:106AD8000001020304010203040607080948616C67
:106AE80074696E672073797374656D00556E6B6E8B
:106AF8006F776E206572726F7200756E6B6E6F774E
:106B08006E003E3E3E205A45504859522046415458
:106B1800414C204552524F522025643A202573207B
:106B28006F6E20435055202564004661756C7420B3
:106B3800647572696E6720696E74657272757074B7
:106B48002068616E646C696E670A004375727265CD
:106B58006E74207468726561643A20257020282557
:106B680073290043505520657863657074696F6EAA
:106B780000556E68616E646C656420696E74657238
:106B88007275707400537461636B206F76657266FA
:106B98006C6F77004B65726E656C206F6F70730059
:106BA8004B65726E656C2070616E6963006D61691A
:106BB8006E006F73002A2A2A20426F6F74696E670D
:106BC800205A6570687972204F53206275696C6429
:106BD8002076342E312E302D353831312D676561D0
:106BE80036656164653532623539202A2A2A0A00F9
:106BF800737973776F726B71004E395F5F676E756B
:106C08005F63787832307265637572736976655F31
:106C1800696E69745F6572726F7245004E31305FDC
:106C28005F637878616269763132305F5F73695F7C
:106C3800636C6173735F747970655F696E666F45C5
:106C480000537439747970655F696E666F004E53CE
:106C580074366C6F63616C65356661636574450095
:106C68004300747275650066616C736500EFBBBFA5
:106C78000053743132636F64656376745F62617365
:106C88006500537432335F5F636F64656376745F66
:106C980061627374726163745F626173654944739E
:106CA8006331305F6D6273746174655F744500535E
:106CB8007437636F64656376744944736331305F16
:106CC8006D6273746174655F744500537432335F29
:106CD8005F636F64656376745F6162737472616326
:106CE800745F626173654944696331305F6D6273D3
:106CF800746174655F744500537437636F646563CA
:106D080076744944696331305F6D62737461746588
:106D18005F744500537432335F5F636F64656376F5
:106D2800745F61627374726163745F6261736549F1
:106D38004473447531305F6D6273746174655F7458
:106D48004500537437636F646563767449447344CC
:106D58007531305F6D6273746174655F744500539B
:106D68007432335F5F636F64656376745F61627307
:106D780074726163745F6261736549446944753113
:106D8800305F6D6273746174655F74450053743766
:106D9800636F6465637674494469447531305F6D27
:106DA8006273746174655F744500EFBBBF626173A1
:106DB80069635F737472696E673A3A5F535F636FB2
:106DC8006E737472756374206E756C6C206E6F745C
:106DD8002076616C69640063616E6E6F7420637203
:106DE80065617465207368696D20666F7220756EC1
:106DF8006B6E6F776E206C6F63616C653A3A666193
:106E080063657400756E696E697469616C697A6529
:106E180064205F5F616E795F737472696E67002AC0
:106E28004E537431335F5F66616365745F7368697D
:106E38006D7331325F474C4F42414C5F5F4E5F315B
:106E480031336E756D70756E63745F7368696D4903
:106E5800634545002A4E537431335F5F666163654D
:106E6800745F7368696D7331325F474C4F42414CB0
:106E78005F5F4E5F313132636F6C6C6174655F7355
:106E880068696D49634545002A4E537431335F5F25
:106E980066616365745F7368696D7331325F474C0F
:106EA8004F42414C5F5F4E5F3131356D6F6E657992
:106EB80070756E63745F7368696D49634C623145C0
:106EC8004545002A4E537431335F5F6661636574CC
:106ED8005F7368696D7331325F474C4F42414C5F55
:106EE8005F4E5F3131356D6F6E657970756E6374A5
:106EF8005F7368696D49634C6230454545002A4EA9
:106F0800537431335F5F66616365745F7368696D7D
:106F18007331325F474C4F42414C5F5F4E5F3131B6
:106F2800346D6F6E65795F6765745F7368696D4905
:106F3800634545002A4E537431335F5F666163656C
:106F4800745F7368696D7331325F474C4F42414CCF
:106F58005F5F4E5F3131346D6F6E65795F70757448
:106F68005F7368696D49634545002A4E5374313330
:106F78005F5F66616365745F7368696D7331325F03
:106F8800474C4F42414C5F5F4E5F3131336D657303
:106F980073616765735F7368696D49634545004E42
:106FA8005374366C6F63616C6535666163657436FE
:106FB8005F5F7368696D45002A4E537431335F5FB4
:106FC80066616365745F7368696D7331325F474CDE
:106FD8004F42414C5F5F4E5F31313374696D655F7D
:106FE8006765745F7368696D496345450025733A41
:106FF800205F5F706F732028776869636820697302
:1070080020257A7529203E20746869732D3E73699E
:107018007A6528292028776869636820697320259C
:107028007A75290062617369635F737472696E6748
:107038003A3A636F70790062617369635F7374725F
:10704800696E673A3A5F535F63726561746500629F
:10705800617369635F737472696E673A3A657261E6
:1070680073650062617369635F737472696E673A0E
:107078003A5F4D5F7265706C6163655F617578003A
:1070880062617369635F737472696E673A3A6173B8
:107098007369676E0062617369635F737472696EA6
:1070A800673A3A726573697A65005374313063746C
:1070B8007970655F626173650053743563747970C4
:1070C800654963450062617369635F737472696ED1
:1070D800673A3A696E7365727400252E2A4C660009
:1070E800256D2F25642F25790025483A254D002543
:1070F800483A254D3A25530053743974696D655FD4
:107108006261736500537431306D6F6E65795F62CB
:1071180061736500537431336D65737361676573AB
:107128005F62617365004E5374375F5F63787831CF
:107138003137636F6C6C61746549634545004E5324
:1071480074375F5F6378783131386E756D70756E3E
:10715800637449634545004E5374375F5F637878BD
:10716800313131306D6F6E657970756E6374496356
:107178004C6231454545004E5374375F5F637878FC
:10718800313131306D6F6E657970756E6374496336
:107198004C6230454545004E5374375F5F637878DD
:1071A8003131386D657373616765734963454500AF
:1071B8004E5374375F5F6378783131396D6F6E6520
:1071C800795F67657449635374313969737472659B
:1071D800616D6275665F6974657261746F72496327
:1071E80053743131636861725F7472616974734991
:1071F8006345454545004E5374375F5F6378783182
:1072080031396D6F6E65795F707574496353743188
:10721800396F73747265616D6275665F69746572E2
:1072280061746F72496353743131636861725F745A
:107238007261697473496345454545004E53743717
:107248005F5F63787831313874696D655F6765743D
:107258004963537431396973747265616D62756617
:107268005F6974657261746F724963537431316315
:107278006861725F74726169747349634545454515
:10728800002A4E537431335F5F66616365745F73C0
:1072980068696D7331325F474C4F42414C5F5F4EB6
:1072A8005F3131336E756D70756E63745F736869C5
:1072B8006D49634545002A4E537431335F5F6661FB
:1072C8006365745F7368696D7331325F474C4F4211
:1072D800414C5F5F4E5F313132636F6C6C61746536
:1072E8005F7368696D49634545002A4E53743133AD
:1072F8005F5F66616365745F7368696D7331325F80
:10730800474C4F42414C5F5F4E5F3131356D6F6E78
:10731800657970756E63745F7368696D49634C62F3
:1073280031454545002A4E537431335F5F666163CA
:1073380065745F7368696D7331325F474C4F4241C2
:107348004C5F5F4E5F3131356D6F6E657970756E6C
:1073580063745F7368696D49634C623045454500E5
:107368002A4E537431335F5F66616365745F736877
:10737800696D7331325F474C4F42414C5F5F4E5FDE
:107388003131346D6F6E65795F6765745F736869F5
:107398006D49634545002A4E537431335F5F66611A
:1073A8006365745F7368696D7331325F474C4F4230
:1073B800414C5F5F4E5F3131346D6F6E65795F7040
:1073C80075745F7368696D49634545002A4E537447
:1073D80031335F5F66616365745F7368696D7331CC
:1073E800325F474C4F42414C5F5F4E5F3131336DE6
:1073F800657373616765735F7368696D4963454554
:10740800002A4E537431335F5F66616365745F733E
:1074180068696D7331325F474C4F42414C5F5F4E34
:107428005F31313374696D655F6765745F7368696F
:107438006D49634545004E395F5F676E755F6378D8
:10744800783138737464696F5F73796E635F6669E6
:107458006C65627566496353743131636861725F44
:107468007472616974734963454545006261645F7C
:1074780066756E6374696F6E5F63616C6C005374DC
:1074880031376261645F66756E6374696F6E5F63DE
:10749800616C6C0002020203050507070B0B0B0B5E
:1074A8000D0D62617369635F696F733A3A636C6566
:1074B80061720053743962617369635F696F7349FC
:1074C8006353743131636861725F74726169747394
:1074D8004963454500537438696F735F626173652A
:1074E80000536400536900537437636F6C6C6174A4
:1074F80065496345005374386E756D70756E6374B5
:10750800496345005374376E756D5F6765744963E9
:10751800537431396973747265616D6275665F6938
:1075280074657261746F7249635374313163686151
:10753800725F747261697473496345454500537499
:10754800376E756D5F7075744963537431396F7335
:10755800747265616D6275665F6974657261746F76
:1075680072496353743131636861725F747261691F
:107578007473496345454500537431375F5F7469D7
:107588006D6570756E63745F6361636865496345B3
:1075980000537431315F5F74696D6570756E637423
:1075A80049634500537431306D6F6E657970756E3F
:1075B800637449634C6231454500537431306D6FD3
:1075C8006E657970756E637449634C623045450029
:1075D8005374386D65737361676573496345005308
:1075E8007432335F5F636F64656376745F6162737F
:1075F80074726163745F6261736549636331305F9C
:107608006D6273746174655F7445005374396D6F8E
:107618006E65795F6765744963537431396973744A
:107628007265616D6275665F6974657261746F72A7
:10763800496353743131636861725F74726169744C
:10764800734963454545005374396D6F6E65795FBD
:107658007075744963537431396F73747265616DF1
:107668006275665F6974657261746F724963537499
:107678003131636861725F7472616974734963451B
:1076880045450053743874696D655F707574496356
:10769800537431396F73747265616D6275665F69B1
:1076A80074657261746F72496353743131636861D0
:1076B800725F747261697473496345454500537418
:1076C8003874696D655F67657449635374313969E6
:1076D80073747265616D6275665F697465726174F1
:1076E8006F72496353743131636861725F74726198
:1076F800697473496345454500537431385F5F6D5C
:107708006F6E657970756E63745F636163686549F0
:10771800634C6230454500537431385F5F6D6F6E5E
:10772800657970756E63745F636163686549634CFE
:107738006231454500537431365F5F6E756D707503
:107748006E63745F636163686549634500536F00E6
:10775800537431395F53705F6D616B655F73686136
:107768007265645F746167004E5374375F5F637856
:10777800783131313562617369635F737472696E30
:1077880067627566496353743131636861725F7407
:10779800726169747349634553614963454545009E
:1077A8004E5374375F5F6378783131313862617373
:1077B80069635F737472696E6773747265616D492A
:1077C8006353743131636861725F74726169747391
:1077D80049634553614963454545005374313562F2
:1077E800617369635F73747265616D62756649631D
:1077F80053743131636861725F747261697473497B
:107808006345450062617369635F737472696E678B
:107818003A3A5F4D5F6372656174650062617369CE
:10782800635F737472696E673A3A7265706C61630C
:10783800650062617369635F737472696E673A3A6F
:107848005F4D5F7265706C61636500626173696347
:107858005F737472696E673A3A636F6D70617265CF
:107868000062617369635F737472696E673A3A6242
:10787800617369635F737472696E670062617369CB
:10788800635F737472696E673A3A73756273747280
:10789800007374643A3A6261645F616C6C6F630090
:1078A8005374396261645F616C6C6F6300737464F4
:1078B8003A3A6261645F61727261795F6E65775F9F
:1078C8006C656E67746800537432306261645F611E
:1078D800727261795F6E65775F6C656E6774680058
:1078E8007374643A3A6261645F63617374005374D9
:1078F800386261645F63617374004E31305F5F6347
:107908007878616269763131375F5F636C61737370
:107918005F747970655F696E666F45007374643A69
:107928003A657863657074696F6E007374643A3A87
:107938006261645F657863657074696F6E00537423
:1079480039657863657074696F6E0053743133629A
:1079580061645F657863657074696F6E004E31307D
:107968005F5F637878616269763131355F5F666F32
:10797800726365645F756E77696E6445004E313079
:107988005F5F637878616269763131395F5F666F0E
:10799800726569676E5F657863657074696F6E4557
:1079A80000004E31305F5F6378786162697631320A
:1079B800315F5F766D695F636C6173735F74797053
:1079C800655F696E666F4500254C66006C6F636184
:1079D8006C653A3A66616365743A3A5F535F6372FD
:1079E800656174655F635F6C6F63616C65206E6170
:1079F8006D65206E6F742076616C6964005374370E
:107A0800636F646563767449636331305F6D627375
:107A1800746174655F7445002D2B785830313233AA
:107A280034353637383961626364656630313233EC
:107A3800343536373839414243444546002D2B7892
:107A480058303132333435363738396162636465DA
:107A580066414243444546002D3031323334353691
:107A680037383900474D540048535400414B53545C
:107A780000505354004D535400435354004553543D
:107A880000415354004E5354004345540049535445
:107A980000454554004A535400020300045374310E
:107AA800316C6F6769635F6572726F72005374310E
:107AB80036696E76616C69645F617267756D656E53
:107AC8007400537431326C656E6774685F657272E6
:107AD8006F7200537431326F75745F6F665F7261D5
:107AE8006E6765005374313372756E74696D655FC6
:107AF8006572726F7200504D0025493A254D3A253E
:107B0800532025700053756E646179004D6F6E6463
:107B180061790054756573646179005765646E65B1
:107B28007364617900546875727364617900467290
:107B38006964617900536174757264617900537581
:107B48006E004D6F6E00547565005765640054688B
:107B5800750046726900536174004A616E756172FE
:107B680079004665627275617279004D6172636869
:107B780000417072696C004D6179004A756E65004C
:107B88004A756C7900417567757374005365707434
:107B9800656D626572004F63746F626572004E6F47
:107BA80076656D62657200446563656D6265720035
:107BB8004A616E00466562004D6172004170720054
:107BC8004A756E004A756C00417567005365700010
:107BD8004F6374004E6F760044656300696F737479
:107BE8007265616D00696F73747265616D2065728D
:107BF800726F72004E537438696F735F6261736598
:107C0800376661696C7572654235637878313145DC
:107C1800002A4E31325F474C4F42414C5F5F4E5F06
:107C2800313137696F5F6572726F725F6361746556
:107C3800676F72794500537431335F5F696F735FA3
:107C48006661696C75726500537431395F5F696F7D
:107C5800736661696C5F747970655F696E666F00E1
:107C680067656E65726963004E5374335F563231CF
:107C7800346572726F725F63617465676F7279459C
:107C8800005374313273797374656D5F6572726F06
:107C980072002A4E31325F474C4F42414C5F5F4E73
:107CA8005F31323267656E657269635F6572726FE4
:107CB800725F63617465676F727945002A4E31326D
:107CC8005F474C4F42414C5F5F4E5F3132317379B1
:107CD8007374656D5F6572726F725F6361746567F7
:107CE8006F727945004E537438696F735F626173C0
:107CF80065376661696C7572654500002020202033
:107D08002020202020282828282820202020202043
:107D18002020202020202020202020208810101023
:107D2800101010101010101010101010040404047B
:107D380004040404040410101010101010414141F0
:107D4800414141010101010101010101010101015B
:107D580001010101010101101010101010424242EE
:107D6800424242020202020202020202020202022B
:107D7800020202020202021010101020000000008D
:107D880000000000000000000000000000000000EB
:107D980000000000000000000000000000000000DB
:107DA80000000000000000000000000000000000CB
:107DB80000000000000000000000000000000000BB
:107DC80000000000000000000000000000000000AB
:107DD800000000000000000000000000000000009B
:107DE800000000000000000000000000000000008B
:107DF80000000000000000000000000053756363ED
:107E0800657373004E6F74206F776E6572004E6FE6
:107E180020737563682066696C65206F72206469D9
:107E2800726563746F7279004E6F20737563682092
:107E380070726F6365737300496E746572727570E2
:107E48007465642073797374656D2063616C6C006C
:107E5800492F4F206572726F72004E6F20737563E1
:107E68006820646576696365206F72206164647256
:107E780065737300417267206C69737420746F6F47
:107E8800206C6F6E67004578656320666F726D6160
:107E980074206572726F7200536F636B6574206132
:107EA8006C726561647920636F6E6E656374656476
:107EB800004261642066696C65206E756D6265724A
:107EC800004E6F206368696C6472656E0044657368
:107ED80074696E6174696F6E20616464726573732E
:107EE800207265717569726564004E6F206D6F72DE
:107EF800652070726F636573736573004E6F7420CD
:107F0800656E6F7567682073706163650050657290
:107F18006D697373696F6E2064656E69656400428C
:107F28006164206164647265737300426C6F636B93
:107F38002064657669636520726571756972656428
:107F480000446576696365206F72207265736F758A
:107F580072636520627573790046696C652065787F
:107F6800697374730043726F73732D646576696304
:107F780065206C696E6B004E6F20737563682064B2
:107F88006576696365004E6F742061206469726567
:107F980063746F727900486F737420697320646F1B
:107FA800776E00436F6E6E656374696F6E20616CE7
:107FB800726561647920696E2070726F677265738B
:107FC800730049732061206469726563746F727904
:107FD80000496E76616C696420617267756D656EC3
:107FE80074004E6574776F726B20696E7465726683
:107FF800616365206973206E6F7420636F6E6669B4
:10800800677572656400436F6E6E656374696F6E41
:108018002061626F72746564206279206E6574777E
:108028006F726B00546F6F206D616E79206F706591
:108038006E2066696C657320696E20737973746548
:108048006D0046696C652064657363726970746F4E
:10805800722076616C756520746F6F206C61726731
:1080680065004E6F74206120636861726163746596
:108078007220646576696365005465787420666962
:108088006C6520627573790046696C6520746F6F42
:10809800206C6172676500486F737420697320757E
:1080A8006E726561636861626C65004E6F20737003
:1080B800616365206C656674206F6E2064657669FF
:1080C8006365004E6F7420737570706F72746564A9
:1080D80000496C6C6567616C207365656B0052655F
:1080E80061642D6F6E6C792066696C652073797395
:1080F80074656D00546F6F206D616E79206C696EC8
:108108006B730042726F6B656E2070697065004D0D
:10811800617468656D617469637320617267756DF8
:10812800656E74206F7574206F6620646F6D616969
:108138006E206F662066756E6374696F6E00526597
:1081480073756C7420746F6F206C61726765004E74
:108158006F206D657373616765206F662064657352
:10816800697265642074797065004964656E746924
:10817800666965722072656D6F76656400496C6C1E
:108188006567616C20627974652073657175656EC9
:10819800636500446561646C6F636B004E6574775A
:1081A8006F726B20697320756E72656163686162B6
:1081B8006C65004E6F206C6F636B004E6F742061AE
:1081C8002073747265616D0053747265616D206906
:1081D8006F63746C2074696D656F7574004E6F20E1
:1081E80073747265616D207265736F757263657300
:1081F800004D616368696E65206973206E6F742035
:108208006F6E20746865206E6574776F726B004EB0
:108218006F207061636B616765005265736F75727B
:1082280063652069732072656D6F746500566972A5
:108238007475616C20636972637569742069732051
:10824800676F6E6500416476657274697365206551
:1082580072726F720053726D6F756E7420657272F0
:108268006F7200436F6D6D756E69636174696F6ECF
:10827800206572726F720050726F746F636F6C203A
:108288006572726F7200556E6B6E6F776E207072CA
:108298006F746F636F6C004D756C7469686F7020D4
:1082A800617474656D7074656400426164206D6505
:1082B80073736167650043616E6E6F7420616363F9
:1082C8006573732061206E656564656420736861F9
:1082D800726564206C6962726172790041636365DA
:1082E8007373696E67206120636F7272757074654D
:1082F8006420736861726564206C69627261727966
:10830800002E6C69622073656374696F6E20696EF4
:1083180020612E6F757420636F7272757074656456
:1083280000417474656D7074696E6720746F206C99
:10833800696E6B20696E206D6F726520736861725B
:108348006564206C69627261726965732074686122
:108358006E2073797374656D206C696D6974004360
:10836800616E6E6F74206578656320612073686143
:10837800726564206C6962726172792064697265E1
:1083880063746C790046756E6374696F6E206E6FE6
:108398007420696D706C656D656E74656400446900
:1083A800726563746F7279206E6F7420656D707476
:1083B800790046696C65206F722070617468206E60
:1083C800616D6520746F6F206C6F6E6700546F6FFE
:1083D800206D616E792073796D626F6C6963206CB2
:1083E800696E6B73004E6F206275666665722073E6
:1083F8007061636520617661696C61626C65004ECD
:108408006F206461746100416464726573732066EF
:10841800616D696C79206E6F7420737570706F72FE
:108428007465642062792070726F746F636F6C205A
:1084380066616D696C790050726F746F636F6C2040
:1084480077726F6E67207479706520666F7220731B
:108458006F636B657400536F636B6574206F706531
:10846800726174696F6E206F6E206E6F6E2D736F00
:10847800636B65740050726F746F636F6C206E6FFE
:108488007420617661696C61626C650043616E2776
:10849800742073656E6420616674657220736F63FF
:1084A8006B65742073687574646F776E00436F6EC4
:1084B8006E656374696F6E207265667573656400B6
:1084C800436F6E6E656374696F6E20726573657451
:1084D8002062792070656572004164647265737307
:1084E80020616C726561647920696E20757365001E
:1084F80041646472657373206E6F7420617661697C
:108508006C61626C6500536F667477617265206395
:10851800617573656420636F6E6E656374696F6EF1
:108528002061626F727400536F636B6574206973A6
:10853800206E6F7420636F6E6E656374656400539C
:108548006F636B65742074797065206E6F74207327
:108558007570706F7274656400536F636B65742017
:10856800697320616C726561647920636F6E6E65F2
:1085780063746564004F7065726174696F6E20631F
:10858800616E63656C6564005374617465206E6F19
:1085980074207265636F76657261626C65005072F3
:1085A8006576696F7573206F776E6572206469658B
:1085B800640053747265616D73207069706520651D
:1085C80072726F72004F7065726174696F6E206E9F
:1085D8006F7420737570706F72746564206F6E208D
:1085E800736F636B65740056616C756520746F6F8B
:1085F800206C6172676520666F7220646566696EBB
:10860800656420646174612074797065004D6573D8
:108618007361676520746F6F206C6F6E6700436FBE
:108628006E6E656374696F6E2074696D6564206F22
:108638007574002573252E2A6400257325302E2A8B
:1086480064002B002D0025326400252E32642F256E
:108658002E32642F252E326400256C7500592D2585
:108668006D2D2564002E2A7500252E336400252ED5
:10867800316400256C6C6400252E32643A252E3254
:10868800643A252E32640025652D25622D250025A6
:108698002B30336C64252E326C6400545A0025311B
:1086A800315B2D2B302D39412D5A612D7A5D256E88
:1086B800002531315B412D5A612D7A5D256E004DC3
:1086C800256875256E2E256875256E2E25687525F5
:1086D8006E002F256875256E3A256875256E3A2532
:1086E8006875256E00504F53495800256120256252
:1086F8002025652025483A254D3A2553202559003F
:1087080025612025622025652025483A254D3A25F2
:108718005320255A202559006D6400616E006E664D
:10872800696E69747900616E006E66696E69747944
:10873800002A666C6F61742A006364696E6F7073D7
:108748007578585B001F1C1F1E1F1E1F1F1E1F1E33
:108758001F1F1D1F1E1F1E1F1F1E1F1E1F00000084
:10876800000000000000000000000000008002403F
:1087780000000000010000000000000000000000F0
:1087880000000000000000000000000000000000E1
:1087980000000000000000000000000000000000D1
:1087A80000000000000000000000000000000000C1
:1087B80000000000000000000000000000000000B1
:1087C80000000000000000000000000000000000A1
:1087D8000000000000000000000000000000000091
:1087E8000000000000000000000000000000000081
:1087F8000000000000000000000000000000000071
:108808000000000000000000000000000000000060
:108818000000000000000000000000000000000050
:108828000000000000000000000000000000000040
:108838000000000000000000000000000000000030
:108848000000000000000000000000000000000020
:108858000000000000000000000000000000000010
:108868000000000000000000000000000000000000
:1088780000000000000000000000000000000000F0
:1088880000000000000000000000000000000000E0
:1088980000000000000000000000000000000000D0
:1088A80000000000000000000000000000000000C0
:1088B80000000000000000000000000000000000B0
:1088C80000000000000000000000000000000000A0
:1088D8000000000000000000000000000000000090
:1088E8000000000000000000000000000000000080
:1088F8000000000000000000000000000000000070
:10890800000000000000000000000000000000005F
:10891800000000000000000000000000000000004F
:10892800000000000000000000000000000000003F
:10893800000000000000000000000000000000002F
:10894800000000000000000000000000000000001F
:10895800000000000000000000000000000000000F
:1089680000000000000000000000000000000000FF
:1089780000000000000000000000000000000000EF
:1089880000000000000000000000000000000000DF
:1089980000000000000000000000000000000000CF
:1089A80000000000000000000000000000000000BF
:1089B80000000000000000000000000000000000AF
:1089C800000000000000000000000000000000009F
:1089D800000000000000000000000000000000008F
:1089E800000000000000000000000000000000007F
:1089F800000000000000000000000000000000006F
:108A0800000000000000000000000000000000005E
:108A1800000000000000000000000000000000004E
:108A2800000000000000000000000000000000003E
:108A3800000000000000000000000000000000002E
:108A4800000000000000000000000000000000001E
:108A5800000000000000000000000000000000000E
:108A680000000000000000000000000000000000FE
:108A780000000000000000000000000000000000EE
:108A880000000000000000000000000000000000DE
:108A980000000000000000000000000000000000CE
:108AA80000000000000000000000000000000000BE
:108AB80000000000000000000000000000000000AE
:108AC800000000000000000000000000000000009E
:108AD800000000000000000000000000000000008E
:108AE800000000000000000000000000000000007E
:108AF800000000000000000000000000000000006E
:108B0800000000000000000000000000000000005D
:108B1800000000000000000000000000000000004D
:108B2800000000000000000000000000000000003D
:108B3800000000000000000000000000000000002D
:108B4800000000000000000000000000000000001D
:108B5800000000000000000000000000000000000D
:108B680000000000000000000000000000000000FD
:108B780000000000000000000000000000000000ED
:108B880000000000000000000000000000000000DD
:108B980000000000000000000000000000000000CD
:108BA80000000000000000000000000000000000BD
:108BB80000000000000000000000000000000000AD
:108BC800000000000000000000000000000000009D
:108BD800000000000000000000000000000000008D
:108BE800000000000000000000000000000000007D
:108BF800000000000000000000000000000000006D
:108C0800000000000000000000000000000000005C
:108C1800000000000000000000000000000000004C
:108C2800000000000000000000000000000000003C
:108C3800000000000000000000000000000000002C
:108C4800000000000000000000000000000000001C
:108C5800000000000000000000000000000000000C
:108C680000000000000000000000000000000000FC
:108C780000000000000000000000000000000000EC
:108C880000000000000000000000000000000000DC
:108C980000000000000000000000000000000000CC
:108CA80000000000000000000000000000000000BC
:108CB80000000000000000000000000000000000AC
:108CC800000000000000000000000000000000009C
:108CD800000000000000000000000000000000008C
:108CE800000000000000000000000000000000007C
:108CF800000000000000000000000000000000006C
:108D0800000000000000000000000000000000005B
:108D1800000000000000000000000000000000004B
:108D2800000000000000000000000000000000003B
:108D3800000000000000000000000000000000002B
:108D4800000000000000000000000000000000001B
:108D5800000000000000000000000000000000000B
:108D680000000000000000000000000000000000FB
:108D780000000000000000000000000000000000EB
:108D880000000000000000000000000000000000DB
:108D980000000000000000000000000000000000CB
:108DA80000000000000000000000000000000000BB
:108DB80000000000000000000000000000000000AB
:108DC800000000000000000000000000000000009B
:108DD800000000000000000000000000000000008B
:108DE800000000000000000000000000000000007B
:108DF800000000000000000000000000000000006B
:108E0800000000000000000000000000000000005A
:108E1800000000000000000000000000000000004A
:108E2800000000000000000000000000000000003A
:108E3800000000000000000000000000000000002A
:108E4800000000000000000000000000000000001A
:108E5800000000000000000000000000000000000A
:108E680000000000000000000000000000000000FA
:108E780000000000000000000000000000000000EA
:108E880000000000000000000000000000000000DA
:108E980000000000000000000000000000000000CA
:108EA80000000000000000000000000000000000BA
:108EB80000000000000000000000000000000000AA
:108EC800000000000000000000000000000000009A
:108ED800000000000000000000000000000000008A
:108EE800000000000000000000000000000000007A
:108EF800000000000000000000000000000000006A
:108F08000000000000000000000000000000000059
:108F18000000000000000000000000000000000049
:108F28000000000000000000000000000000000039
:108F38000000000000000000000000000000000029
:108F48000000000000000000000000000000000019
:108F58000000000000000000000000000000000009
:108F680000000000000000000000000000000000F9
:108F7800017F010800000000000000000000000060
:108F88002008002420080024FF280308000000000F
:108F980000000000000000000000000000000000C9
:108FA80040080024400800240000000001000000E0
:108FB80050080024500800245808002458080024A9
:108FC8000000000001000000680800246808002470
:108FD8000000000000000000000000000000000089
:108FE8000000000000000000000000000000000079
:108FF8000000000000000000000000000000000069
:109008000000000000000000000000000000000058
:109018000000000000000000F01404080000000038
:109028000000000000000000C8080024C808002450
:109038000100000001000000D8080024D80800241E
:109048000000000000000000000000000000000018
:109058000000000000000000000000000000000008
:1090680000000000000000000000000000000000F8
:1090780000000000000000000000000000000000E8
:1090880000000000000000000000000000000000D8
:1090980000000000000000000000000000000000C8
:1090A8000000000000000000701F04087FC10208D3
:1090B8000000000028200408010000005C090024CA
:1090C8005C09002400000000000000000E00000001
:1090D800700900247009002400000000000000004E
:1090E8000000000028200408010000008C0900246A
:1090F8008C09002400000000000000000E000000A1
:10910800A0090024A00900240000000000000000BD
:10911800000000002820040801000000BC09002409
:10912800BC09002400000000000000000E00000040
:10913800D0090024D009002400000000000000002D
:109148000000000000000000000000000000000017
:109158000000000000000000000000000000000007
:1091680000000000000000000000000000000000F7
:1091780000000000000000000000000000000000E7
:1091880000000000000000000000000000000000D7
:1091980000000000000000000000000000000000C7
:1091A80000000000000000000000000000000000B7
:1091B80000000000000000000000000000000000A7
:1091C8000000000000000000000000000000000097
:1091D8000000000000000000000000000000000087
:1091E8000000000000000000000000000000000077
:1091F8000000000000000000000000000000000067
:109208000000000000000000000000000000000056
:109218000000000000000000000000000000000046
:109228000000000000000000000000000000000036
:109238000000000000000000000000000000000026
:109248000000000000000000000000000000000016
:109258000000000000000000000000000000000006
:1092680000000000000000000000000000000000F6
:1092780000000000000000000000000000000000E6
:1092880000000000000000000000000000000000D6
:1092980000000000000000000000000000000000C6
:1092A80000000000000000000000000000000000B6
:1092B80000000000000000000000000000000000A6
:1092C8000000000000000000000000000000000096
:1092D8000000000000000000000000000000000086
:1092E8000000000000000000000000000000000076
:1092F8000000000000000000000000000000000066
:109308000000000000000000000000000000000055
:109318000000000000000000000000000000000045
:109328000000000000000000000000000000000035
:109338000000000000000000000000000000000025
:109348000000000000000000000000000000000015
:109358000000000000000000000000000000000005
:1093680000000000000000000000000000000000F5
:1093780000000000000000000000000000000000E5
:1093880000000000000000000000000000000000D5
:1093980000000000000000000000000000000000C5
:1093A80000000000000000000000000000000000B5
:1093B800FDC60208C82004080000000000000000E4
:1093C8004BCA020800000000000000006C0C0024DA
:1093D8006C0C002400000000000000000E000000DB
:1093E800800C0024800C0024880C0024880C0024A5
:1093F800900C0024900C00240000000055A00008E8
:109408000000000000000000B40C0024810E0308D6
:109418000800000000FF40000000000000000000FD
:109428005B0D0308000000000000000000000000C1
:109438000000000000000000000000000000000024
:109448000000000000000000000000000000000014
:109458000000000000000000000000000000000004
:109468000000000000FF40000000000000000000B5
:109478005B0D030800000000000000000000000071
:1094880000000000000000000000000000000000D4
:1094980000000000000000000000000000000000C4
:1094A80000000000000000000000000000000000B4
:1094B8000000000000FF4000000000000000000065
:1094C8005B0D030800000000000000000000000021
:1094D8000000000000000000000000000000000084
:1094E8000000000000000000000000000000000074
:1094F8000000000000000000000000000000000064
:109508000000000000FF4000000000000000000014
:109518005B0D0308000000000000000000000000D0
:109528000000000000000000000000000000000033
:109538000000000000000000000000000000000023
:109548000000000000000000000000000000000013
:109558000000000000FF40000000000000000000C4
:109568005B0D030800000000000000000000000080
:1095780000000000000000000000000000000000E3
:1095880000000000000000000000000000000000D3
:1095980000000000000000000000000000000000C3
:1095A8000000000000FF4000000000000000000074
:1095B8005B0D030800000000000000000000000030
:1095C8000000000000000000000000000000000093
:1095D8000000000000000000000000000000000083
:1095E8000000000000000000000000000000000073
:1095F8000000000000FF4000000000000000000024
:109608005B0D0308000000000000000000000000DF
:109618000000000000000000000000000000000042
:109628000000000000000000000000000000000032
:109638000000000000000000000000000000000022
:109648000000000000FF40000000000000000000D3
:109658005B0D03080000000000000000000000008F
:1096680000000000000000000000000000000000F2
:1096780000000000000000000000000000000000E2
:1096880000000000000000000000000000000000D2
:1096980000000000400F00240F1A03080800000013
:1096A80000FF34000000000000000000111A030849
:1096B80000000000000000000000000000000000A2
:1096C8000000000000000000000000000000000092
:1096D8000000000000000000000000000000000082
:1096E8000000000000FF340000000000000000003F
:1096F800111A03080000000000000000000000002C
:109708000000000000000000000000000000000051
:109718000000000000000000000000000000000041
:10972800000000000000000000FF340000000000FE
:1097380000000000111A03080000000000000000EB
:109748000000000000000000000000000000000011
:109758000000000000000000000000000000000001
:1097680000000000000000000000000000FF3400BE
:109778000000000000000000111A030800000000AB
:1097880000000000000000000000000000000000D1
:1097980000000000000000000000000000000000C1
:1097A80000000000000000000000000000000000B1
:1097B80000FF34000000000000000000111A030838
:1097C8000000000000000000000000000000000091
:1097D8000000000000000000000000000000000081
:1097E8000000000000000000000000000000000071
:1097F8000000000000FF340000000000000000002E
:10980800111A03080000000000000000000000001A
:109818000000000000000000000000000000000040
:109828000000000000000000000000000000000030
:10983800000000000000000000FF340000000000ED
:1098480000000000111A03080000000000000000DA
:109858000000000000000000000000000000000000
:1098680000000000000000000000000000000000F0
:1098780000000000000000000000000000FF3400AD
:109888000000000000000000111A0308000000009A
:1098980000000000000000000000000000000000C0
:1098A80000000000000000000000000000000000B0
:1098B80000000000000000000000000000000000A0
:1098C80000FF08000000000000000000A3190308C2
:1098D800000000000000000000FF08000000000079
:1098E80000000000A31903080000000000000000A9
:1098F80000FF08000000000000000000A319030892
:10990800000000000000000000FF08000000000048
:1099180000000000A3190308000000000000000078
:1099280000FF08000000000000000000A319030861
:10993800000000000000000000FF08000000000018
:1099480000000000A3190308000000000000000048
:1099580000FF08000000000000000000A319030831
:10996800000000000000000000FF080000000000E8
:1099780000000000A3190308000000000000000018
:10998800001802480000000000000000000000006D
:1099980000000000000000000000000000000000BF
:1099A80000000000000000000000000000000000AF
:1099B800000000000000000000000000000000009F
:1099C800000000000000000000000000000000008F
:1099D800000000000000000000000000000000007F
:1099E80000000000000000000000000090120024A9
:1099F800DC0000004000000000250408D80000003A
:109A080000800000000000000000000000000000CE
:109A1800000000000000000000000000008002407C
:109A2800000000000000000000000000000000002E
:109A3800000000000000000000000000000000001E
:109A4800000000000000000000000000000000000E
:109A580000000000000000000000000000000000FE
:109A680000000000000000000000000000000000EE
:109A780000000000000000000000000000000000DE
:109A880000000000000000000000000000000000CE
:109A980000000000000000000000000000000000BE
:109AA80000000000000000000000000000000000AE
:109AB800000000000000000000000000000000009E
:109AC800000000000000000000000000000000008E
:109AD8007413002400C2010000010300000000000C
:109AE8008413002400C20100000103000090D00389
:109AF8000090D003C8000000981300249813002495
:109B0800A0130024A01300243D6A03080BE10308F6
:109B1800207A0408457A0408607A04086C7A0408F4
:109B2800707A0408747A0408797A04087D7A04083B
:109B3800817A0408857A0408897A04088D7A0408E9
:109B4800917A0408957A0408997A0408817A0408B5
:109B58009D7A0408944B0408644C04083C4C04089F
:109B6800155800086C7A04086C7A0408FF00FF0096
:109B7800FF00FF00FF00FF00FF00FF00FF00FF00E5
:0E9B8800FF00FF00FF00FF00FF00FF00FF01D5
:109B960000000000000000000000000000000000BF
:109BA60000000000000000000000000000000000AF
:0E9BB6000000000000000000000000000000A1
:109BC4000000000000000000000000000000000091
:109BD4000000000000000000000000000000000081
:109BE4000000000000000000000000000000000071
:109BF4000000000000000000000000000000000061
:049C0400000000005C
:049C08000000000058
:109C0C00A4140024A41400240000000068290324D8
:109C1C0000000000100000004400000000000000E4
:109C2C00C4140024C414002400000000A82D032434
:109C3C0000000000060000005802000000000000B8
:109C4C00E4140024E414002400000000282503245C
:109C5C0000000000100000004400000000000000A4
:109C6C000000000000FE00240000020000000000C4
:089C7C000000000000000000E0
:109C84001C1500241C150024000000000000000026
:109C94000E000000301500243015002400000000E0
:109CA400000000000E0000004415002444150024A8
:109CB40000000000000000000E0000005815002401
:109CC4005815002400000000000000000E000000F1
:109CD4006C1500246C150024000000000000000036
:109CE4000E000000801500248015002400000000F0
:109CF400000000000E0000009415002494150024B8
:109D040000000000000000000E000000A815002460
:109D1400A815002400000000000000000E00000050
:109D2400BC150024BC150024000000000000000045
:049D34000E0000001D
:109D3800D0150024D0150024000000000800000001
:109D48000500000000FE022428FE022400FE022472
:109D580000FE022400000000F8150024F815002475
:049D680000000000F7
:109D6C00041600240416002400000000FFFFFFFF6F
:109D7C0014160024141600241C1600241C1600248F
:109D8C0001000000010000002C1600242C160024F9
:109D9C0034160024341600240000000001000000DA
:109DAC0044160024441600244C1600244C1600249F
:109DBC0001000000010000005C1600245C16002469
:109DCC00641600246416002400000000010000004A
:089DDC00741600247416002423
:109DE40000000000000000000000000088160024AD
:109DF40088160024901600249016002400002000E9
:109E04002000040000000000A4210408A821032469
:109E1400000000000000000000000000B81600244C
:109E2400B8160024C0160024C01600240000200028
:109E3400200004000000000094210408280E0324DC
:109E440020170024000000000000000000000000B3
:109E540000000000000000000000000000000000FE
:109E640000000000000000000000000000000000EE
:109E740000000000000000000000000000000000DE
:049E840000000000DA
:109E8800301504083C170024245400240002000064
:0C9E98000000000000000000DC050000DD
:109EA400D97400089576000883CE020879CE02089A
:049EB40000000000AA
:049EB80015E015E0BC
:04000005080051D9C5
:00000001FF
